<?xml version="1.0" encoding="UTF-8"?>
<gpx creator="StravaGPX" version="1.1" xmlns="http://www.topografix.com/GPX/1/1" xmlns:xsi="http://www.w3.org/2001/XMLSchema-instance" xsi:schemaLocation="http://www.topografix.com/GPX/1/1 http://www.topografix.com/GPX/1/1/gpx.xsd">
 <trk>
  <name>Nordmarka High 5 - 9:39:33 FKT</name>
  <type>running</type>
  <trkseg>
   <trkpt lat="59.9772090" lon="10.6779230">
    <ele>427.4</ele>
   </trkpt>
   <trkpt lat="59.9772120" lon="10.6779640">
    <ele>427.3</ele>
   </trkpt>
   <trkpt lat="59.9772110" lon="10.6780060">
    <ele>427.2</ele>
   </trkpt>
   <trkpt lat="59.9772050" lon="10.6780730">
    <ele>427.0</ele>
   </trkpt>
   <trkpt lat="59.9772050" lon="10.6781450">
    <ele>426.8</ele>
   </trkpt>
   <trkpt lat="59.9772050" lon="10.6782210">
    <ele>426.6</ele>
   </trkpt>
   <trkpt lat="59.9772070" lon="10.6782980">
    <ele>426.4</ele>
   </trkpt>
   <trkpt lat="59.9772080" lon="10.6783770">
    <ele>426.1</ele>
   </trkpt>
   <trkpt lat="59.9772120" lon="10.6784550">
    <ele>425.8</ele>
   </trkpt>
   <trkpt lat="59.9772210" lon="10.6785310">
    <ele>425.5</ele>
   </trkpt>
   <trkpt lat="59.9772290" lon="10.6786080">
    <ele>425.2</ele>
   </trkpt>
   <trkpt lat="59.9772390" lon="10.6786850">
    <ele>424.9</ele>
   </trkpt>
   <trkpt lat="59.9772720" lon="10.6789070">
    <ele>424.0</ele>
   </trkpt>
   <trkpt lat="59.9772900" lon="10.6790660">
    <ele>423.4</ele>
   </trkpt>
   <trkpt lat="59.9773120" lon="10.6792210">
    <ele>422.9</ele>
   </trkpt>
   <trkpt lat="59.9773240" lon="10.6795930">
    <ele>422.3</ele>
   </trkpt>
   <trkpt lat="59.9773290" lon="10.6796630">
    <ele>422.2</ele>
   </trkpt>
   <trkpt lat="59.9773660" lon="10.6800420">
    <ele>422.6</ele>
   </trkpt>
   <trkpt lat="59.9773740" lon="10.6800950">
    <ele>422.7</ele>
   </trkpt>
   <trkpt lat="59.9774170" lon="10.6803180">
    <ele>423.1</ele>
   </trkpt>
   <trkpt lat="59.9774360" lon="10.6803620">
    <ele>423.2</ele>
   </trkpt>
   <trkpt lat="59.9774540" lon="10.6804050">
    <ele>423.7</ele>
   </trkpt>
   <trkpt lat="59.9774740" lon="10.6804440">
    <ele>424.0</ele>
   </trkpt>
   <trkpt lat="59.9775350" lon="10.6805270">
    <ele>424.9</ele>
   </trkpt>
   <trkpt lat="59.9775890" lon="10.6805290">
    <ele>425.6</ele>
   </trkpt>
   <trkpt lat="59.9776430" lon="10.6805250">
    <ele>426.3</ele>
   </trkpt>
   <trkpt lat="59.9776940" lon="10.6805200">
    <ele>426.9</ele>
   </trkpt>
   <trkpt lat="59.9777440" lon="10.6805170">
    <ele>427.6</ele>
   </trkpt>
   <trkpt lat="59.9778100" lon="10.6805150">
    <ele>428.4</ele>
   </trkpt>
   <trkpt lat="59.9778310" lon="10.6805070">
    <ele>428.7</ele>
   </trkpt>
   <trkpt lat="59.9778740" lon="10.6805090">
    <ele>429.2</ele>
   </trkpt>
   <trkpt lat="59.9780110" lon="10.6804910">
    <ele>430.2</ele>
   </trkpt>
   <trkpt lat="59.9780370" lon="10.6804940">
    <ele>430.4</ele>
   </trkpt>
   <trkpt lat="59.9781790" lon="10.6805230">
    <ele>431.2</ele>
   </trkpt>
   <trkpt lat="59.9782010" lon="10.6805290">
    <ele>431.4</ele>
   </trkpt>
   <trkpt lat="59.9782260" lon="10.6805260">
    <ele>431.5</ele>
   </trkpt>
   <trkpt lat="59.9782990" lon="10.6804880">
    <ele>431.9</ele>
   </trkpt>
   <trkpt lat="59.9783520" lon="10.6804670">
    <ele>432.1</ele>
   </trkpt>
   <trkpt lat="59.9783810" lon="10.6804620">
    <ele>432.2</ele>
   </trkpt>
   <trkpt lat="59.9784100" lon="10.6804600">
    <ele>432.3</ele>
   </trkpt>
   <trkpt lat="59.9784690" lon="10.6804570">
    <ele>432.6</ele>
   </trkpt>
   <trkpt lat="59.9785850" lon="10.6804690">
    <ele>433.1</ele>
   </trkpt>
   <trkpt lat="59.9786100" lon="10.6804750">
    <ele>433.2</ele>
   </trkpt>
   <trkpt lat="59.9786610" lon="10.6804870">
    <ele>433.5</ele>
   </trkpt>
   <trkpt lat="59.9787420" lon="10.6805230">
    <ele>434.3</ele>
   </trkpt>
   <trkpt lat="59.9787720" lon="10.6805270">
    <ele>434.6</ele>
   </trkpt>
   <trkpt lat="59.9788750" lon="10.6805160">
    <ele>436.0</ele>
   </trkpt>
   <trkpt lat="59.9789180" lon="10.6805030">
    <ele>436.5</ele>
   </trkpt>
   <trkpt lat="59.9789590" lon="10.6804730">
    <ele>436.8</ele>
   </trkpt>
   <trkpt lat="59.9790030" lon="10.6804190">
    <ele>437.4</ele>
   </trkpt>
   <trkpt lat="59.9790660" lon="10.6803650">
    <ele>438.0</ele>
   </trkpt>
   <trkpt lat="59.9790830" lon="10.6803560">
    <ele>438.1</ele>
   </trkpt>
   <trkpt lat="59.9791550" lon="10.6803890">
    <ele>438.7</ele>
   </trkpt>
   <trkpt lat="59.9791670" lon="10.6804020">
    <ele>438.8</ele>
   </trkpt>
   <trkpt lat="59.9792670" lon="10.6804810">
    <ele>439.6</ele>
   </trkpt>
   <trkpt lat="59.9793920" lon="10.6806260">
    <ele>440.6</ele>
   </trkpt>
   <trkpt lat="59.9795270" lon="10.6806820">
    <ele>441.6</ele>
   </trkpt>
   <trkpt lat="59.9795560" lon="10.6806900">
    <ele>441.9</ele>
   </trkpt>
   <trkpt lat="59.9796300" lon="10.6807250">
    <ele>442.8</ele>
   </trkpt>
   <trkpt lat="59.9796530" lon="10.6807320">
    <ele>443.1</ele>
   </trkpt>
   <trkpt lat="59.9796800" lon="10.6807330">
    <ele>443.5</ele>
   </trkpt>
   <trkpt lat="59.9797760" lon="10.6807300">
    <ele>444.8</ele>
   </trkpt>
   <trkpt lat="59.9798190" lon="10.6807250">
    <ele>445.5</ele>
   </trkpt>
   <trkpt lat="59.9798420" lon="10.6807180">
    <ele>445.8</ele>
   </trkpt>
   <trkpt lat="59.9799460" lon="10.6806870">
    <ele>447.1</ele>
   </trkpt>
   <trkpt lat="59.9799640" lon="10.6806780">
    <ele>447.3</ele>
   </trkpt>
   <trkpt lat="59.9800250" lon="10.6806470">
    <ele>448.0</ele>
   </trkpt>
   <trkpt lat="59.9800440" lon="10.6806390">
    <ele>448.2</ele>
   </trkpt>
   <trkpt lat="59.9801470" lon="10.6805560">
    <ele>449.1</ele>
   </trkpt>
   <trkpt lat="59.9801940" lon="10.6805020">
    <ele>449.4</ele>
   </trkpt>
   <trkpt lat="59.9802560" lon="10.6804470">
    <ele>449.8</ele>
   </trkpt>
   <trkpt lat="59.9803150" lon="10.6803670">
    <ele>450.3</ele>
   </trkpt>
   <trkpt lat="59.9803850" lon="10.6802830">
    <ele>450.8</ele>
   </trkpt>
   <trkpt lat="59.9804580" lon="10.6801980">
    <ele>451.5</ele>
   </trkpt>
   <trkpt lat="59.9805150" lon="10.6800810">
    <ele>452.5</ele>
   </trkpt>
   <trkpt lat="59.9805290" lon="10.6800590">
    <ele>452.8</ele>
   </trkpt>
   <trkpt lat="59.9805600" lon="10.6800190">
    <ele>453.3</ele>
   </trkpt>
   <trkpt lat="59.9805750" lon="10.6800000">
    <ele>453.6</ele>
   </trkpt>
   <trkpt lat="59.9806040" lon="10.6799800">
    <ele>454.1</ele>
   </trkpt>
   <trkpt lat="59.9806190" lon="10.6799760">
    <ele>454.4</ele>
   </trkpt>
   <trkpt lat="59.9806430" lon="10.6799670">
    <ele>454.8</ele>
   </trkpt>
   <trkpt lat="59.9807340" lon="10.6799600">
    <ele>456.5</ele>
   </trkpt>
   <trkpt lat="59.9807630" lon="10.6799470">
    <ele>457.1</ele>
   </trkpt>
   <trkpt lat="59.9808530" lon="10.6799150">
    <ele>458.8</ele>
   </trkpt>
   <trkpt lat="59.9808860" lon="10.6798890">
    <ele>459.5</ele>
   </trkpt>
   <trkpt lat="59.9809330" lon="10.6798520">
    <ele>460.5</ele>
   </trkpt>
   <trkpt lat="59.9809640" lon="10.6798120">
    <ele>461.2</ele>
   </trkpt>
   <trkpt lat="59.9809930" lon="10.6797940">
    <ele>461.7</ele>
   </trkpt>
   <trkpt lat="59.9810130" lon="10.6797680">
    <ele>462.1</ele>
   </trkpt>
   <trkpt lat="59.9810310" lon="10.6797620">
    <ele>462.3</ele>
   </trkpt>
   <trkpt lat="59.9810480" lon="10.6797540">
    <ele>462.6</ele>
   </trkpt>
   <trkpt lat="59.9811410" lon="10.6796700">
    <ele>463.8</ele>
   </trkpt>
   <trkpt lat="59.9812790" lon="10.6795230">
    <ele>465.0</ele>
   </trkpt>
   <trkpt lat="59.9814170" lon="10.6792920">
    <ele>466.3</ele>
   </trkpt>
   <trkpt lat="59.9815360" lon="10.6790450">
    <ele>467.3</ele>
   </trkpt>
   <trkpt lat="59.9816640" lon="10.6787800">
    <ele>467.8</ele>
   </trkpt>
   <trkpt lat="59.9816890" lon="10.6787420">
    <ele>467.9</ele>
   </trkpt>
   <trkpt lat="59.9817810" lon="10.6786320">
    <ele>468.3</ele>
   </trkpt>
   <trkpt lat="59.9818150" lon="10.6785740">
    <ele>468.3</ele>
   </trkpt>
   <trkpt lat="59.9819060" lon="10.6785470">
    <ele>468.5</ele>
   </trkpt>
   <trkpt lat="59.9820730" lon="10.6784920">
    <ele>468.8</ele>
   </trkpt>
   <trkpt lat="59.9822380" lon="10.6784640">
    <ele>469.1</ele>
   </trkpt>
   <trkpt lat="59.9823210" lon="10.6784390">
    <ele>469.3</ele>
   </trkpt>
   <trkpt lat="59.9824000" lon="10.6784180">
    <ele>469.5</ele>
   </trkpt>
   <trkpt lat="59.9825780" lon="10.6783540">
    <ele>470.1</ele>
   </trkpt>
   <trkpt lat="59.9826120" lon="10.6783370">
    <ele>470.3</ele>
   </trkpt>
   <trkpt lat="59.9826470" lon="10.6783210">
    <ele>470.6</ele>
   </trkpt>
   <trkpt lat="59.9827490" lon="10.6782450">
    <ele>471.7</ele>
   </trkpt>
   <trkpt lat="59.9829020" lon="10.6781010">
    <ele>473.8</ele>
   </trkpt>
   <trkpt lat="59.9829390" lon="10.6780550">
    <ele>474.3</ele>
   </trkpt>
   <trkpt lat="59.9829970" lon="10.6779990">
    <ele>475.0</ele>
   </trkpt>
   <trkpt lat="59.9831260" lon="10.6779660">
    <ele>475.9</ele>
   </trkpt>
   <trkpt lat="59.9832800" lon="10.6780800">
    <ele>475.8</ele>
   </trkpt>
   <trkpt lat="59.9834180" lon="10.6781550">
    <ele>475.7</ele>
   </trkpt>
   <trkpt lat="59.9834890" lon="10.6781880">
    <ele>475.8</ele>
   </trkpt>
   <trkpt lat="59.9836430" lon="10.6782930">
    <ele>475.9</ele>
   </trkpt>
   <trkpt lat="59.9837610" lon="10.6783760">
    <ele>476.0</ele>
   </trkpt>
   <trkpt lat="59.9838260" lon="10.6784270">
    <ele>476.1</ele>
   </trkpt>
   <trkpt lat="59.9840120" lon="10.6785360">
    <ele>476.2</ele>
   </trkpt>
   <trkpt lat="59.9840470" lon="10.6785430">
    <ele>476.3</ele>
   </trkpt>
   <trkpt lat="59.9842010" lon="10.6785960">
    <ele>476.6</ele>
   </trkpt>
   <trkpt lat="59.9842290" lon="10.6785980">
    <ele>476.7</ele>
   </trkpt>
   <trkpt lat="59.9844260" lon="10.6786030">
    <ele>476.8</ele>
   </trkpt>
   <trkpt lat="59.9845020" lon="10.6785660">
    <ele>476.8</ele>
   </trkpt>
   <trkpt lat="59.9845530" lon="10.6785510">
    <ele>476.8</ele>
   </trkpt>
   <trkpt lat="59.9847230" lon="10.6785490">
    <ele>476.7</ele>
   </trkpt>
   <trkpt lat="59.9848420" lon="10.6785370">
    <ele>476.5</ele>
   </trkpt>
   <trkpt lat="59.9849410" lon="10.6785570">
    <ele>476.5</ele>
   </trkpt>
   <trkpt lat="59.9851040" lon="10.6786630">
    <ele>476.6</ele>
   </trkpt>
   <trkpt lat="59.9851870" lon="10.6787340">
    <ele>476.8</ele>
   </trkpt>
   <trkpt lat="59.9852690" lon="10.6788260">
    <ele>477.0</ele>
   </trkpt>
   <trkpt lat="59.9854290" lon="10.6790140">
    <ele>477.5</ele>
   </trkpt>
   <trkpt lat="59.9855250" lon="10.6790870">
    <ele>477.7</ele>
   </trkpt>
   <trkpt lat="59.9856210" lon="10.6791440">
    <ele>477.8</ele>
   </trkpt>
   <trkpt lat="59.9858020" lon="10.6792610">
    <ele>477.8</ele>
   </trkpt>
   <trkpt lat="59.9858760" lon="10.6793540">
    <ele>477.8</ele>
   </trkpt>
   <trkpt lat="59.9859220" lon="10.6794270">
    <ele>477.7</ele>
   </trkpt>
   <trkpt lat="59.9860740" lon="10.6796840">
    <ele>477.4</ele>
   </trkpt>
   <trkpt lat="59.9860990" lon="10.6797250">
    <ele>477.4</ele>
   </trkpt>
   <trkpt lat="59.9861940" lon="10.6798790">
    <ele>476.9</ele>
   </trkpt>
   <trkpt lat="59.9862190" lon="10.6799050">
    <ele>476.8</ele>
   </trkpt>
   <trkpt lat="59.9863770" lon="10.6800660">
    <ele>474.6</ele>
   </trkpt>
   <trkpt lat="59.9865100" lon="10.6803210">
    <ele>471.6</ele>
   </trkpt>
   <trkpt lat="59.9865280" lon="10.6803690">
    <ele>471.1</ele>
   </trkpt>
   <trkpt lat="59.9866400" lon="10.6805570">
    <ele>468.7</ele>
   </trkpt>
   <trkpt lat="59.9867900" lon="10.6806690">
    <ele>466.4</ele>
   </trkpt>
   <trkpt lat="59.9869260" lon="10.6805560">
    <ele>464.3</ele>
   </trkpt>
   <trkpt lat="59.9870070" lon="10.6804660">
    <ele>462.9</ele>
   </trkpt>
   <trkpt lat="59.9871220" lon="10.6803070">
    <ele>461.6</ele>
   </trkpt>
   <trkpt lat="59.9871490" lon="10.6802750">
    <ele>461.5</ele>
   </trkpt>
   <trkpt lat="59.9873000" lon="10.6801410">
    <ele>461.4</ele>
   </trkpt>
   <trkpt lat="59.9873240" lon="10.6801160">
    <ele>461.4</ele>
   </trkpt>
   <trkpt lat="59.9873790" lon="10.6800580">
    <ele>461.5</ele>
   </trkpt>
   <trkpt lat="59.9875060" lon="10.6799520">
    <ele>461.6</ele>
   </trkpt>
   <trkpt lat="59.9875310" lon="10.6799380">
    <ele>461.6</ele>
   </trkpt>
   <trkpt lat="59.9877150" lon="10.6798000">
    <ele>461.7</ele>
   </trkpt>
   <trkpt lat="59.9877410" lon="10.6797760">
    <ele>461.6</ele>
   </trkpt>
   <trkpt lat="59.9879170" lon="10.6796510">
    <ele>461.0</ele>
   </trkpt>
   <trkpt lat="59.9880830" lon="10.6794750">
    <ele>460.2</ele>
   </trkpt>
   <trkpt lat="59.9882650" lon="10.6793380">
    <ele>459.6</ele>
   </trkpt>
   <trkpt lat="59.9884700" lon="10.6792740">
    <ele>460.0</ele>
   </trkpt>
   <trkpt lat="59.9886580" lon="10.6792620">
    <ele>460.1</ele>
   </trkpt>
   <trkpt lat="59.9888140" lon="10.6791910">
    <ele>459.2</ele>
   </trkpt>
   <trkpt lat="59.9888420" lon="10.6791850">
    <ele>459.0</ele>
   </trkpt>
   <trkpt lat="59.9890330" lon="10.6791550">
    <ele>457.2</ele>
   </trkpt>
   <trkpt lat="59.9892380" lon="10.6791670">
    <ele>454.3</ele>
   </trkpt>
   <trkpt lat="59.9893310" lon="10.6791870">
    <ele>452.7</ele>
   </trkpt>
   <trkpt lat="59.9894290" lon="10.6792130">
    <ele>451.5</ele>
   </trkpt>
   <trkpt lat="59.9895990" lon="10.6792630">
    <ele>450.4</ele>
   </trkpt>
   <trkpt lat="59.9896650" lon="10.6792760">
    <ele>450.3</ele>
   </trkpt>
   <trkpt lat="59.9897830" lon="10.6793110">
    <ele>449.9</ele>
   </trkpt>
   <trkpt lat="59.9898710" lon="10.6793580">
    <ele>449.5</ele>
   </trkpt>
   <trkpt lat="59.9899630" lon="10.6793910">
    <ele>448.8</ele>
   </trkpt>
   <trkpt lat="59.9901530" lon="10.6793720">
    <ele>447.3</ele>
   </trkpt>
   <trkpt lat="59.9902440" lon="10.6792980">
    <ele>446.9</ele>
   </trkpt>
   <trkpt lat="59.9903020" lon="10.6792460">
    <ele>446.8</ele>
   </trkpt>
   <trkpt lat="59.9904580" lon="10.6791330">
    <ele>446.6</ele>
   </trkpt>
   <trkpt lat="59.9904830" lon="10.6791260">
    <ele>446.5</ele>
   </trkpt>
   <trkpt lat="59.9905990" lon="10.6790760">
    <ele>446.0</ele>
   </trkpt>
   <trkpt lat="59.9907530" lon="10.6789900">
    <ele>445.0</ele>
   </trkpt>
   <trkpt lat="59.9908450" lon="10.6789460">
    <ele>444.2</ele>
   </trkpt>
   <trkpt lat="59.9909620" lon="10.6789200">
    <ele>443.3</ele>
   </trkpt>
   <trkpt lat="59.9909960" lon="10.6789140">
    <ele>443.1</ele>
   </trkpt>
   <trkpt lat="59.9911760" lon="10.6788980">
    <ele>442.1</ele>
   </trkpt>
   <trkpt lat="59.9912410" lon="10.6788840">
    <ele>441.6</ele>
   </trkpt>
   <trkpt lat="59.9914530" lon="10.6788570">
    <ele>439.7</ele>
   </trkpt>
   <trkpt lat="59.9914910" lon="10.6788570">
    <ele>439.2</ele>
   </trkpt>
   <trkpt lat="59.9916390" lon="10.6788210">
    <ele>437.1</ele>
   </trkpt>
   <trkpt lat="59.9916750" lon="10.6788180">
    <ele>436.6</ele>
   </trkpt>
   <trkpt lat="59.9917100" lon="10.6788150">
    <ele>436.1</ele>
   </trkpt>
   <trkpt lat="59.9918900" lon="10.6787530">
    <ele>434.1</ele>
   </trkpt>
   <trkpt lat="59.9919290" lon="10.6787360">
    <ele>433.7</ele>
   </trkpt>
   <trkpt lat="59.9919670" lon="10.6787110">
    <ele>433.4</ele>
   </trkpt>
   <trkpt lat="59.9920680" lon="10.6786280">
    <ele>432.9</ele>
   </trkpt>
   <trkpt lat="59.9921010" lon="10.6785940">
    <ele>432.7</ele>
   </trkpt>
   <trkpt lat="59.9922320" lon="10.6784830">
    <ele>432.4</ele>
   </trkpt>
   <trkpt lat="59.9922870" lon="10.6784460">
    <ele>432.4</ele>
   </trkpt>
   <trkpt lat="59.9923640" lon="10.6783670">
    <ele>432.4</ele>
   </trkpt>
   <trkpt lat="59.9924750" lon="10.6782570">
    <ele>432.5</ele>
   </trkpt>
   <trkpt lat="59.9925400" lon="10.6781750">
    <ele>432.8</ele>
   </trkpt>
   <trkpt lat="59.9926120" lon="10.6780170">
    <ele>433.2</ele>
   </trkpt>
   <trkpt lat="59.9926360" lon="10.6779740">
    <ele>433.3</ele>
   </trkpt>
   <trkpt lat="59.9926950" lon="10.6778490">
    <ele>433.6</ele>
   </trkpt>
   <trkpt lat="59.9926980" lon="10.6778130">
    <ele>433.6</ele>
   </trkpt>
   <trkpt lat="59.9928570" lon="10.6776670">
    <ele>433.8</ele>
   </trkpt>
   <trkpt lat="59.9929070" lon="10.6776290">
    <ele>433.8</ele>
   </trkpt>
   <trkpt lat="59.9929770" lon="10.6775810">
    <ele>433.7</ele>
   </trkpt>
   <trkpt lat="59.9930040" lon="10.6775640">
    <ele>433.6</ele>
   </trkpt>
   <trkpt lat="59.9930710" lon="10.6775400">
    <ele>433.4</ele>
   </trkpt>
   <trkpt lat="59.9931250" lon="10.6775160">
    <ele>433.2</ele>
   </trkpt>
   <trkpt lat="59.9931670" lon="10.6774810">
    <ele>433.0</ele>
   </trkpt>
   <trkpt lat="59.9933140" lon="10.6773710">
    <ele>432.4</ele>
   </trkpt>
   <trkpt lat="59.9935100" lon="10.6772120">
    <ele>431.9</ele>
   </trkpt>
   <trkpt lat="59.9935420" lon="10.6771930">
    <ele>431.9</ele>
   </trkpt>
   <trkpt lat="59.9936580" lon="10.6770810">
    <ele>431.6</ele>
   </trkpt>
   <trkpt lat="59.9937360" lon="10.6769750">
    <ele>431.3</ele>
   </trkpt>
   <trkpt lat="59.9937930" lon="10.6769130">
    <ele>431.1</ele>
   </trkpt>
   <trkpt lat="59.9939000" lon="10.6767730">
    <ele>430.4</ele>
   </trkpt>
   <trkpt lat="59.9939240" lon="10.6767310">
    <ele>430.2</ele>
   </trkpt>
   <trkpt lat="59.9940750" lon="10.6766220">
    <ele>429.1</ele>
   </trkpt>
   <trkpt lat="59.9942230" lon="10.6765310">
    <ele>427.4</ele>
   </trkpt>
   <trkpt lat="59.9943860" lon="10.6764360">
    <ele>424.8</ele>
   </trkpt>
   <trkpt lat="59.9944650" lon="10.6763710">
    <ele>423.6</ele>
   </trkpt>
   <trkpt lat="59.9945310" lon="10.6763010">
    <ele>422.8</ele>
   </trkpt>
   <trkpt lat="59.9946050" lon="10.6761920">
    <ele>422.0</ele>
   </trkpt>
   <trkpt lat="59.9946270" lon="10.6761590">
    <ele>421.9</ele>
   </trkpt>
   <trkpt lat="59.9947490" lon="10.6760660">
    <ele>421.3</ele>
   </trkpt>
   <trkpt lat="59.9947830" lon="10.6760410">
    <ele>420.8</ele>
   </trkpt>
   <trkpt lat="59.9948580" lon="10.6759440">
    <ele>419.5</ele>
   </trkpt>
   <trkpt lat="59.9949250" lon="10.6758560">
    <ele>418.2</ele>
   </trkpt>
   <trkpt lat="59.9949540" lon="10.6758310">
    <ele>417.7</ele>
   </trkpt>
   <trkpt lat="59.9950540" lon="10.6757110">
    <ele>415.8</ele>
   </trkpt>
   <trkpt lat="59.9951040" lon="10.6756540">
    <ele>414.9</ele>
   </trkpt>
   <trkpt lat="59.9951560" lon="10.6756310">
    <ele>414.0</ele>
   </trkpt>
   <trkpt lat="59.9952360" lon="10.6755820">
    <ele>412.6</ele>
   </trkpt>
   <trkpt lat="59.9952620" lon="10.6755650">
    <ele>412.2</ele>
   </trkpt>
   <trkpt lat="59.9953200" lon="10.6755420">
    <ele>411.3</ele>
   </trkpt>
   <trkpt lat="59.9954220" lon="10.6755460">
    <ele>409.6</ele>
   </trkpt>
   <trkpt lat="59.9955180" lon="10.6755340">
    <ele>408.8</ele>
   </trkpt>
   <trkpt lat="59.9956310" lon="10.6755220">
    <ele>407.9</ele>
   </trkpt>
   <trkpt lat="59.9956710" lon="10.6755120">
    <ele>407.5</ele>
   </trkpt>
   <trkpt lat="59.9957500" lon="10.6755090">
    <ele>406.8</ele>
   </trkpt>
   <trkpt lat="59.9958610" lon="10.6754860">
    <ele>405.7</ele>
   </trkpt>
   <trkpt lat="59.9959280" lon="10.6754500">
    <ele>405.1</ele>
   </trkpt>
   <trkpt lat="59.9959640" lon="10.6754330">
    <ele>404.7</ele>
   </trkpt>
   <trkpt lat="59.9959960" lon="10.6754130">
    <ele>404.4</ele>
   </trkpt>
   <trkpt lat="59.9960690" lon="10.6753820">
    <ele>403.8</ele>
   </trkpt>
   <trkpt lat="59.9961250" lon="10.6753440">
    <ele>403.4</ele>
   </trkpt>
   <trkpt lat="59.9961500" lon="10.6753050">
    <ele>403.2</ele>
   </trkpt>
   <trkpt lat="59.9962570" lon="10.6752150">
    <ele>402.4</ele>
   </trkpt>
   <trkpt lat="59.9963270" lon="10.6751480">
    <ele>402.0</ele>
   </trkpt>
   <trkpt lat="59.9963660" lon="10.6751160">
    <ele>401.4</ele>
   </trkpt>
   <trkpt lat="59.9964670" lon="10.6750250">
    <ele>400.7</ele>
   </trkpt>
   <trkpt lat="59.9965680" lon="10.6749510">
    <ele>400.3</ele>
   </trkpt>
   <trkpt lat="59.9966620" lon="10.6748750">
    <ele>400.0</ele>
   </trkpt>
   <trkpt lat="59.9967440" lon="10.6747790">
    <ele>399.9</ele>
   </trkpt>
   <trkpt lat="59.9968250" lon="10.6746570">
    <ele>399.7</ele>
   </trkpt>
   <trkpt lat="59.9968790" lon="10.6745740">
    <ele>399.7</ele>
   </trkpt>
   <trkpt lat="59.9969070" lon="10.6745380">
    <ele>399.6</ele>
   </trkpt>
   <trkpt lat="59.9969860" lon="10.6744350">
    <ele>399.5</ele>
   </trkpt>
   <trkpt lat="59.9970570" lon="10.6743150">
    <ele>399.5</ele>
   </trkpt>
   <trkpt lat="59.9971080" lon="10.6741720">
    <ele>399.6</ele>
   </trkpt>
   <trkpt lat="59.9971890" lon="10.6739750">
    <ele>399.7</ele>
   </trkpt>
   <trkpt lat="59.9972500" lon="10.6737710">
    <ele>399.7</ele>
   </trkpt>
   <trkpt lat="59.9972880" lon="10.6736730">
    <ele>399.7</ele>
   </trkpt>
   <trkpt lat="59.9973250" lon="10.6735750">
    <ele>399.6</ele>
   </trkpt>
   <trkpt lat="59.9974160" lon="10.6733850">
    <ele>399.5</ele>
   </trkpt>
   <trkpt lat="59.9975020" lon="10.6732010">
    <ele>399.5</ele>
   </trkpt>
   <trkpt lat="59.9975500" lon="10.6731270">
    <ele>399.5</ele>
   </trkpt>
   <trkpt lat="59.9975950" lon="10.6730560">
    <ele>399.5</ele>
   </trkpt>
   <trkpt lat="59.9976790" lon="10.6728980">
    <ele>399.4</ele>
   </trkpt>
   <trkpt lat="59.9977190" lon="10.6728160">
    <ele>399.4</ele>
   </trkpt>
   <trkpt lat="59.9977660" lon="10.6727300">
    <ele>399.5</ele>
   </trkpt>
   <trkpt lat="59.9978500" lon="10.6725410">
    <ele>399.6</ele>
   </trkpt>
   <trkpt lat="59.9978700" lon="10.6724950">
    <ele>399.7</ele>
   </trkpt>
   <trkpt lat="59.9979480" lon="10.6722500">
    <ele>399.7</ele>
   </trkpt>
   <trkpt lat="59.9979780" lon="10.6721570">
    <ele>399.7</ele>
   </trkpt>
   <trkpt lat="59.9980290" lon="10.6720150">
    <ele>399.7</ele>
   </trkpt>
   <trkpt lat="59.9980580" lon="10.6719180">
    <ele>399.7</ele>
   </trkpt>
   <trkpt lat="59.9980970" lon="10.6717570">
    <ele>399.7</ele>
   </trkpt>
   <trkpt lat="59.9981080" lon="10.6717080">
    <ele>399.7</ele>
   </trkpt>
   <trkpt lat="59.9981170" lon="10.6716520">
    <ele>399.8</ele>
   </trkpt>
   <trkpt lat="59.9981280" lon="10.6715960">
    <ele>399.8</ele>
   </trkpt>
   <trkpt lat="59.9981390" lon="10.6715380">
    <ele>399.8</ele>
   </trkpt>
   <trkpt lat="59.9981980" lon="10.6712360">
    <ele>400.0</ele>
   </trkpt>
   <trkpt lat="59.9981960" lon="10.6708470">
    <ele>400.2</ele>
   </trkpt>
   <trkpt lat="59.9981880" lon="10.6706800">
    <ele>400.3</ele>
   </trkpt>
   <trkpt lat="59.9981900" lon="10.6705010">
    <ele>400.3</ele>
   </trkpt>
   <trkpt lat="59.9982570" lon="10.6702060">
    <ele>400.1</ele>
   </trkpt>
   <trkpt lat="59.9984000" lon="10.6700400">
    <ele>399.6</ele>
   </trkpt>
   <trkpt lat="59.9985280" lon="10.6699010">
    <ele>399.4</ele>
   </trkpt>
   <trkpt lat="59.9985630" lon="10.6698220">
    <ele>399.3</ele>
   </trkpt>
   <trkpt lat="59.9985930" lon="10.6696560">
    <ele>399.3</ele>
   </trkpt>
   <trkpt lat="59.9985960" lon="10.6695300">
    <ele>399.4</ele>
   </trkpt>
   <trkpt lat="59.9985780" lon="10.6693700">
    <ele>399.5</ele>
   </trkpt>
   <trkpt lat="59.9985620" lon="10.6692510">
    <ele>399.6</ele>
   </trkpt>
   <trkpt lat="59.9985530" lon="10.6691860">
    <ele>399.7</ele>
   </trkpt>
   <trkpt lat="59.9985370" lon="10.6688880">
    <ele>400.0</ele>
   </trkpt>
   <trkpt lat="59.9986110" lon="10.6685450">
    <ele>399.9</ele>
   </trkpt>
   <trkpt lat="59.9986340" lon="10.6684950">
    <ele>399.9</ele>
   </trkpt>
   <trkpt lat="59.9987080" lon="10.6683670">
    <ele>399.7</ele>
   </trkpt>
   <trkpt lat="59.9987910" lon="10.6682360">
    <ele>399.6</ele>
   </trkpt>
   <trkpt lat="59.9988190" lon="10.6681890">
    <ele>399.6</ele>
   </trkpt>
   <trkpt lat="59.9989500" lon="10.6679770">
    <ele>399.7</ele>
   </trkpt>
   <trkpt lat="59.9990010" lon="10.6678970">
    <ele>399.8</ele>
   </trkpt>
   <trkpt lat="59.9991060" lon="10.6677180">
    <ele>400.0</ele>
   </trkpt>
   <trkpt lat="59.9991840" lon="10.6676010">
    <ele>400.2</ele>
   </trkpt>
   <trkpt lat="59.9993290" lon="10.6673690">
    <ele>400.5</ele>
   </trkpt>
   <trkpt lat="59.9994470" lon="10.6671750">
    <ele>400.9</ele>
   </trkpt>
   <trkpt lat="59.9994720" lon="10.6671310">
    <ele>401.0</ele>
   </trkpt>
   <trkpt lat="59.9995250" lon="10.6670530">
    <ele>401.3</ele>
   </trkpt>
   <trkpt lat="59.9995870" lon="10.6670200">
    <ele>401.6</ele>
   </trkpt>
   <trkpt lat="59.9996180" lon="10.6670050">
    <ele>401.7</ele>
   </trkpt>
   <trkpt lat="59.9997970" lon="10.6669110">
    <ele>402.4</ele>
   </trkpt>
   <trkpt lat="59.9998550" lon="10.6668960">
    <ele>402.5</ele>
   </trkpt>
   <trkpt lat="60.0000160" lon="10.6668330">
    <ele>402.5</ele>
   </trkpt>
   <trkpt lat="60.0000490" lon="10.6668140">
    <ele>402.5</ele>
   </trkpt>
   <trkpt lat="60.0002030" lon="10.6667890">
    <ele>402.4</ele>
   </trkpt>
   <trkpt lat="60.0002400" lon="10.6667950">
    <ele>402.4</ele>
   </trkpt>
   <trkpt lat="60.0004030" lon="10.6668410">
    <ele>402.5</ele>
   </trkpt>
   <trkpt lat="60.0004700" lon="10.6668530">
    <ele>402.6</ele>
   </trkpt>
   <trkpt lat="60.0005690" lon="10.6668730">
    <ele>403.1</ele>
   </trkpt>
   <trkpt lat="60.0006450" lon="10.6668730">
    <ele>403.4</ele>
   </trkpt>
   <trkpt lat="60.0007420" lon="10.6668850">
    <ele>403.6</ele>
   </trkpt>
   <trkpt lat="60.0008720" lon="10.6668970">
    <ele>403.3</ele>
   </trkpt>
   <trkpt lat="60.0010300" lon="10.6669170">
    <ele>401.9</ele>
   </trkpt>
   <trkpt lat="60.0010830" lon="10.6669110">
    <ele>401.3</ele>
   </trkpt>
   <trkpt lat="60.0011380" lon="10.6669570">
    <ele>400.6</ele>
   </trkpt>
   <trkpt lat="60.0011500" lon="10.6669970">
    <ele>400.4</ele>
   </trkpt>
   <trkpt lat="60.0011940" lon="10.6670370">
    <ele>399.9</ele>
   </trkpt>
   <trkpt lat="60.0012740" lon="10.6671000">
    <ele>399.0</ele>
   </trkpt>
   <trkpt lat="60.0013640" lon="10.6671460">
    <ele>398.4</ele>
   </trkpt>
   <trkpt lat="60.0014610" lon="10.6671670">
    <ele>398.1</ele>
   </trkpt>
   <trkpt lat="60.0016700" lon="10.6671380">
    <ele>398.5</ele>
   </trkpt>
   <trkpt lat="60.0018590" lon="10.6671660">
    <ele>399.3</ele>
   </trkpt>
   <trkpt lat="60.0019880" lon="10.6671790">
    <ele>399.5</ele>
   </trkpt>
   <trkpt lat="60.0020540" lon="10.6671960">
    <ele>399.5</ele>
   </trkpt>
   <trkpt lat="60.0022460" lon="10.6672460">
    <ele>399.4</ele>
   </trkpt>
   <trkpt lat="60.0024460" lon="10.6673360">
    <ele>399.2</ele>
   </trkpt>
   <trkpt lat="60.0024760" lon="10.6673430">
    <ele>399.2</ele>
   </trkpt>
   <trkpt lat="60.0026750" lon="10.6674780">
    <ele>398.5</ele>
   </trkpt>
   <trkpt lat="60.0027010" lon="10.6675150">
    <ele>398.4</ele>
   </trkpt>
   <trkpt lat="60.0028640" lon="10.6676570">
    <ele>398.4</ele>
   </trkpt>
   <trkpt lat="60.0030240" lon="10.6678590">
    <ele>399.0</ele>
   </trkpt>
   <trkpt lat="60.0031630" lon="10.6680620">
    <ele>399.1</ele>
   </trkpt>
   <trkpt lat="60.0033210" lon="10.6682060">
    <ele>398.1</ele>
   </trkpt>
   <trkpt lat="60.0033490" lon="10.6682280">
    <ele>397.9</ele>
   </trkpt>
   <trkpt lat="60.0034320" lon="10.6682890">
    <ele>397.4</ele>
   </trkpt>
   <trkpt lat="60.0035250" lon="10.6683260">
    <ele>396.9</ele>
   </trkpt>
   <trkpt lat="60.0035820" lon="10.6683410">
    <ele>396.7</ele>
   </trkpt>
   <trkpt lat="60.0037070" lon="10.6683140">
    <ele>396.4</ele>
   </trkpt>
   <trkpt lat="60.0038820" lon="10.6681840">
    <ele>396.1</ele>
   </trkpt>
   <trkpt lat="60.0040440" lon="10.6680010">
    <ele>395.6</ele>
   </trkpt>
   <trkpt lat="60.0040870" lon="10.6679380">
    <ele>395.3</ele>
   </trkpt>
   <trkpt lat="60.0041290" lon="10.6678340">
    <ele>394.7</ele>
   </trkpt>
   <trkpt lat="60.0042140" lon="10.6676760">
    <ele>393.4</ele>
   </trkpt>
   <trkpt lat="60.0043020" lon="10.6675450">
    <ele>392.2</ele>
   </trkpt>
   <trkpt lat="60.0043830" lon="10.6674230">
    <ele>391.2</ele>
   </trkpt>
   <trkpt lat="60.0044340" lon="10.6673280">
    <ele>390.5</ele>
   </trkpt>
   <trkpt lat="60.0045070" lon="10.6671890">
    <ele>389.7</ele>
   </trkpt>
   <trkpt lat="60.0045390" lon="10.6671470">
    <ele>389.5</ele>
   </trkpt>
   <trkpt lat="60.0046450" lon="10.6669830">
    <ele>388.6</ele>
   </trkpt>
   <trkpt lat="60.0047320" lon="10.6668750">
    <ele>387.7</ele>
   </trkpt>
   <trkpt lat="60.0047920" lon="10.6668190">
    <ele>387.1</ele>
   </trkpt>
   <trkpt lat="60.0048210" lon="10.6667920">
    <ele>386.7</ele>
   </trkpt>
   <trkpt lat="60.0049100" lon="10.6667420">
    <ele>385.6</ele>
   </trkpt>
   <trkpt lat="60.0049760" lon="10.6667080">
    <ele>384.7</ele>
   </trkpt>
   <trkpt lat="60.0050070" lon="10.6666870">
    <ele>384.3</ele>
   </trkpt>
   <trkpt lat="60.0050900" lon="10.6666680">
    <ele>383.4</ele>
   </trkpt>
   <trkpt lat="60.0051240" lon="10.6666580">
    <ele>383.1</ele>
   </trkpt>
   <trkpt lat="60.0051820" lon="10.6666320">
    <ele>382.6</ele>
   </trkpt>
   <trkpt lat="60.0052670" lon="10.6665790">
    <ele>381.9</ele>
   </trkpt>
   <trkpt lat="60.0052980" lon="10.6665540">
    <ele>381.7</ele>
   </trkpt>
   <trkpt lat="60.0053590" lon="10.6665080">
    <ele>381.3</ele>
   </trkpt>
   <trkpt lat="60.0053910" lon="10.6664790">
    <ele>381.1</ele>
   </trkpt>
   <trkpt lat="60.0054610" lon="10.6664090">
    <ele>380.7</ele>
   </trkpt>
   <trkpt lat="60.0056170" lon="10.6662120">
    <ele>379.4</ele>
   </trkpt>
   <trkpt lat="60.0056720" lon="10.6661200">
    <ele>378.6</ele>
   </trkpt>
   <trkpt lat="60.0057500" lon="10.6660020">
    <ele>377.4</ele>
   </trkpt>
   <trkpt lat="60.0058100" lon="10.6659310">
    <ele>376.7</ele>
   </trkpt>
   <trkpt lat="60.0058440" lon="10.6658890">
    <ele>376.3</ele>
   </trkpt>
   <trkpt lat="60.0059070" lon="10.6658140">
    <ele>375.6</ele>
   </trkpt>
   <trkpt lat="60.0059900" lon="10.6656930">
    <ele>374.7</ele>
   </trkpt>
   <trkpt lat="60.0060510" lon="10.6656130">
    <ele>374.1</ele>
   </trkpt>
   <trkpt lat="60.0060840" lon="10.6655840">
    <ele>373.8</ele>
   </trkpt>
   <trkpt lat="60.0061430" lon="10.6655360">
    <ele>373.3</ele>
   </trkpt>
   <trkpt lat="60.0062020" lon="10.6654940">
    <ele>372.6</ele>
   </trkpt>
   <trkpt lat="60.0062930" lon="10.6654470">
    <ele>371.5</ele>
   </trkpt>
   <trkpt lat="60.0063260" lon="10.6654360">
    <ele>371.0</ele>
   </trkpt>
   <trkpt lat="60.0063830" lon="10.6654050">
    <ele>370.4</ele>
   </trkpt>
   <trkpt lat="60.0064580" lon="10.6653850">
    <ele>369.7</ele>
   </trkpt>
   <trkpt lat="60.0065370" lon="10.6653500">
    <ele>369.2</ele>
   </trkpt>
   <trkpt lat="60.0065740" lon="10.6653320">
    <ele>369.1</ele>
   </trkpt>
   <trkpt lat="60.0067710" lon="10.6652010">
    <ele>369.4</ele>
   </trkpt>
   <trkpt lat="60.0068460" lon="10.6651400">
    <ele>370.4</ele>
   </trkpt>
   <trkpt lat="60.0069160" lon="10.6651090">
    <ele>371.4</ele>
   </trkpt>
   <trkpt lat="60.0070070" lon="10.6650630">
    <ele>372.9</ele>
   </trkpt>
   <trkpt lat="60.0070850" lon="10.6650450">
    <ele>374.2</ele>
   </trkpt>
   <trkpt lat="60.0071600" lon="10.6650290">
    <ele>375.3</ele>
   </trkpt>
   <trkpt lat="60.0072330" lon="10.6650640">
    <ele>376.0</ele>
   </trkpt>
   <trkpt lat="60.0072580" lon="10.6651120">
    <ele>376.3</ele>
   </trkpt>
   <trkpt lat="60.0073170" lon="10.6652540">
    <ele>376.9</ele>
   </trkpt>
   <trkpt lat="60.0073310" lon="10.6653030">
    <ele>377.1</ele>
   </trkpt>
   <trkpt lat="60.0073460" lon="10.6653490">
    <ele>377.2</ele>
   </trkpt>
   <trkpt lat="60.0073850" lon="10.6654520">
    <ele>377.3</ele>
   </trkpt>
   <trkpt lat="60.0074390" lon="10.6655770">
    <ele>377.3</ele>
   </trkpt>
   <trkpt lat="60.0075480" lon="10.6657230">
    <ele>377.3</ele>
   </trkpt>
   <trkpt lat="60.0077090" lon="10.6657830">
    <ele>377.3</ele>
   </trkpt>
   <trkpt lat="60.0078530" lon="10.6658870">
    <ele>376.7</ele>
   </trkpt>
   <trkpt lat="60.0078870" lon="10.6659130">
    <ele>376.5</ele>
   </trkpt>
   <trkpt lat="60.0079200" lon="10.6659440">
    <ele>376.2</ele>
   </trkpt>
   <trkpt lat="60.0079870" lon="10.6660090">
    <ele>375.5</ele>
   </trkpt>
   <trkpt lat="60.0080480" lon="10.6660940">
    <ele>374.8</ele>
   </trkpt>
   <trkpt lat="60.0080760" lon="10.6661350">
    <ele>374.5</ele>
   </trkpt>
   <trkpt lat="60.0081070" lon="10.6661770">
    <ele>374.2</ele>
   </trkpt>
   <trkpt lat="60.0081770" lon="10.6663140">
    <ele>373.4</ele>
   </trkpt>
   <trkpt lat="60.0082230" lon="10.6664050">
    <ele>372.8</ele>
   </trkpt>
   <trkpt lat="60.0082660" lon="10.6664890">
    <ele>372.3</ele>
   </trkpt>
   <trkpt lat="60.0083820" lon="10.6666290">
    <ele>371.1</ele>
   </trkpt>
   <trkpt lat="60.0084060" lon="10.6666630">
    <ele>370.9</ele>
   </trkpt>
   <trkpt lat="60.0084410" lon="10.6666920">
    <ele>370.6</ele>
   </trkpt>
   <trkpt lat="60.0085570" lon="10.6667200">
    <ele>370.1</ele>
   </trkpt>
   <trkpt lat="60.0086370" lon="10.6667000">
    <ele>370.0</ele>
   </trkpt>
   <trkpt lat="60.0087330" lon="10.6666340">
    <ele>370.1</ele>
   </trkpt>
   <trkpt lat="60.0089110" lon="10.6664800">
    <ele>370.6</ele>
   </trkpt>
   <trkpt lat="60.0090910" lon="10.6662980">
    <ele>370.9</ele>
   </trkpt>
   <trkpt lat="60.0091190" lon="10.6662570">
    <ele>370.9</ele>
   </trkpt>
   <trkpt lat="60.0092910" lon="10.6660530">
    <ele>370.9</ele>
   </trkpt>
   <trkpt lat="60.0093240" lon="10.6660290">
    <ele>370.9</ele>
   </trkpt>
   <trkpt lat="60.0093890" lon="10.6659890">
    <ele>370.8</ele>
   </trkpt>
   <trkpt lat="60.0095440" lon="10.6658720">
    <ele>370.6</ele>
   </trkpt>
   <trkpt lat="60.0096730" lon="10.6656850">
    <ele>370.9</ele>
   </trkpt>
   <trkpt lat="60.0097680" lon="10.6655320">
    <ele>371.2</ele>
   </trkpt>
   <trkpt lat="60.0098190" lon="10.6654720">
    <ele>371.4</ele>
   </trkpt>
   <trkpt lat="60.0098860" lon="10.6653980">
    <ele>371.6</ele>
   </trkpt>
   <trkpt lat="60.0099580" lon="10.6653140">
    <ele>371.6</ele>
   </trkpt>
   <trkpt lat="60.0100720" lon="10.6651610">
    <ele>371.0</ele>
   </trkpt>
   <trkpt lat="60.0101160" lon="10.6650810">
    <ele>370.6</ele>
   </trkpt>
   <trkpt lat="60.0101880" lon="10.6649300">
    <ele>369.7</ele>
   </trkpt>
   <trkpt lat="60.0102430" lon="10.6647500">
    <ele>368.7</ele>
   </trkpt>
   <trkpt lat="60.0102590" lon="10.6646890">
    <ele>368.4</ele>
   </trkpt>
   <trkpt lat="60.0102800" lon="10.6646310">
    <ele>368.0</ele>
   </trkpt>
   <trkpt lat="60.0103330" lon="10.6644440">
    <ele>367.0</ele>
   </trkpt>
   <trkpt lat="60.0103450" lon="10.6643800">
    <ele>366.6</ele>
   </trkpt>
   <trkpt lat="60.0103770" lon="10.6642560">
    <ele>365.9</ele>
   </trkpt>
   <trkpt lat="60.0104220" lon="10.6640700">
    <ele>364.9</ele>
   </trkpt>
   <trkpt lat="60.0104330" lon="10.6640060">
    <ele>364.6</ele>
   </trkpt>
   <trkpt lat="60.0104710" lon="10.6638110">
    <ele>363.5</ele>
   </trkpt>
   <trkpt lat="60.0105180" lon="10.6635470">
    <ele>362.1</ele>
   </trkpt>
   <trkpt lat="60.0105340" lon="10.6634840">
    <ele>361.7</ele>
   </trkpt>
   <trkpt lat="60.0106310" lon="10.6632580">
    <ele>360.5</ele>
   </trkpt>
   <trkpt lat="60.0107430" lon="10.6630450">
    <ele>359.4</ele>
   </trkpt>
   <trkpt lat="60.0107730" lon="10.6630080">
    <ele>359.2</ele>
   </trkpt>
   <trkpt lat="60.0108960" lon="10.6628520">
    <ele>358.1</ele>
   </trkpt>
   <trkpt lat="60.0109270" lon="10.6628050">
    <ele>357.8</ele>
   </trkpt>
   <trkpt lat="60.0110130" lon="10.6626910">
    <ele>357.1</ele>
   </trkpt>
   <trkpt lat="60.0110410" lon="10.6626540">
    <ele>356.9</ele>
   </trkpt>
   <trkpt lat="60.0111320" lon="10.6625410">
    <ele>356.3</ele>
   </trkpt>
   <trkpt lat="60.0112180" lon="10.6624040">
    <ele>355.6</ele>
   </trkpt>
   <trkpt lat="60.0112690" lon="10.6623160">
    <ele>355.3</ele>
   </trkpt>
   <trkpt lat="60.0113440" lon="10.6622340">
    <ele>354.7</ele>
   </trkpt>
   <trkpt lat="60.0114380" lon="10.6621020">
    <ele>354.0</ele>
   </trkpt>
   <trkpt lat="60.0114710" lon="10.6620740">
    <ele>353.8</ele>
   </trkpt>
   <trkpt lat="60.0116190" lon="10.6619380">
    <ele>352.6</ele>
   </trkpt>
   <trkpt lat="60.0117070" lon="10.6618420">
    <ele>351.7</ele>
   </trkpt>
   <trkpt lat="60.0117920" lon="10.6617560">
    <ele>350.8</ele>
   </trkpt>
   <trkpt lat="60.0118820" lon="10.6616430">
    <ele>350.2</ele>
   </trkpt>
   <trkpt lat="60.0119530" lon="10.6615970">
    <ele>349.9</ele>
   </trkpt>
   <trkpt lat="60.0120220" lon="10.6615620">
    <ele>349.8</ele>
   </trkpt>
   <trkpt lat="60.0121330" lon="10.6615600">
    <ele>350.0</ele>
   </trkpt>
   <trkpt lat="60.0123200" lon="10.6616790">
    <ele>350.9</ele>
   </trkpt>
   <trkpt lat="60.0123480" lon="10.6617070">
    <ele>351.1</ele>
   </trkpt>
   <trkpt lat="60.0124830" lon="10.6618600">
    <ele>352.2</ele>
   </trkpt>
   <trkpt lat="60.0125770" lon="10.6619440">
    <ele>353.2</ele>
   </trkpt>
   <trkpt lat="60.0126180" lon="10.6619640">
    <ele>353.7</ele>
   </trkpt>
   <trkpt lat="60.0126440" lon="10.6619700">
    <ele>354.0</ele>
   </trkpt>
   <trkpt lat="60.0127720" lon="10.6619420">
    <ele>355.5</ele>
   </trkpt>
   <trkpt lat="60.0128070" lon="10.6619350">
    <ele>355.8</ele>
   </trkpt>
   <trkpt lat="60.0128680" lon="10.6619310">
    <ele>356.3</ele>
   </trkpt>
   <trkpt lat="60.0129220" lon="10.6619180">
    <ele>356.7</ele>
   </trkpt>
   <trkpt lat="60.0129810" lon="10.6619100">
    <ele>357.0</ele>
   </trkpt>
   <trkpt lat="60.0131180" lon="10.6618540">
    <ele>357.4</ele>
   </trkpt>
   <trkpt lat="60.0132800" lon="10.6617150">
    <ele>357.8</ele>
   </trkpt>
   <trkpt lat="60.0133230" lon="10.6616630">
    <ele>358.1</ele>
   </trkpt>
   <trkpt lat="60.0134010" lon="10.6615570">
    <ele>358.6</ele>
   </trkpt>
   <trkpt lat="60.0135440" lon="10.6613470">
    <ele>359.5</ele>
   </trkpt>
   <trkpt lat="60.0135670" lon="10.6613220">
    <ele>359.6</ele>
   </trkpt>
   <trkpt lat="60.0136590" lon="10.6612440">
    <ele>360.1</ele>
   </trkpt>
   <trkpt lat="60.0137660" lon="10.6611680">
    <ele>360.6</ele>
   </trkpt>
   <trkpt lat="60.0137840" lon="10.6611570">
    <ele>360.6</ele>
   </trkpt>
   <trkpt lat="60.0138270" lon="10.6611410">
    <ele>360.8</ele>
   </trkpt>
   <trkpt lat="60.0138590" lon="10.6611420">
    <ele>360.8</ele>
   </trkpt>
   <trkpt lat="60.0139450" lon="10.6611280">
    <ele>360.8</ele>
   </trkpt>
   <trkpt lat="60.0140750" lon="10.6611910">
    <ele>360.6</ele>
   </trkpt>
   <trkpt lat="60.0141590" lon="10.6612380">
    <ele>360.6</ele>
   </trkpt>
   <trkpt lat="60.0142240" lon="10.6612750">
    <ele>360.7</ele>
   </trkpt>
   <trkpt lat="60.0143010" lon="10.6613790">
    <ele>360.9</ele>
   </trkpt>
   <trkpt lat="60.0143240" lon="10.6614110">
    <ele>361.0</ele>
   </trkpt>
   <trkpt lat="60.0144310" lon="10.6614990">
    <ele>361.6</ele>
   </trkpt>
   <trkpt lat="60.0145660" lon="10.6615560">
    <ele>362.5</ele>
   </trkpt>
   <trkpt lat="60.0145910" lon="10.6615640">
    <ele>362.7</ele>
   </trkpt>
   <trkpt lat="60.0146820" lon="10.6615830">
    <ele>363.4</ele>
   </trkpt>
   <trkpt lat="60.0148300" lon="10.6615790">
    <ele>364.7</ele>
   </trkpt>
   <trkpt lat="60.0149540" lon="10.6615310">
    <ele>366.2</ele>
   </trkpt>
   <trkpt lat="60.0150250" lon="10.6615020">
    <ele>367.1</ele>
   </trkpt>
   <trkpt lat="60.0150680" lon="10.6614850">
    <ele>367.6</ele>
   </trkpt>
   <trkpt lat="60.0151360" lon="10.6614270">
    <ele>368.6</ele>
   </trkpt>
   <trkpt lat="60.0151880" lon="10.6613930">
    <ele>369.2</ele>
   </trkpt>
   <trkpt lat="60.0152130" lon="10.6613690">
    <ele>369.5</ele>
   </trkpt>
   <trkpt lat="60.0152590" lon="10.6613310">
    <ele>370.0</ele>
   </trkpt>
   <trkpt lat="60.0153000" lon="10.6613090">
    <ele>370.5</ele>
   </trkpt>
   <trkpt lat="60.0153180" lon="10.6612980">
    <ele>370.6</ele>
   </trkpt>
   <trkpt lat="60.0153390" lon="10.6613010">
    <ele>370.8</ele>
   </trkpt>
   <trkpt lat="60.0154760" lon="10.6612680">
    <ele>372.1</ele>
   </trkpt>
   <trkpt lat="60.0156170" lon="10.6612280">
    <ele>373.3</ele>
   </trkpt>
   <trkpt lat="60.0156650" lon="10.6612110">
    <ele>373.7</ele>
   </trkpt>
   <trkpt lat="60.0157250" lon="10.6611990">
    <ele>374.3</ele>
   </trkpt>
   <trkpt lat="60.0157860" lon="10.6611840">
    <ele>374.9</ele>
   </trkpt>
   <trkpt lat="60.0158350" lon="10.6611760">
    <ele>375.5</ele>
   </trkpt>
   <trkpt lat="60.0158940" lon="10.6611680">
    <ele>376.3</ele>
   </trkpt>
   <trkpt lat="60.0159320" lon="10.6611670">
    <ele>376.8</ele>
   </trkpt>
   <trkpt lat="60.0159830" lon="10.6611530">
    <ele>377.4</ele>
   </trkpt>
   <trkpt lat="60.0160000" lon="10.6611530">
    <ele>377.6</ele>
   </trkpt>
   <trkpt lat="60.0161140" lon="10.6611220">
    <ele>378.7</ele>
   </trkpt>
   <trkpt lat="60.0161350" lon="10.6611120">
    <ele>378.9</ele>
   </trkpt>
   <trkpt lat="60.0161690" lon="10.6610970">
    <ele>379.1</ele>
   </trkpt>
   <trkpt lat="60.0162750" lon="10.6610590">
    <ele>379.8</ele>
   </trkpt>
   <trkpt lat="60.0163050" lon="10.6610420">
    <ele>380.0</ele>
   </trkpt>
   <trkpt lat="60.0163820" lon="10.6609900">
    <ele>380.5</ele>
   </trkpt>
   <trkpt lat="60.0164550" lon="10.6609360">
    <ele>381.1</ele>
   </trkpt>
   <trkpt lat="60.0164820" lon="10.6609170">
    <ele>381.3</ele>
   </trkpt>
   <trkpt lat="60.0165610" lon="10.6608520">
    <ele>382.0</ele>
   </trkpt>
   <trkpt lat="60.0165810" lon="10.6608360">
    <ele>382.2</ele>
   </trkpt>
   <trkpt lat="60.0166470" lon="10.6608070">
    <ele>382.7</ele>
   </trkpt>
   <trkpt lat="60.0166470" lon="10.6608070">
    <ele>382.7</ele>
   </trkpt>
   <trkpt lat="60.0167400" lon="10.6607870">
    <ele>383.5</ele>
   </trkpt>
   <trkpt lat="60.0167860" lon="10.6608010">
    <ele>383.9</ele>
   </trkpt>
   <trkpt lat="60.0168370" lon="10.6608270">
    <ele>384.3</ele>
   </trkpt>
   <trkpt lat="60.0169430" lon="10.6608270">
    <ele>384.7</ele>
   </trkpt>
   <trkpt lat="60.0170270" lon="10.6607690">
    <ele>384.6</ele>
   </trkpt>
   <trkpt lat="60.0170440" lon="10.6607510">
    <ele>384.6</ele>
   </trkpt>
   <trkpt lat="60.0170970" lon="10.6607000">
    <ele>384.6</ele>
   </trkpt>
   <trkpt lat="60.0171740" lon="10.6605880">
    <ele>385.1</ele>
   </trkpt>
   <trkpt lat="60.0171890" lon="10.6605410">
    <ele>383.1</ele>
   </trkpt>
   <trkpt lat="60.0172440" lon="10.6603780">
    <ele>382.8</ele>
   </trkpt>
   <trkpt lat="60.0172590" lon="10.6603570">
    <ele>382.9</ele>
   </trkpt>
   <trkpt lat="60.0173380" lon="10.6603250">
    <ele>383.1</ele>
   </trkpt>
   <trkpt lat="60.0173630" lon="10.6603100">
    <ele>383.2</ele>
   </trkpt>
   <trkpt lat="60.0174510" lon="10.6602770">
    <ele>383.6</ele>
   </trkpt>
   <trkpt lat="60.0175510" lon="10.6601950">
    <ele>383.9</ele>
   </trkpt>
   <trkpt lat="60.0175740" lon="10.6601900">
    <ele>383.9</ele>
   </trkpt>
   <trkpt lat="60.0176600" lon="10.6601820">
    <ele>383.8</ele>
   </trkpt>
   <trkpt lat="60.0177030" lon="10.6601740">
    <ele>383.8</ele>
   </trkpt>
   <trkpt lat="60.0177580" lon="10.6601570">
    <ele>383.7</ele>
   </trkpt>
   <trkpt lat="60.0178600" lon="10.6601090">
    <ele>383.6</ele>
   </trkpt>
   <trkpt lat="60.0178800" lon="10.6600960">
    <ele>383.6</ele>
   </trkpt>
   <trkpt lat="60.0180030" lon="10.6600440">
    <ele>383.3</ele>
   </trkpt>
   <trkpt lat="60.0180920" lon="10.6599370">
    <ele>383.1</ele>
   </trkpt>
   <trkpt lat="60.0181440" lon="10.6598670">
    <ele>382.9</ele>
   </trkpt>
   <trkpt lat="60.0182500" lon="10.6598220">
    <ele>382.4</ele>
   </trkpt>
   <trkpt lat="60.0182680" lon="10.6598150">
    <ele>382.3</ele>
   </trkpt>
   <trkpt lat="60.0183540" lon="10.6598120">
    <ele>381.8</ele>
   </trkpt>
   <trkpt lat="60.0183910" lon="10.6597960">
    <ele>381.6</ele>
   </trkpt>
   <trkpt lat="60.0184230" lon="10.6597790">
    <ele>381.5</ele>
   </trkpt>
   <trkpt lat="60.0184560" lon="10.6597630">
    <ele>381.4</ele>
   </trkpt>
   <trkpt lat="60.0185500" lon="10.6597200">
    <ele>380.9</ele>
   </trkpt>
   <trkpt lat="60.0185760" lon="10.6597020">
    <ele>380.8</ele>
   </trkpt>
   <trkpt lat="60.0187070" lon="10.6596140">
    <ele>379.9</ele>
   </trkpt>
   <trkpt lat="60.0187360" lon="10.6596040">
    <ele>379.7</ele>
   </trkpt>
   <trkpt lat="60.0188240" lon="10.6595440">
    <ele>378.9</ele>
   </trkpt>
   <trkpt lat="60.0188930" lon="10.6595310">
    <ele>378.3</ele>
   </trkpt>
   <trkpt lat="60.0189010" lon="10.6595380">
    <ele>378.2</ele>
   </trkpt>
   <trkpt lat="60.0189070" lon="10.6595410">
    <ele>378.2</ele>
   </trkpt>
   <trkpt lat="60.0189260" lon="10.6595430">
    <ele>378.1</ele>
   </trkpt>
   <trkpt lat="60.0189730" lon="10.6595020">
    <ele>377.8</ele>
   </trkpt>
   <trkpt lat="60.0191140" lon="10.6593800">
    <ele>376.8</ele>
   </trkpt>
   <trkpt lat="60.0191840" lon="10.6593710">
    <ele>376.4</ele>
   </trkpt>
   <trkpt lat="60.0192370" lon="10.6593740">
    <ele>376.0</ele>
   </trkpt>
   <trkpt lat="60.0193480" lon="10.6594420">
    <ele>375.4</ele>
   </trkpt>
   <trkpt lat="60.0193710" lon="10.6595210">
    <ele>375.1</ele>
   </trkpt>
   <trkpt lat="60.0193810" lon="10.6595400">
    <ele>375.0</ele>
   </trkpt>
   <trkpt lat="60.0194190" lon="10.6595380">
    <ele>374.8</ele>
   </trkpt>
   <trkpt lat="60.0194930" lon="10.6595650">
    <ele>374.3</ele>
   </trkpt>
   <trkpt lat="60.0195370" lon="10.6596090">
    <ele>373.9</ele>
   </trkpt>
   <trkpt lat="60.0196180" lon="10.6597890">
    <ele>372.6</ele>
   </trkpt>
   <trkpt lat="60.0197140" lon="10.6599600">
    <ele>371.2</ele>
   </trkpt>
   <trkpt lat="60.0197980" lon="10.6601830">
    <ele>369.5</ele>
   </trkpt>
   <trkpt lat="60.0197970" lon="10.6602310">
    <ele>369.2</ele>
   </trkpt>
   <trkpt lat="60.0198030" lon="10.6603280">
    <ele>368.7</ele>
   </trkpt>
   <trkpt lat="60.0198280" lon="10.6604060">
    <ele>368.2</ele>
   </trkpt>
   <trkpt lat="60.0199280" lon="10.6606060">
    <ele>367.1</ele>
   </trkpt>
   <trkpt lat="60.0200000" lon="10.6608360">
    <ele>366.1</ele>
   </trkpt>
   <trkpt lat="60.0201230" lon="10.6610540">
    <ele>364.1</ele>
   </trkpt>
   <trkpt lat="60.0202150" lon="10.6611610">
    <ele>362.4</ele>
   </trkpt>
   <trkpt lat="60.0203530" lon="10.6612280">
    <ele>359.9</ele>
   </trkpt>
   <trkpt lat="60.0203850" lon="10.6612470">
    <ele>359.4</ele>
   </trkpt>
   <trkpt lat="60.0204720" lon="10.6612460">
    <ele>358.1</ele>
   </trkpt>
   <trkpt lat="60.0205890" lon="10.6611910">
    <ele>356.4</ele>
   </trkpt>
   <trkpt lat="60.0206300" lon="10.6611780">
    <ele>356.0</ele>
   </trkpt>
   <trkpt lat="60.0207100" lon="10.6611940">
    <ele>355.4</ele>
   </trkpt>
   <trkpt lat="60.0207870" lon="10.6611770">
    <ele>355.5</ele>
   </trkpt>
   <trkpt lat="60.0208000" lon="10.6611780">
    <ele>355.6</ele>
   </trkpt>
   <trkpt lat="60.0208220" lon="10.6611660">
    <ele>355.7</ele>
   </trkpt>
   <trkpt lat="60.0208320" lon="10.6611600">
    <ele>355.8</ele>
   </trkpt>
   <trkpt lat="60.0208500" lon="10.6611390">
    <ele>356.1</ele>
   </trkpt>
   <trkpt lat="60.0209210" lon="10.6610800">
    <ele>357.2</ele>
   </trkpt>
   <trkpt lat="60.0210170" lon="10.6610900">
    <ele>358.9</ele>
   </trkpt>
   <trkpt lat="60.0210920" lon="10.6611020">
    <ele>360.3</ele>
   </trkpt>
   <trkpt lat="60.0211440" lon="10.6611210">
    <ele>361.2</ele>
   </trkpt>
   <trkpt lat="60.0212370" lon="10.6611330">
    <ele>362.8</ele>
   </trkpt>
   <trkpt lat="60.0212950" lon="10.6610870">
    <ele>363.7</ele>
   </trkpt>
   <trkpt lat="60.0213490" lon="10.6610580">
    <ele>364.5</ele>
   </trkpt>
   <trkpt lat="60.0213560" lon="10.6610770">
    <ele>364.7</ele>
   </trkpt>
   <trkpt lat="60.0213550" lon="10.6610750">
    <ele>364.7</ele>
   </trkpt>
   <trkpt lat="60.0213470" lon="10.6610750">
    <ele>364.8</ele>
   </trkpt>
   <trkpt lat="60.0213480" lon="10.6610730">
    <ele>364.8</ele>
   </trkpt>
   <trkpt lat="60.0213410" lon="10.6610610">
    <ele>364.9</ele>
   </trkpt>
   <trkpt lat="60.0213400" lon="10.6610670">
    <ele>365.0</ele>
   </trkpt>
   <trkpt lat="60.0213270" lon="10.6610920">
    <ele>365.2</ele>
   </trkpt>
   <trkpt lat="60.0213120" lon="10.6610880">
    <ele>365.4</ele>
   </trkpt>
   <trkpt lat="60.0213080" lon="10.6610860">
    <ele>365.4</ele>
   </trkpt>
   <trkpt lat="60.0212950" lon="10.6611130">
    <ele>365.6</ele>
   </trkpt>
   <trkpt lat="60.0212890" lon="10.6611230">
    <ele>365.7</ele>
   </trkpt>
   <trkpt lat="60.0212810" lon="10.6611380">
    <ele>365.8</ele>
   </trkpt>
   <trkpt lat="60.0212740" lon="10.6611440">
    <ele>365.8</ele>
   </trkpt>
   <trkpt lat="60.0212560" lon="10.6611520">
    <ele>366.0</ele>
   </trkpt>
   <trkpt lat="60.0213280" lon="10.6610320">
    <ele>366.4</ele>
   </trkpt>
   <trkpt lat="60.0214470" lon="10.6609540">
    <ele>366.3</ele>
   </trkpt>
   <trkpt lat="60.0214880" lon="10.6609310">
    <ele>366.1</ele>
   </trkpt>
   <trkpt lat="60.0215150" lon="10.6609220">
    <ele>366.1</ele>
   </trkpt>
   <trkpt lat="60.0216580" lon="10.6609550">
    <ele>365.6</ele>
   </trkpt>
   <trkpt lat="60.0217050" lon="10.6609250">
    <ele>365.2</ele>
   </trkpt>
   <trkpt lat="60.0217250" lon="10.6608850">
    <ele>364.7</ele>
   </trkpt>
   <trkpt lat="60.0217940" lon="10.6608310">
    <ele>363.0</ele>
   </trkpt>
   <trkpt lat="60.0218150" lon="10.6607930">
    <ele>362.2</ele>
   </trkpt>
   <trkpt lat="60.0218570" lon="10.6607530">
    <ele>360.9</ele>
   </trkpt>
   <trkpt lat="60.0219780" lon="10.6606290">
    <ele>358.7</ele>
   </trkpt>
   <trkpt lat="60.0220760" lon="10.6605630">
    <ele>359.2</ele>
   </trkpt>
   <trkpt lat="60.0220940" lon="10.6605590">
    <ele>359.3</ele>
   </trkpt>
   <trkpt lat="60.0221300" lon="10.6605420">
    <ele>359.8</ele>
   </trkpt>
   <trkpt lat="60.0221460" lon="10.6605210">
    <ele>360.1</ele>
   </trkpt>
   <trkpt lat="60.0221980" lon="10.6604770">
    <ele>361.0</ele>
   </trkpt>
   <trkpt lat="60.0222370" lon="10.6604760">
    <ele>361.7</ele>
   </trkpt>
   <trkpt lat="60.0223000" lon="10.6604990">
    <ele>363.0</ele>
   </trkpt>
   <trkpt lat="60.0223290" lon="10.6605050">
    <ele>363.6</ele>
   </trkpt>
   <trkpt lat="60.0223890" lon="10.6604500">
    <ele>365.2</ele>
   </trkpt>
   <trkpt lat="60.0223990" lon="10.6604320">
    <ele>365.6</ele>
   </trkpt>
   <trkpt lat="60.0224100" lon="10.6604230">
    <ele>365.9</ele>
   </trkpt>
   <trkpt lat="60.0224600" lon="10.6603810">
    <ele>367.2</ele>
   </trkpt>
   <trkpt lat="60.0224750" lon="10.6603810">
    <ele>367.6</ele>
   </trkpt>
   <trkpt lat="60.0225300" lon="10.6603940">
    <ele>369.0</ele>
   </trkpt>
   <trkpt lat="60.0225660" lon="10.6603840">
    <ele>369.8</ele>
   </trkpt>
   <trkpt lat="60.0227030" lon="10.6603420">
    <ele>372.6</ele>
   </trkpt>
   <trkpt lat="60.0227190" lon="10.6603910">
    <ele>373.2</ele>
   </trkpt>
   <trkpt lat="60.0227310" lon="10.6604100">
    <ele>373.5</ele>
   </trkpt>
   <trkpt lat="60.0227420" lon="10.6604270">
    <ele>373.8</ele>
   </trkpt>
   <trkpt lat="60.0227550" lon="10.6604560">
    <ele>374.1</ele>
   </trkpt>
   <trkpt lat="60.0227730" lon="10.6604600">
    <ele>374.5</ele>
   </trkpt>
   <trkpt lat="60.0227830" lon="10.6604610">
    <ele>374.7</ele>
   </trkpt>
   <trkpt lat="60.0227920" lon="10.6604660">
    <ele>374.9</ele>
   </trkpt>
   <trkpt lat="60.0228030" lon="10.6604710">
    <ele>375.1</ele>
   </trkpt>
   <trkpt lat="60.0229250" lon="10.6605040">
    <ele>377.4</ele>
   </trkpt>
   <trkpt lat="60.0229420" lon="10.6605150">
    <ele>377.7</ele>
   </trkpt>
   <trkpt lat="60.0229540" lon="10.6605240">
    <ele>377.9</ele>
   </trkpt>
   <trkpt lat="60.0229940" lon="10.6605410">
    <ele>378.6</ele>
   </trkpt>
   <trkpt lat="60.0230230" lon="10.6605560">
    <ele>379.1</ele>
   </trkpt>
   <trkpt lat="60.0230380" lon="10.6605580">
    <ele>379.3</ele>
   </trkpt>
   <trkpt lat="60.0230880" lon="10.6605680">
    <ele>380.0</ele>
   </trkpt>
   <trkpt lat="60.0231250" lon="10.6605970">
    <ele>380.4</ele>
   </trkpt>
   <trkpt lat="60.0231550" lon="10.6606130">
    <ele>380.7</ele>
   </trkpt>
   <trkpt lat="60.0232180" lon="10.6606430">
    <ele>381.1</ele>
   </trkpt>
   <trkpt lat="60.0232400" lon="10.6606540">
    <ele>381.2</ele>
   </trkpt>
   <trkpt lat="60.0232970" lon="10.6606510">
    <ele>381.5</ele>
   </trkpt>
   <trkpt lat="60.0233660" lon="10.6606410">
    <ele>381.8</ele>
   </trkpt>
   <trkpt lat="60.0234400" lon="10.6606310">
    <ele>382.0</ele>
   </trkpt>
   <trkpt lat="60.0234770" lon="10.6606270">
    <ele>382.1</ele>
   </trkpt>
   <trkpt lat="60.0235640" lon="10.6605920">
    <ele>382.0</ele>
   </trkpt>
   <trkpt lat="60.0236190" lon="10.6605740">
    <ele>381.6</ele>
   </trkpt>
   <trkpt lat="60.0236730" lon="10.6605420">
    <ele>381.0</ele>
   </trkpt>
   <trkpt lat="60.0236930" lon="10.6605300">
    <ele>380.8</ele>
   </trkpt>
   <trkpt lat="60.0237480" lon="10.6605050">
    <ele>380.2</ele>
   </trkpt>
   <trkpt lat="60.0237620" lon="10.6604840">
    <ele>380.0</ele>
   </trkpt>
   <trkpt lat="60.0238030" lon="10.6604530">
    <ele>379.5</ele>
   </trkpt>
   <trkpt lat="60.0238600" lon="10.6603640">
    <ele>379.0</ele>
   </trkpt>
   <trkpt lat="60.0238900" lon="10.6602710">
    <ele>378.8</ele>
   </trkpt>
   <trkpt lat="60.0239260" lon="10.6601660">
    <ele>378.7</ele>
   </trkpt>
   <trkpt lat="60.0239950" lon="10.6599300">
    <ele>379.0</ele>
   </trkpt>
   <trkpt lat="60.0239910" lon="10.6598780">
    <ele>379.2</ele>
   </trkpt>
   <trkpt lat="60.0239840" lon="10.6598070">
    <ele>379.5</ele>
   </trkpt>
   <trkpt lat="60.0239760" lon="10.6597670">
    <ele>379.6</ele>
   </trkpt>
   <trkpt lat="60.0239550" lon="10.6595640">
    <ele>380.5</ele>
   </trkpt>
   <trkpt lat="60.0239390" lon="10.6594910">
    <ele>380.8</ele>
   </trkpt>
   <trkpt lat="60.0239370" lon="10.6593590">
    <ele>381.3</ele>
   </trkpt>
   <trkpt lat="60.0239270" lon="10.6592280">
    <ele>381.8</ele>
   </trkpt>
   <trkpt lat="60.0239500" lon="10.6591600">
    <ele>382.0</ele>
   </trkpt>
   <trkpt lat="60.0240260" lon="10.6589870">
    <ele>382.6</ele>
   </trkpt>
   <trkpt lat="60.0241230" lon="10.6588640">
    <ele>383.4</ele>
   </trkpt>
   <trkpt lat="60.0242080" lon="10.6588320">
    <ele>384.2</ele>
   </trkpt>
   <trkpt lat="60.0243670" lon="10.6587630">
    <ele>385.1</ele>
   </trkpt>
   <trkpt lat="60.0244500" lon="10.6587190">
    <ele>385.3</ele>
   </trkpt>
   <trkpt lat="60.0245280" lon="10.6586860">
    <ele>385.4</ele>
   </trkpt>
   <trkpt lat="60.0246870" lon="10.6586260">
    <ele>386.0</ele>
   </trkpt>
   <trkpt lat="60.0247390" lon="10.6585870">
    <ele>386.2</ele>
   </trkpt>
   <trkpt lat="60.0248740" lon="10.6585880">
    <ele>386.4</ele>
   </trkpt>
   <trkpt lat="60.0250430" lon="10.6586260">
    <ele>386.5</ele>
   </trkpt>
   <trkpt lat="60.0250830" lon="10.6586130">
    <ele>386.5</ele>
   </trkpt>
   <trkpt lat="60.0252580" lon="10.6585980">
    <ele>386.4</ele>
   </trkpt>
   <trkpt lat="60.0254370" lon="10.6586700">
    <ele>385.6</ele>
   </trkpt>
   <trkpt lat="60.0254950" lon="10.6587070">
    <ele>385.2</ele>
   </trkpt>
   <trkpt lat="60.0256130" lon="10.6587910">
    <ele>384.1</ele>
   </trkpt>
   <trkpt lat="60.0258070" lon="10.6589480">
    <ele>381.8</ele>
   </trkpt>
   <trkpt lat="60.0258400" lon="10.6589620">
    <ele>381.4</ele>
   </trkpt>
   <trkpt lat="60.0259730" lon="10.6589170">
    <ele>380.0</ele>
   </trkpt>
   <trkpt lat="60.0260000" lon="10.6588850">
    <ele>379.8</ele>
   </trkpt>
   <trkpt lat="60.0261070" lon="10.6587330">
    <ele>378.8</ele>
   </trkpt>
   <trkpt lat="60.0262190" lon="10.6585210">
    <ele>378.1</ele>
   </trkpt>
   <trkpt lat="60.0263430" lon="10.6583450">
    <ele>377.4</ele>
   </trkpt>
   <trkpt lat="60.0264510" lon="10.6582380">
    <ele>376.3</ele>
   </trkpt>
   <trkpt lat="60.0265040" lon="10.6582010">
    <ele>375.7</ele>
   </trkpt>
   <trkpt lat="60.0266270" lon="10.6581450">
    <ele>374.1</ele>
   </trkpt>
   <trkpt lat="60.0268390" lon="10.6580800">
    <ele>372.4</ele>
   </trkpt>
   <trkpt lat="60.0270220" lon="10.6579690">
    <ele>370.5</ele>
   </trkpt>
   <trkpt lat="60.0271620" lon="10.6578670">
    <ele>368.7</ele>
   </trkpt>
   <trkpt lat="60.0272390" lon="10.6578500">
    <ele>367.5</ele>
   </trkpt>
   <trkpt lat="60.0273790" lon="10.6577330">
    <ele>365.4</ele>
   </trkpt>
   <trkpt lat="60.0274470" lon="10.6576190">
    <ele>364.3</ele>
   </trkpt>
   <trkpt lat="60.0275080" lon="10.6573960">
    <ele>362.9</ele>
   </trkpt>
   <trkpt lat="60.0275480" lon="10.6572240">
    <ele>361.8</ele>
   </trkpt>
   <trkpt lat="60.0275470" lon="10.6570020">
    <ele>360.7</ele>
   </trkpt>
   <trkpt lat="60.0275740" lon="10.6568400">
    <ele>359.7</ele>
   </trkpt>
   <trkpt lat="60.0275960" lon="10.6567280">
    <ele>359.1</ele>
   </trkpt>
   <trkpt lat="60.0276120" lon="10.6566650">
    <ele>358.6</ele>
   </trkpt>
   <trkpt lat="60.0276150" lon="10.6565120">
    <ele>357.6</ele>
   </trkpt>
   <trkpt lat="60.0276040" lon="10.6563820">
    <ele>356.6</ele>
   </trkpt>
   <trkpt lat="60.0276030" lon="10.6563650">
    <ele>356.5</ele>
   </trkpt>
   <trkpt lat="60.0276020" lon="10.6563530">
    <ele>356.4</ele>
   </trkpt>
   <trkpt lat="60.0275960" lon="10.6563480">
    <ele>356.3</ele>
   </trkpt>
   <trkpt lat="60.0276100" lon="10.6563140">
    <ele>355.9</ele>
   </trkpt>
   <trkpt lat="60.0276400" lon="10.6562670">
    <ele>355.8</ele>
   </trkpt>
   <trkpt lat="60.0276800" lon="10.6561930">
    <ele>355.6</ele>
   </trkpt>
   <trkpt lat="60.0277090" lon="10.6560860">
    <ele>355.1</ele>
   </trkpt>
   <trkpt lat="60.0277290" lon="10.6560070">
    <ele>354.9</ele>
   </trkpt>
   <trkpt lat="60.0277550" lon="10.6559640">
    <ele>354.9</ele>
   </trkpt>
   <trkpt lat="60.0278220" lon="10.6558890">
    <ele>355.5</ele>
   </trkpt>
   <trkpt lat="60.0278370" lon="10.6558540">
    <ele>355.6</ele>
   </trkpt>
   <trkpt lat="60.0278590" lon="10.6557840">
    <ele>355.7</ele>
   </trkpt>
   <trkpt lat="60.0278750" lon="10.6557080">
    <ele>355.5</ele>
   </trkpt>
   <trkpt lat="60.0278810" lon="10.6556750">
    <ele>355.6</ele>
   </trkpt>
   <trkpt lat="60.0278880" lon="10.6556560">
    <ele>355.4</ele>
   </trkpt>
   <trkpt lat="60.0278970" lon="10.6556400">
    <ele>355.4</ele>
   </trkpt>
   <trkpt lat="60.0279230" lon="10.6555820">
    <ele>355.7</ele>
   </trkpt>
   <trkpt lat="60.0279370" lon="10.6555100">
    <ele>355.2</ele>
   </trkpt>
   <trkpt lat="60.0279460" lon="10.6553940">
    <ele>354.8</ele>
   </trkpt>
   <trkpt lat="60.0279580" lon="10.6552930">
    <ele>354.2</ele>
   </trkpt>
   <trkpt lat="60.0279570" lon="10.6552520">
    <ele>353.9</ele>
   </trkpt>
   <trkpt lat="60.0279640" lon="10.6551980">
    <ele>353.8</ele>
   </trkpt>
   <trkpt lat="60.0279770" lon="10.6551700">
    <ele>353.5</ele>
   </trkpt>
   <trkpt lat="60.0280100" lon="10.6551330">
    <ele>353.7</ele>
   </trkpt>
   <trkpt lat="60.0280220" lon="10.6551010">
    <ele>353.4</ele>
   </trkpt>
   <trkpt lat="60.0280380" lon="10.6550490">
    <ele>353.3</ele>
   </trkpt>
   <trkpt lat="60.0280420" lon="10.6550320">
    <ele>353.3</ele>
   </trkpt>
   <trkpt lat="60.0280410" lon="10.6549780">
    <ele>352.9</ele>
   </trkpt>
   <trkpt lat="60.0280480" lon="10.6549370">
    <ele>352.8</ele>
   </trkpt>
   <trkpt lat="60.0280500" lon="10.6549200">
    <ele>352.8</ele>
   </trkpt>
   <trkpt lat="60.0280610" lon="10.6548070">
    <ele>352.6</ele>
   </trkpt>
   <trkpt lat="60.0280520" lon="10.6547490">
    <ele>352.5</ele>
   </trkpt>
   <trkpt lat="60.0280490" lon="10.6546830">
    <ele>352.2</ele>
   </trkpt>
   <trkpt lat="60.0280640" lon="10.6545000">
    <ele>352.3</ele>
   </trkpt>
   <trkpt lat="60.0280550" lon="10.6544470">
    <ele>352.1</ele>
   </trkpt>
   <trkpt lat="60.0280200" lon="10.6543530">
    <ele>351.1</ele>
   </trkpt>
   <trkpt lat="60.0280160" lon="10.6543070">
    <ele>350.8</ele>
   </trkpt>
   <trkpt lat="60.0280220" lon="10.6542470">
    <ele>350.1</ele>
   </trkpt>
   <trkpt lat="60.0280440" lon="10.6541340">
    <ele>349.6</ele>
   </trkpt>
   <trkpt lat="60.0281230" lon="10.6539970">
    <ele>349.2</ele>
   </trkpt>
   <trkpt lat="60.0281380" lon="10.6539760">
    <ele>349.1</ele>
   </trkpt>
   <trkpt lat="60.0281680" lon="10.6538860">
    <ele>349.0</ele>
   </trkpt>
   <trkpt lat="60.0281770" lon="10.6538530">
    <ele>348.9</ele>
   </trkpt>
   <trkpt lat="60.0282220" lon="10.6537400">
    <ele>348.5</ele>
   </trkpt>
   <trkpt lat="60.0282500" lon="10.6536690">
    <ele>348.1</ele>
   </trkpt>
   <trkpt lat="60.0283440" lon="10.6533870">
    <ele>347.4</ele>
   </trkpt>
   <trkpt lat="60.0283730" lon="10.6532810">
    <ele>347.7</ele>
   </trkpt>
   <trkpt lat="60.0284090" lon="10.6532040">
    <ele>348.1</ele>
   </trkpt>
   <trkpt lat="60.0285230" lon="10.6531900">
    <ele>348.6</ele>
   </trkpt>
   <trkpt lat="60.0285670" lon="10.6531620">
    <ele>348.9</ele>
   </trkpt>
   <trkpt lat="60.0285930" lon="10.6531350">
    <ele>349.1</ele>
   </trkpt>
   <trkpt lat="60.0286480" lon="10.6530610">
    <ele>349.9</ele>
   </trkpt>
   <trkpt lat="60.0287340" lon="10.6529360">
    <ele>351.7</ele>
   </trkpt>
   <trkpt lat="60.0287910" lon="10.6528700">
    <ele>352.7</ele>
   </trkpt>
   <trkpt lat="60.0288430" lon="10.6528190">
    <ele>353.3</ele>
   </trkpt>
   <trkpt lat="60.0288930" lon="10.6526970">
    <ele>353.8</ele>
   </trkpt>
   <trkpt lat="60.0289370" lon="10.6525020">
    <ele>353.7</ele>
   </trkpt>
   <trkpt lat="60.0289990" lon="10.6521420">
    <ele>352.2</ele>
   </trkpt>
   <trkpt lat="60.0290630" lon="10.6519320">
    <ele>351.4</ele>
   </trkpt>
   <trkpt lat="60.0290880" lon="10.6517810">
    <ele>351.2</ele>
   </trkpt>
   <trkpt lat="60.0291150" lon="10.6516930">
    <ele>351.0</ele>
   </trkpt>
   <trkpt lat="60.0291620" lon="10.6515080">
    <ele>350.7</ele>
   </trkpt>
   <trkpt lat="60.0291880" lon="10.6514220">
    <ele>350.6</ele>
   </trkpt>
   <trkpt lat="60.0292730" lon="10.6511350">
    <ele>351.0</ele>
   </trkpt>
   <trkpt lat="60.0293210" lon="10.6510500">
    <ele>351.1</ele>
   </trkpt>
   <trkpt lat="60.0293580" lon="10.6510180">
    <ele>351.2</ele>
   </trkpt>
   <trkpt lat="60.0294160" lon="10.6509410">
    <ele>351.2</ele>
   </trkpt>
   <trkpt lat="60.0295050" lon="10.6508530">
    <ele>351.2</ele>
   </trkpt>
   <trkpt lat="60.0295280" lon="10.6508380">
    <ele>351.2</ele>
   </trkpt>
   <trkpt lat="60.0296620" lon="10.6507600">
    <ele>351.6</ele>
   </trkpt>
   <trkpt lat="60.0297890" lon="10.6506880">
    <ele>352.1</ele>
   </trkpt>
   <trkpt lat="60.0298800" lon="10.6506190">
    <ele>352.3</ele>
   </trkpt>
   <trkpt lat="60.0299320" lon="10.6506180">
    <ele>352.4</ele>
   </trkpt>
   <trkpt lat="60.0300390" lon="10.6506020">
    <ele>352.7</ele>
   </trkpt>
   <trkpt lat="60.0301610" lon="10.6505680">
    <ele>352.6</ele>
   </trkpt>
   <trkpt lat="60.0302720" lon="10.6504880">
    <ele>352.4</ele>
   </trkpt>
   <trkpt lat="60.0303870" lon="10.6505010">
    <ele>353.0</ele>
   </trkpt>
   <trkpt lat="60.0304620" lon="10.6506310">
    <ele>353.6</ele>
   </trkpt>
   <trkpt lat="60.0304890" lon="10.6507000">
    <ele>354.0</ele>
   </trkpt>
   <trkpt lat="60.0305120" lon="10.6507680">
    <ele>354.5</ele>
   </trkpt>
   <trkpt lat="60.0305350" lon="10.6507780">
    <ele>354.7</ele>
   </trkpt>
   <trkpt lat="60.0306050" lon="10.6507770">
    <ele>354.7</ele>
   </trkpt>
   <trkpt lat="60.0307320" lon="10.6507080">
    <ele>354.7</ele>
   </trkpt>
   <trkpt lat="60.0308020" lon="10.6506950">
    <ele>355.0</ele>
   </trkpt>
   <trkpt lat="60.0308500" lon="10.6506900">
    <ele>355.1</ele>
   </trkpt>
   <trkpt lat="60.0310190" lon="10.6506540">
    <ele>355.2</ele>
   </trkpt>
   <trkpt lat="60.0311250" lon="10.6506520">
    <ele>355.1</ele>
   </trkpt>
   <trkpt lat="60.0311470" lon="10.6506510">
    <ele>355.1</ele>
   </trkpt>
   <trkpt lat="60.0312340" lon="10.6506410">
    <ele>355.3</ele>
   </trkpt>
   <trkpt lat="60.0312870" lon="10.6506350">
    <ele>355.4</ele>
   </trkpt>
   <trkpt lat="60.0313830" lon="10.6506190">
    <ele>355.7</ele>
   </trkpt>
   <trkpt lat="60.0314470" lon="10.6505930">
    <ele>355.8</ele>
   </trkpt>
   <trkpt lat="60.0314660" lon="10.6505850">
    <ele>355.9</ele>
   </trkpt>
   <trkpt lat="60.0315590" lon="10.6505730">
    <ele>356.1</ele>
   </trkpt>
   <trkpt lat="60.0315790" lon="10.6505650">
    <ele>356.1</ele>
   </trkpt>
   <trkpt lat="60.0316720" lon="10.6505980">
    <ele>356.2</ele>
   </trkpt>
   <trkpt lat="60.0316930" lon="10.6505970">
    <ele>356.2</ele>
   </trkpt>
   <trkpt lat="60.0317580" lon="10.6505950">
    <ele>356.4</ele>
   </trkpt>
   <trkpt lat="60.0317830" lon="10.6505690">
    <ele>356.5</ele>
   </trkpt>
   <trkpt lat="60.0318090" lon="10.6505480">
    <ele>356.2</ele>
   </trkpt>
   <trkpt lat="60.0318690" lon="10.6505430">
    <ele>356.3</ele>
   </trkpt>
   <trkpt lat="60.0319510" lon="10.6505200">
    <ele>356.4</ele>
   </trkpt>
   <trkpt lat="60.0320040" lon="10.6504850">
    <ele>356.1</ele>
   </trkpt>
   <trkpt lat="60.0320530" lon="10.6504560">
    <ele>355.7</ele>
   </trkpt>
   <trkpt lat="60.0320710" lon="10.6504440">
    <ele>355.8</ele>
   </trkpt>
   <trkpt lat="60.0321410" lon="10.6503940">
    <ele>355.5</ele>
   </trkpt>
   <trkpt lat="60.0321580" lon="10.6503850">
    <ele>355.3</ele>
   </trkpt>
   <trkpt lat="60.0321770" lon="10.6503730">
    <ele>355.3</ele>
   </trkpt>
   <trkpt lat="60.0322330" lon="10.6503130">
    <ele>355.3</ele>
   </trkpt>
   <trkpt lat="60.0322980" lon="10.6502330">
    <ele>355.3</ele>
   </trkpt>
   <trkpt lat="60.0323130" lon="10.6502100">
    <ele>355.2</ele>
   </trkpt>
   <trkpt lat="60.0324120" lon="10.6501460">
    <ele>355.6</ele>
   </trkpt>
   <trkpt lat="60.0324580" lon="10.6501350">
    <ele>356.0</ele>
   </trkpt>
   <trkpt lat="60.0325460" lon="10.6500810">
    <ele>356.2</ele>
   </trkpt>
   <trkpt lat="60.0325550" lon="10.6500800">
    <ele>356.4</ele>
   </trkpt>
   <trkpt lat="60.0325730" lon="10.6500970">
    <ele>356.9</ele>
   </trkpt>
   <trkpt lat="60.0325780" lon="10.6501130">
    <ele>356.9</ele>
   </trkpt>
   <trkpt lat="60.0326010" lon="10.6501650">
    <ele>357.5</ele>
   </trkpt>
   <trkpt lat="60.0326320" lon="10.6501940">
    <ele>358.2</ele>
   </trkpt>
   <trkpt lat="60.0326520" lon="10.6501680">
    <ele>358.0</ele>
   </trkpt>
   <trkpt lat="60.0326810" lon="10.6501680">
    <ele>358.4</ele>
   </trkpt>
   <trkpt lat="60.0326870" lon="10.6501850">
    <ele>358.8</ele>
   </trkpt>
   <trkpt lat="60.0326900" lon="10.6501800">
    <ele>358.8</ele>
   </trkpt>
   <trkpt lat="60.0326990" lon="10.6501460">
    <ele>358.4</ele>
   </trkpt>
   <trkpt lat="60.0327260" lon="10.6501140">
    <ele>358.5</ele>
   </trkpt>
   <trkpt lat="60.0327520" lon="10.6501230">
    <ele>358.8</ele>
   </trkpt>
   <trkpt lat="60.0327830" lon="10.6501340">
    <ele>359.4</ele>
   </trkpt>
   <trkpt lat="60.0328170" lon="10.6501230">
    <ele>359.7</ele>
   </trkpt>
   <trkpt lat="60.0328340" lon="10.6501120">
    <ele>360.1</ele>
   </trkpt>
   <trkpt lat="60.0328560" lon="10.6501020">
    <ele>360.5</ele>
   </trkpt>
   <trkpt lat="60.0329370" lon="10.6501060">
    <ele>361.7</ele>
   </trkpt>
   <trkpt lat="60.0329400" lon="10.6501330">
    <ele>362.5</ele>
   </trkpt>
   <trkpt lat="60.0329340" lon="10.6501560">
    <ele>362.1</ele>
   </trkpt>
   <trkpt lat="60.0329340" lon="10.6501560">
    <ele>362.1</ele>
   </trkpt>
   <trkpt lat="60.0329370" lon="10.6501640">
    <ele>362.1</ele>
   </trkpt>
   <trkpt lat="60.0329410" lon="10.6501800">
    <ele>362.9</ele>
   </trkpt>
   <trkpt lat="60.0329560" lon="10.6502080">
    <ele>362.9</ele>
   </trkpt>
   <trkpt lat="60.0329660" lon="10.6502100">
    <ele>363.3</ele>
   </trkpt>
   <trkpt lat="60.0329770" lon="10.6502130">
    <ele>363.3</ele>
   </trkpt>
   <trkpt lat="60.0330110" lon="10.6502050">
    <ele>364.1</ele>
   </trkpt>
   <trkpt lat="60.0330270" lon="10.6501920">
    <ele>364.4</ele>
   </trkpt>
   <trkpt lat="60.0330640" lon="10.6501820">
    <ele>364.8</ele>
   </trkpt>
   <trkpt lat="60.0330800" lon="10.6501700">
    <ele>364.8</ele>
   </trkpt>
   <trkpt lat="60.0331200" lon="10.6501420">
    <ele>365.4</ele>
   </trkpt>
   <trkpt lat="60.0331700" lon="10.6501530">
    <ele>365.9</ele>
   </trkpt>
   <trkpt lat="60.0331890" lon="10.6501600">
    <ele>366.2</ele>
   </trkpt>
   <trkpt lat="60.0331990" lon="10.6501560">
    <ele>366.5</ele>
   </trkpt>
   <trkpt lat="60.0332560" lon="10.6501540">
    <ele>367.0</ele>
   </trkpt>
   <trkpt lat="60.0333680" lon="10.6500070">
    <ele>367.8</ele>
   </trkpt>
   <trkpt lat="60.0334370" lon="10.6496680">
    <ele>366.5</ele>
   </trkpt>
   <trkpt lat="60.0334540" lon="10.6494870">
    <ele>365.9</ele>
   </trkpt>
   <trkpt lat="60.0334670" lon="10.6494310">
    <ele>365.7</ele>
   </trkpt>
   <trkpt lat="60.0335390" lon="10.6492270">
    <ele>364.9</ele>
   </trkpt>
   <trkpt lat="60.0336270" lon="10.6491050">
    <ele>364.2</ele>
   </trkpt>
   <trkpt lat="60.0336970" lon="10.6489990">
    <ele>363.7</ele>
   </trkpt>
   <trkpt lat="60.0337670" lon="10.6489020">
    <ele>363.3</ele>
   </trkpt>
   <trkpt lat="60.0339230" lon="10.6486310">
    <ele>362.5</ele>
   </trkpt>
   <trkpt lat="60.0340180" lon="10.6483650">
    <ele>362.0</ele>
   </trkpt>
   <trkpt lat="60.0340370" lon="10.6483030">
    <ele>361.9</ele>
   </trkpt>
   <trkpt lat="60.0340880" lon="10.6479340">
    <ele>361.4</ele>
   </trkpt>
   <trkpt lat="60.0340870" lon="10.6478640">
    <ele>361.3</ele>
   </trkpt>
   <trkpt lat="60.0341150" lon="10.6476560">
    <ele>361.0</ele>
   </trkpt>
   <trkpt lat="60.0341300" lon="10.6475260">
    <ele>360.7</ele>
   </trkpt>
   <trkpt lat="60.0341950" lon="10.6472470">
    <ele>359.9</ele>
   </trkpt>
   <trkpt lat="60.0343150" lon="10.6470700">
    <ele>359.1</ele>
   </trkpt>
   <trkpt lat="60.0343450" lon="10.6470400">
    <ele>358.9</ele>
   </trkpt>
   <trkpt lat="60.0343730" lon="10.6470080">
    <ele>358.8</ele>
   </trkpt>
   <trkpt lat="60.0344420" lon="10.6468900">
    <ele>358.3</ele>
   </trkpt>
   <trkpt lat="60.0345500" lon="10.6465730">
    <ele>357.1</ele>
   </trkpt>
   <trkpt lat="60.0345340" lon="10.6462580">
    <ele>356.2</ele>
   </trkpt>
   <trkpt lat="60.0345320" lon="10.6459680">
    <ele>355.5</ele>
   </trkpt>
   <trkpt lat="60.0345800" lon="10.6458430">
    <ele>356.5</ele>
   </trkpt>
   <trkpt lat="60.0345960" lon="10.6458350">
    <ele>356.7</ele>
   </trkpt>
   <trkpt lat="60.0347140" lon="10.6457890">
    <ele>357.8</ele>
   </trkpt>
   <trkpt lat="60.0347880" lon="10.6457340">
    <ele>358.5</ele>
   </trkpt>
   <trkpt lat="60.0348150" lon="10.6457160">
    <ele>358.8</ele>
   </trkpt>
   <trkpt lat="60.0348300" lon="10.6456920">
    <ele>359.0</ele>
   </trkpt>
   <trkpt lat="60.0348710" lon="10.6456530">
    <ele>359.4</ele>
   </trkpt>
   <trkpt lat="60.0349550" lon="10.6456130">
    <ele>360.3</ele>
   </trkpt>
   <trkpt lat="60.0350830" lon="10.6455140">
    <ele>361.6</ele>
   </trkpt>
   <trkpt lat="60.0352780" lon="10.6454750">
    <ele>363.5</ele>
   </trkpt>
   <trkpt lat="60.0353020" lon="10.6454790">
    <ele>363.7</ele>
   </trkpt>
   <trkpt lat="60.0354550" lon="10.6455510">
    <ele>365.4</ele>
   </trkpt>
   <trkpt lat="60.0354700" lon="10.6455610">
    <ele>365.5</ele>
   </trkpt>
   <trkpt lat="60.0355950" lon="10.6455720">
    <ele>366.9</ele>
   </trkpt>
   <trkpt lat="60.0357330" lon="10.6454960">
    <ele>368.4</ele>
   </trkpt>
   <trkpt lat="60.0357580" lon="10.6454680">
    <ele>368.7</ele>
   </trkpt>
   <trkpt lat="60.0359290" lon="10.6452970">
    <ele>370.3</ele>
   </trkpt>
   <trkpt lat="60.0360540" lon="10.6450600">
    <ele>371.6</ele>
   </trkpt>
   <trkpt lat="60.0360850" lon="10.6449460">
    <ele>372.1</ele>
   </trkpt>
   <trkpt lat="60.0361250" lon="10.6448510">
    <ele>372.6</ele>
   </trkpt>
   <trkpt lat="60.0361860" lon="10.6447790">
    <ele>373.1</ele>
   </trkpt>
   <trkpt lat="60.0362570" lon="10.6447100">
    <ele>373.8</ele>
   </trkpt>
   <trkpt lat="60.0363020" lon="10.6447000">
    <ele>374.1</ele>
   </trkpt>
   <trkpt lat="60.0363120" lon="10.6447070">
    <ele>374.2</ele>
   </trkpt>
   <trkpt lat="60.0364150" lon="10.6447650">
    <ele>375.0</ele>
   </trkpt>
   <trkpt lat="60.0365680" lon="10.6448420">
    <ele>376.0</ele>
   </trkpt>
   <trkpt lat="60.0367420" lon="10.6449140">
    <ele>377.2</ele>
   </trkpt>
   <trkpt lat="60.0367750" lon="10.6449210">
    <ele>377.4</ele>
   </trkpt>
   <trkpt lat="60.0369050" lon="10.6449630">
    <ele>378.5</ele>
   </trkpt>
   <trkpt lat="60.0369950" lon="10.6450010">
    <ele>379.4</ele>
   </trkpt>
   <trkpt lat="60.0370170" lon="10.6450190">
    <ele>379.6</ele>
   </trkpt>
   <trkpt lat="60.0370860" lon="10.6450520">
    <ele>380.3</ele>
   </trkpt>
   <trkpt lat="60.0372250" lon="10.6450840">
    <ele>381.8</ele>
   </trkpt>
   <trkpt lat="60.0373720" lon="10.6450180">
    <ele>383.4</ele>
   </trkpt>
   <trkpt lat="60.0374920" lon="10.6449060">
    <ele>384.8</ele>
   </trkpt>
   <trkpt lat="60.0375110" lon="10.6448830">
    <ele>385.1</ele>
   </trkpt>
   <trkpt lat="60.0375830" lon="10.6447040">
    <ele>386.1</ele>
   </trkpt>
   <trkpt lat="60.0377080" lon="10.6444380">
    <ele>387.7</ele>
   </trkpt>
   <trkpt lat="60.0377300" lon="10.6444100">
    <ele>388.0</ele>
   </trkpt>
   <trkpt lat="60.0378600" lon="10.6442460">
    <ele>389.2</ele>
   </trkpt>
   <trkpt lat="60.0378810" lon="10.6442250">
    <ele>389.4</ele>
   </trkpt>
   <trkpt lat="60.0379950" lon="10.6441210">
    <ele>390.4</ele>
   </trkpt>
   <trkpt lat="60.0380580" lon="10.6441030">
    <ele>390.9</ele>
   </trkpt>
   <trkpt lat="60.0381060" lon="10.6440790">
    <ele>391.2</ele>
   </trkpt>
   <trkpt lat="60.0381780" lon="10.6440590">
    <ele>391.7</ele>
   </trkpt>
   <trkpt lat="60.0382580" lon="10.6440500">
    <ele>392.3</ele>
   </trkpt>
   <trkpt lat="60.0383050" lon="10.6440420">
    <ele>392.6</ele>
   </trkpt>
   <trkpt lat="60.0384270" lon="10.6440030">
    <ele>393.4</ele>
   </trkpt>
   <trkpt lat="60.0384480" lon="10.6440040">
    <ele>393.5</ele>
   </trkpt>
   <trkpt lat="60.0385820" lon="10.6439900">
    <ele>394.3</ele>
   </trkpt>
   <trkpt lat="60.0387080" lon="10.6439780">
    <ele>395.0</ele>
   </trkpt>
   <trkpt lat="60.0388520" lon="10.6439640">
    <ele>395.9</ele>
   </trkpt>
   <trkpt lat="60.0389560" lon="10.6440000">
    <ele>396.5</ele>
   </trkpt>
   <trkpt lat="60.0390200" lon="10.6440720">
    <ele>397.0</ele>
   </trkpt>
   <trkpt lat="60.0390840" lon="10.6441780">
    <ele>397.7</ele>
   </trkpt>
   <trkpt lat="60.0391670" lon="10.6442970">
    <ele>398.5</ele>
   </trkpt>
   <trkpt lat="60.0391940" lon="10.6443460">
    <ele>398.8</ele>
   </trkpt>
   <trkpt lat="60.0392130" lon="10.6443590">
    <ele>399.0</ele>
   </trkpt>
   <trkpt lat="60.0392500" lon="10.6443950">
    <ele>399.3</ele>
   </trkpt>
   <trkpt lat="60.0392910" lon="10.6444230">
    <ele>399.7</ele>
   </trkpt>
   <trkpt lat="60.0393720" lon="10.6444310">
    <ele>400.2</ele>
   </trkpt>
   <trkpt lat="60.0393900" lon="10.6444260">
    <ele>400.4</ele>
   </trkpt>
   <trkpt lat="60.0394120" lon="10.6444170">
    <ele>400.5</ele>
   </trkpt>
   <trkpt lat="60.0395150" lon="10.6443510">
    <ele>401.2</ele>
   </trkpt>
   <trkpt lat="60.0395710" lon="10.6443060">
    <ele>401.5</ele>
   </trkpt>
   <trkpt lat="60.0396470" lon="10.6442370">
    <ele>402.0</ele>
   </trkpt>
   <trkpt lat="60.0397240" lon="10.6441910">
    <ele>402.4</ele>
   </trkpt>
   <trkpt lat="60.0397680" lon="10.6441940">
    <ele>402.7</ele>
   </trkpt>
   <trkpt lat="60.0398460" lon="10.6442110">
    <ele>403.1</ele>
   </trkpt>
   <trkpt lat="60.0398910" lon="10.6442420">
    <ele>403.4</ele>
   </trkpt>
   <trkpt lat="60.0399420" lon="10.6442710">
    <ele>403.7</ele>
   </trkpt>
   <trkpt lat="60.0400840" lon="10.6443340">
    <ele>404.4</ele>
   </trkpt>
   <trkpt lat="60.0402440" lon="10.6443040">
    <ele>405.1</ele>
   </trkpt>
   <trkpt lat="60.0403380" lon="10.6442670">
    <ele>405.4</ele>
   </trkpt>
   <trkpt lat="60.0405080" lon="10.6442100">
    <ele>405.9</ele>
   </trkpt>
   <trkpt lat="60.0406680" lon="10.6441330">
    <ele>406.1</ele>
   </trkpt>
   <trkpt lat="60.0408500" lon="10.6441300">
    <ele>406.4</ele>
   </trkpt>
   <trkpt lat="60.0410370" lon="10.6442270">
    <ele>407.0</ele>
   </trkpt>
   <trkpt lat="60.0410670" lon="10.6442530">
    <ele>407.1</ele>
   </trkpt>
   <trkpt lat="60.0411990" lon="10.6444330">
    <ele>408.0</ele>
   </trkpt>
   <trkpt lat="60.0412910" lon="10.6446040">
    <ele>408.8</ele>
   </trkpt>
   <trkpt lat="60.0414160" lon="10.6445900">
    <ele>409.7</ele>
   </trkpt>
   <trkpt lat="60.0415430" lon="10.6445160">
    <ele>410.6</ele>
   </trkpt>
   <trkpt lat="60.0416930" lon="10.6443500">
    <ele>411.8</ele>
   </trkpt>
   <trkpt lat="60.0417750" lon="10.6442050">
    <ele>412.5</ele>
   </trkpt>
   <trkpt lat="60.0418570" lon="10.6440950">
    <ele>413.3</ele>
   </trkpt>
   <trkpt lat="60.0418850" lon="10.6440590">
    <ele>413.6</ele>
   </trkpt>
   <trkpt lat="60.0419820" lon="10.6439460">
    <ele>414.6</ele>
   </trkpt>
   <trkpt lat="60.0420680" lon="10.6438860">
    <ele>415.4</ele>
   </trkpt>
   <trkpt lat="60.0421180" lon="10.6438460">
    <ele>415.8</ele>
   </trkpt>
   <trkpt lat="60.0421440" lon="10.6438450">
    <ele>416.1</ele>
   </trkpt>
   <trkpt lat="60.0421720" lon="10.6438440">
    <ele>416.3</ele>
   </trkpt>
   <trkpt lat="60.0422220" lon="10.6438760">
    <ele>416.8</ele>
   </trkpt>
   <trkpt lat="60.0422520" lon="10.6439090">
    <ele>417.1</ele>
   </trkpt>
   <trkpt lat="60.0422900" lon="10.6439380">
    <ele>417.4</ele>
   </trkpt>
   <trkpt lat="60.0423730" lon="10.6439990">
    <ele>418.1</ele>
   </trkpt>
   <trkpt lat="60.0423910" lon="10.6440070">
    <ele>418.2</ele>
   </trkpt>
   <trkpt lat="60.0425040" lon="10.6440440">
    <ele>419.0</ele>
   </trkpt>
   <trkpt lat="60.0425870" lon="10.6440290">
    <ele>419.6</ele>
   </trkpt>
   <trkpt lat="60.0426560" lon="10.6440080">
    <ele>420.1</ele>
   </trkpt>
   <trkpt lat="60.0428170" lon="10.6439800">
    <ele>421.4</ele>
   </trkpt>
   <trkpt lat="60.0429910" lon="10.6438870">
    <ele>422.8</ele>
   </trkpt>
   <trkpt lat="60.0431830" lon="10.6437660">
    <ele>424.3</ele>
   </trkpt>
   <trkpt lat="60.0432660" lon="10.6436990">
    <ele>424.9</ele>
   </trkpt>
   <trkpt lat="60.0433100" lon="10.6436530">
    <ele>425.3</ele>
   </trkpt>
   <trkpt lat="60.0434280" lon="10.6435120">
    <ele>426.3</ele>
   </trkpt>
   <trkpt lat="60.0434480" lon="10.6434840">
    <ele>426.4</ele>
   </trkpt>
   <trkpt lat="60.0435750" lon="10.6434050">
    <ele>427.3</ele>
   </trkpt>
   <trkpt lat="60.0437370" lon="10.6432570">
    <ele>427.9</ele>
   </trkpt>
   <trkpt lat="60.0438530" lon="10.6431050">
    <ele>428.1</ele>
   </trkpt>
   <trkpt lat="60.0439790" lon="10.6429070">
    <ele>428.1</ele>
   </trkpt>
   <trkpt lat="60.0440850" lon="10.6427960">
    <ele>428.0</ele>
   </trkpt>
   <trkpt lat="60.0441360" lon="10.6427410">
    <ele>428.0</ele>
   </trkpt>
   <trkpt lat="60.0442140" lon="10.6426580">
    <ele>428.0</ele>
   </trkpt>
   <trkpt lat="60.0443710" lon="10.6424680">
    <ele>428.0</ele>
   </trkpt>
   <trkpt lat="60.0443940" lon="10.6424410">
    <ele>428.0</ele>
   </trkpt>
   <trkpt lat="60.0445600" lon="10.6422970">
    <ele>428.1</ele>
   </trkpt>
   <trkpt lat="60.0445880" lon="10.6422710">
    <ele>428.2</ele>
   </trkpt>
   <trkpt lat="60.0447480" lon="10.6420700">
    <ele>428.5</ele>
   </trkpt>
   <trkpt lat="60.0447700" lon="10.6420430">
    <ele>428.6</ele>
   </trkpt>
   <trkpt lat="60.0449550" lon="10.6418390">
    <ele>429.3</ele>
   </trkpt>
   <trkpt lat="60.0449820" lon="10.6418150">
    <ele>429.4</ele>
   </trkpt>
   <trkpt lat="60.0450720" lon="10.6416980">
    <ele>429.8</ele>
   </trkpt>
   <trkpt lat="60.0451000" lon="10.6416740">
    <ele>430.0</ele>
   </trkpt>
   <trkpt lat="60.0452760" lon="10.6415760">
    <ele>430.6</ele>
   </trkpt>
   <trkpt lat="60.0453590" lon="10.6415260">
    <ele>430.8</ele>
   </trkpt>
   <trkpt lat="60.0454060" lon="10.6414970">
    <ele>430.9</ele>
   </trkpt>
   <trkpt lat="60.0455120" lon="10.6414690">
    <ele>430.9</ele>
   </trkpt>
   <trkpt lat="60.0456580" lon="10.6415120">
    <ele>431.1</ele>
   </trkpt>
   <trkpt lat="60.0457680" lon="10.6415550">
    <ele>431.4</ele>
   </trkpt>
   <trkpt lat="60.0458140" lon="10.6415860">
    <ele>431.6</ele>
   </trkpt>
   <trkpt lat="60.0458630" lon="10.6416240">
    <ele>431.8</ele>
   </trkpt>
   <trkpt lat="60.0458730" lon="10.6416410">
    <ele>431.9</ele>
   </trkpt>
   <trkpt lat="60.0458990" lon="10.6417010">
    <ele>432.1</ele>
   </trkpt>
   <trkpt lat="60.0459900" lon="10.6418210">
    <ele>432.9</ele>
   </trkpt>
   <trkpt lat="60.0460400" lon="10.6418660">
    <ele>433.3</ele>
   </trkpt>
   <trkpt lat="60.0461700" lon="10.6420170">
    <ele>434.5</ele>
   </trkpt>
   <trkpt lat="60.0462180" lon="10.6420750">
    <ele>435.0</ele>
   </trkpt>
   <trkpt lat="60.0462810" lon="10.6421930">
    <ele>435.7</ele>
   </trkpt>
   <trkpt lat="60.0463670" lon="10.6423470">
    <ele>436.7</ele>
   </trkpt>
   <trkpt lat="60.0464140" lon="10.6424160">
    <ele>437.2</ele>
   </trkpt>
   <trkpt lat="60.0464570" lon="10.6425070">
    <ele>437.7</ele>
   </trkpt>
   <trkpt lat="60.0465090" lon="10.6426140">
    <ele>438.4</ele>
   </trkpt>
   <trkpt lat="60.0465230" lon="10.6426410">
    <ele>438.5</ele>
   </trkpt>
   <trkpt lat="60.0466310" lon="10.6427550">
    <ele>439.7</ele>
   </trkpt>
   <trkpt lat="60.0467090" lon="10.6428450">
    <ele>440.4</ele>
   </trkpt>
   <trkpt lat="60.0467550" lon="10.6428880">
    <ele>440.8</ele>
   </trkpt>
   <trkpt lat="60.0468180" lon="10.6429210">
    <ele>441.4</ele>
   </trkpt>
   <trkpt lat="60.0468890" lon="10.6429160">
    <ele>441.9</ele>
   </trkpt>
   <trkpt lat="60.0469330" lon="10.6428990">
    <ele>442.2</ele>
   </trkpt>
   <trkpt lat="60.0469530" lon="10.6428910">
    <ele>442.3</ele>
   </trkpt>
   <trkpt lat="60.0470030" lon="10.6428810">
    <ele>442.7</ele>
   </trkpt>
   <trkpt lat="60.0470710" lon="10.6428560">
    <ele>443.0</ele>
   </trkpt>
   <trkpt lat="60.0471230" lon="10.6428440">
    <ele>443.2</ele>
   </trkpt>
   <trkpt lat="60.0472720" lon="10.6427990">
    <ele>443.5</ele>
   </trkpt>
   <trkpt lat="60.0474530" lon="10.6427630">
    <ele>443.3</ele>
   </trkpt>
   <trkpt lat="60.0474530" lon="10.6427630">
    <ele>443.3</ele>
   </trkpt>
   <trkpt lat="60.0476370" lon="10.6427210">
    <ele>442.6</ele>
   </trkpt>
   <trkpt lat="60.0476670" lon="10.6427200">
    <ele>442.5</ele>
   </trkpt>
   <trkpt lat="60.0477030" lon="10.6427220">
    <ele>442.3</ele>
   </trkpt>
   <trkpt lat="60.0478770" lon="10.6426800">
    <ele>441.4</ele>
   </trkpt>
   <trkpt lat="60.0479150" lon="10.6426690">
    <ele>441.2</ele>
   </trkpt>
   <trkpt lat="60.0479840" lon="10.6426530">
    <ele>440.8</ele>
   </trkpt>
   <trkpt lat="60.0481620" lon="10.6425960">
    <ele>439.7</ele>
   </trkpt>
   <trkpt lat="60.0481970" lon="10.6425900">
    <ele>439.5</ele>
   </trkpt>
   <trkpt lat="60.0482640" lon="10.6425600">
    <ele>439.2</ele>
   </trkpt>
   <trkpt lat="60.0483990" lon="10.6424760">
    <ele>438.3</ele>
   </trkpt>
   <trkpt lat="60.0485880" lon="10.6423150">
    <ele>437.4</ele>
   </trkpt>
   <trkpt lat="60.0486130" lon="10.6422810">
    <ele>437.3</ele>
   </trkpt>
   <trkpt lat="60.0486870" lon="10.6421720">
    <ele>436.9</ele>
   </trkpt>
   <trkpt lat="60.0487940" lon="10.6419900">
    <ele>436.3</ele>
   </trkpt>
   <trkpt lat="60.0488980" lon="10.6418080">
    <ele>435.8</ele>
   </trkpt>
   <trkpt lat="60.0489450" lon="10.6417370">
    <ele>435.6</ele>
   </trkpt>
   <trkpt lat="60.0490400" lon="10.6415990">
    <ele>435.2</ele>
   </trkpt>
   <trkpt lat="60.0490900" lon="10.6415240">
    <ele>435.0</ele>
   </trkpt>
   <trkpt lat="60.0492630" lon="10.6412890">
    <ele>434.4</ele>
   </trkpt>
   <trkpt lat="60.0493910" lon="10.6411020">
    <ele>434.1</ele>
   </trkpt>
   <trkpt lat="60.0495590" lon="10.6409000">
    <ele>433.5</ele>
   </trkpt>
   <trkpt lat="60.0495850" lon="10.6408680">
    <ele>433.4</ele>
   </trkpt>
   <trkpt lat="60.0496880" lon="10.6407350">
    <ele>432.9</ele>
   </trkpt>
   <trkpt lat="60.0497620" lon="10.6406320">
    <ele>432.6</ele>
   </trkpt>
   <trkpt lat="60.0498950" lon="10.6404000">
    <ele>431.9</ele>
   </trkpt>
   <trkpt lat="60.0499210" lon="10.6403570">
    <ele>431.8</ele>
   </trkpt>
   <trkpt lat="60.0500180" lon="10.6401940">
    <ele>431.4</ele>
   </trkpt>
   <trkpt lat="60.0500410" lon="10.6401630">
    <ele>431.3</ele>
   </trkpt>
   <trkpt lat="60.0501350" lon="10.6400170">
    <ele>430.9</ele>
   </trkpt>
   <trkpt lat="60.0501910" lon="10.6398980">
    <ele>430.6</ele>
   </trkpt>
   <trkpt lat="60.0502600" lon="10.6397860">
    <ele>430.4</ele>
   </trkpt>
   <trkpt lat="60.0503710" lon="10.6396360">
    <ele>430.2</ele>
   </trkpt>
   <trkpt lat="60.0504750" lon="10.6394710">
    <ele>430.0</ele>
   </trkpt>
   <trkpt lat="60.0505290" lon="10.6393810">
    <ele>430.0</ele>
   </trkpt>
   <trkpt lat="60.0505350" lon="10.6393710">
    <ele>430.0</ele>
   </trkpt>
   <trkpt lat="60.0505650" lon="10.6394160">
    <ele>430.0</ele>
   </trkpt>
   <trkpt lat="60.0505620" lon="10.6394170">
    <ele>430.0</ele>
   </trkpt>
   <trkpt lat="60.0505610" lon="10.6394180">
    <ele>430.0</ele>
   </trkpt>
   <trkpt lat="60.0505440" lon="10.6394010">
    <ele>430.0</ele>
   </trkpt>
   <trkpt lat="60.0505420" lon="10.6393850">
    <ele>430.0</ele>
   </trkpt>
   <trkpt lat="60.0506070" lon="10.6392940">
    <ele>430.1</ele>
   </trkpt>
   <trkpt lat="60.0506300" lon="10.6392640">
    <ele>430.1</ele>
   </trkpt>
   <trkpt lat="60.0506500" lon="10.6392300">
    <ele>430.2</ele>
   </trkpt>
   <trkpt lat="60.0506920" lon="10.6391670">
    <ele>430.2</ele>
   </trkpt>
   <trkpt lat="60.0507740" lon="10.6390450">
    <ele>430.4</ele>
   </trkpt>
   <trkpt lat="60.0507980" lon="10.6390130">
    <ele>430.4</ele>
   </trkpt>
   <trkpt lat="60.0508740" lon="10.6389100">
    <ele>430.6</ele>
   </trkpt>
   <trkpt lat="60.0509350" lon="10.6388420">
    <ele>430.7</ele>
   </trkpt>
   <trkpt lat="60.0509870" lon="10.6387760">
    <ele>430.8</ele>
   </trkpt>
   <trkpt lat="60.0510740" lon="10.6387030">
    <ele>430.9</ele>
   </trkpt>
   <trkpt lat="60.0511100" lon="10.6386810">
    <ele>430.9</ele>
   </trkpt>
   <trkpt lat="60.0511810" lon="10.6386440">
    <ele>431.0</ele>
   </trkpt>
   <trkpt lat="60.0513310" lon="10.6385870">
    <ele>430.9</ele>
   </trkpt>
   <trkpt lat="60.0514890" lon="10.6385900">
    <ele>430.5</ele>
   </trkpt>
   <trkpt lat="60.0516060" lon="10.6386230">
    <ele>430.1</ele>
   </trkpt>
   <trkpt lat="60.0516390" lon="10.6386190">
    <ele>430.0</ele>
   </trkpt>
   <trkpt lat="60.0517410" lon="10.6385920">
    <ele>429.5</ele>
   </trkpt>
   <trkpt lat="60.0519050" lon="10.6385690">
    <ele>428.7</ele>
   </trkpt>
   <trkpt lat="60.0519330" lon="10.6385530">
    <ele>428.6</ele>
   </trkpt>
   <trkpt lat="60.0521070" lon="10.6384300">
    <ele>427.9</ele>
   </trkpt>
   <trkpt lat="60.0521380" lon="10.6384090">
    <ele>427.8</ele>
   </trkpt>
   <trkpt lat="60.0522450" lon="10.6383590">
    <ele>427.5</ele>
   </trkpt>
   <trkpt lat="60.0523370" lon="10.6383010">
    <ele>427.1</ele>
   </trkpt>
   <trkpt lat="60.0524660" lon="10.6382660">
    <ele>426.7</ele>
   </trkpt>
   <trkpt lat="60.0524990" lon="10.6382620">
    <ele>426.6</ele>
   </trkpt>
   <trkpt lat="60.0525950" lon="10.6382310">
    <ele>426.3</ele>
   </trkpt>
   <trkpt lat="60.0527020" lon="10.6382300">
    <ele>426.0</ele>
   </trkpt>
   <trkpt lat="60.0527720" lon="10.6382230">
    <ele>425.8</ele>
   </trkpt>
   <trkpt lat="60.0529440" lon="10.6382170">
    <ele>425.2</ele>
   </trkpt>
   <trkpt lat="60.0530850" lon="10.6381600">
    <ele>424.8</ele>
   </trkpt>
   <trkpt lat="60.0531570" lon="10.6381070">
    <ele>424.6</ele>
   </trkpt>
   <trkpt lat="60.0532840" lon="10.6379860">
    <ele>424.1</ele>
   </trkpt>
   <trkpt lat="60.0533740" lon="10.6379050">
    <ele>423.8</ele>
   </trkpt>
   <trkpt lat="60.0535160" lon="10.6377200">
    <ele>423.3</ele>
   </trkpt>
   <trkpt lat="60.0535410" lon="10.6376860">
    <ele>423.2</ele>
   </trkpt>
   <trkpt lat="60.0536940" lon="10.6374960">
    <ele>422.7</ele>
   </trkpt>
   <trkpt lat="60.0537220" lon="10.6374680">
    <ele>422.6</ele>
   </trkpt>
   <trkpt lat="60.0538380" lon="10.6373430">
    <ele>422.3</ele>
   </trkpt>
   <trkpt lat="60.0538910" lon="10.6372810">
    <ele>422.2</ele>
   </trkpt>
   <trkpt lat="60.0540630" lon="10.6371170">
    <ele>421.8</ele>
   </trkpt>
   <trkpt lat="60.0542300" lon="10.6369570">
    <ele>421.5</ele>
   </trkpt>
   <trkpt lat="60.0542580" lon="10.6369380">
    <ele>421.5</ele>
   </trkpt>
   <trkpt lat="60.0544270" lon="10.6367680">
    <ele>421.3</ele>
   </trkpt>
   <trkpt lat="60.0544530" lon="10.6367360">
    <ele>421.2</ele>
   </trkpt>
   <trkpt lat="60.0545710" lon="10.6366140">
    <ele>421.1</ele>
   </trkpt>
   <trkpt lat="60.0545990" lon="10.6365800">
    <ele>421.0</ele>
   </trkpt>
   <trkpt lat="60.0547710" lon="10.6363540">
    <ele>420.8</ele>
   </trkpt>
   <trkpt lat="60.0548550" lon="10.6362490">
    <ele>420.6</ele>
   </trkpt>
   <trkpt lat="60.0549540" lon="10.6361040">
    <ele>420.4</ele>
   </trkpt>
   <trkpt lat="60.0550740" lon="10.6359290">
    <ele>420.1</ele>
   </trkpt>
   <trkpt lat="60.0552000" lon="10.6357870">
    <ele>419.8</ele>
   </trkpt>
   <trkpt lat="60.0552460" lon="10.6357200">
    <ele>419.6</ele>
   </trkpt>
   <trkpt lat="60.0553390" lon="10.6356120">
    <ele>419.3</ele>
   </trkpt>
   <trkpt lat="60.0553830" lon="10.6355620">
    <ele>419.2</ele>
   </trkpt>
   <trkpt lat="60.0555260" lon="10.6353820">
    <ele>418.6</ele>
   </trkpt>
   <trkpt lat="60.0556970" lon="10.6351480">
    <ele>417.9</ele>
   </trkpt>
   <trkpt lat="60.0558330" lon="10.6349710">
    <ele>417.2</ele>
   </trkpt>
   <trkpt lat="60.0558640" lon="10.6349350">
    <ele>417.0</ele>
   </trkpt>
   <trkpt lat="60.0560180" lon="10.6347090">
    <ele>416.2</ele>
   </trkpt>
   <trkpt lat="60.0560640" lon="10.6346570">
    <ele>416.0</ele>
   </trkpt>
   <trkpt lat="60.0561850" lon="10.6345540">
    <ele>415.5</ele>
   </trkpt>
   <trkpt lat="60.0562690" lon="10.6345040">
    <ele>415.2</ele>
   </trkpt>
   <trkpt lat="60.0563730" lon="10.6344570">
    <ele>415.0</ele>
   </trkpt>
   <trkpt lat="60.0564320" lon="10.6344430">
    <ele>414.8</ele>
   </trkpt>
   <trkpt lat="60.0566360" lon="10.6344910">
    <ele>414.4</ele>
   </trkpt>
   <trkpt lat="60.0568390" lon="10.6345680">
    <ele>414.0</ele>
   </trkpt>
   <trkpt lat="60.0568800" lon="10.6345770">
    <ele>414.0</ele>
   </trkpt>
   <trkpt lat="60.0570650" lon="10.6346570">
    <ele>413.6</ele>
   </trkpt>
   <trkpt lat="60.0570970" lon="10.6346760">
    <ele>413.5</ele>
   </trkpt>
   <trkpt lat="60.0572740" lon="10.6347830">
    <ele>412.9</ele>
   </trkpt>
   <trkpt lat="60.0572990" lon="10.6348060">
    <ele>412.8</ele>
   </trkpt>
   <trkpt lat="60.0574140" lon="10.6348960">
    <ele>412.2</ele>
   </trkpt>
   <trkpt lat="60.0574800" lon="10.6349360">
    <ele>411.9</ele>
   </trkpt>
   <trkpt lat="60.0576570" lon="10.6350860">
    <ele>410.9</ele>
   </trkpt>
   <trkpt lat="60.0578050" lon="10.6352400">
    <ele>410.0</ele>
   </trkpt>
   <trkpt lat="60.0579450" lon="10.6353980">
    <ele>409.3</ele>
   </trkpt>
   <trkpt lat="60.0580850" lon="10.6355470">
    <ele>408.5</ele>
   </trkpt>
   <trkpt lat="60.0581080" lon="10.6355640">
    <ele>408.4</ele>
   </trkpt>
   <trkpt lat="60.0582080" lon="10.6356840">
    <ele>407.8</ele>
   </trkpt>
   <trkpt lat="60.0584080" lon="10.6357620">
    <ele>406.7</ele>
   </trkpt>
   <trkpt lat="60.0585930" lon="10.6357930">
    <ele>405.9</ele>
   </trkpt>
   <trkpt lat="60.0587170" lon="10.6358140">
    <ele>405.3</ele>
   </trkpt>
   <trkpt lat="60.0589240" lon="10.6358870">
    <ele>404.3</ele>
   </trkpt>
   <trkpt lat="60.0591170" lon="10.6360290">
    <ele>403.4</ele>
   </trkpt>
   <trkpt lat="60.0591470" lon="10.6360650">
    <ele>403.2</ele>
   </trkpt>
   <trkpt lat="60.0593350" lon="10.6363700">
    <ele>402.0</ele>
   </trkpt>
   <trkpt lat="60.0594650" lon="10.6366520">
    <ele>401.1</ele>
   </trkpt>
   <trkpt lat="60.0594820" lon="10.6366980">
    <ele>401.0</ele>
   </trkpt>
   <trkpt lat="60.0596290" lon="10.6369670">
    <ele>400.3</ele>
   </trkpt>
   <trkpt lat="60.0597410" lon="10.6371270">
    <ele>400.0</ele>
   </trkpt>
   <trkpt lat="60.0597730" lon="10.6371680">
    <ele>399.9</ele>
   </trkpt>
   <trkpt lat="60.0598340" lon="10.6372500">
    <ele>399.7</ele>
   </trkpt>
   <trkpt lat="60.0599280" lon="10.6374130">
    <ele>399.5</ele>
   </trkpt>
   <trkpt lat="60.0600030" lon="10.6375410">
    <ele>399.4</ele>
   </trkpt>
   <trkpt lat="60.0601010" lon="10.6376650">
    <ele>399.1</ele>
   </trkpt>
   <trkpt lat="60.0602350" lon="10.6377720">
    <ele>398.6</ele>
   </trkpt>
   <trkpt lat="60.0602940" lon="10.6377850">
    <ele>398.4</ele>
   </trkpt>
   <trkpt lat="60.0604890" lon="10.6377330">
    <ele>397.3</ele>
   </trkpt>
   <trkpt lat="60.0607060" lon="10.6376600">
    <ele>396.0</ele>
   </trkpt>
   <trkpt lat="60.0608160" lon="10.6375970">
    <ele>395.3</ele>
   </trkpt>
   <trkpt lat="60.0609480" lon="10.6375230">
    <ele>394.5</ele>
   </trkpt>
   <trkpt lat="60.0610700" lon="10.6374400">
    <ele>393.8</ele>
   </trkpt>
   <trkpt lat="60.0611910" lon="10.6373620">
    <ele>393.1</ele>
   </trkpt>
   <trkpt lat="60.0612940" lon="10.6373320">
    <ele>392.5</ele>
   </trkpt>
   <trkpt lat="60.0614410" lon="10.6373270">
    <ele>391.6</ele>
   </trkpt>
   <trkpt lat="60.0615590" lon="10.6373820">
    <ele>391.0</ele>
   </trkpt>
   <trkpt lat="60.0616660" lon="10.6374640">
    <ele>390.3</ele>
   </trkpt>
   <trkpt lat="60.0617860" lon="10.6375580">
    <ele>389.6</ele>
   </trkpt>
   <trkpt lat="60.0618200" lon="10.6375810">
    <ele>389.4</ele>
   </trkpt>
   <trkpt lat="60.0620080" lon="10.6377010">
    <ele>388.3</ele>
   </trkpt>
   <trkpt lat="60.0620690" lon="10.6377400">
    <ele>387.9</ele>
   </trkpt>
   <trkpt lat="60.0621200" lon="10.6377720">
    <ele>387.6</ele>
   </trkpt>
   <trkpt lat="60.0621880" lon="10.6377700">
    <ele>387.3</ele>
   </trkpt>
   <trkpt lat="60.0622180" lon="10.6377590">
    <ele>387.1</ele>
   </trkpt>
   <trkpt lat="60.0623590" lon="10.6376530">
    <ele>386.2</ele>
   </trkpt>
   <trkpt lat="60.0625020" lon="10.6373810">
    <ele>385.1</ele>
   </trkpt>
   <trkpt lat="60.0625900" lon="10.6371770">
    <ele>384.3</ele>
   </trkpt>
   <trkpt lat="60.0626730" lon="10.6369610">
    <ele>383.5</ele>
   </trkpt>
   <trkpt lat="60.0627870" lon="10.6367910">
    <ele>383.0</ele>
   </trkpt>
   <trkpt lat="60.0628490" lon="10.6367440">
    <ele>382.9</ele>
   </trkpt>
   <trkpt lat="60.0630250" lon="10.6367220">
    <ele>382.7</ele>
   </trkpt>
   <trkpt lat="60.0630880" lon="10.6367450">
    <ele>382.5</ele>
   </trkpt>
   <trkpt lat="60.0632500" lon="10.6368500">
    <ele>382.1</ele>
   </trkpt>
   <trkpt lat="60.0633130" lon="10.6369240">
    <ele>381.9</ele>
   </trkpt>
   <trkpt lat="60.0634220" lon="10.6370640">
    <ele>381.3</ele>
   </trkpt>
   <trkpt lat="60.0635580" lon="10.6373050">
    <ele>380.4</ele>
   </trkpt>
   <trkpt lat="60.0635850" lon="10.6373410">
    <ele>380.2</ele>
   </trkpt>
   <trkpt lat="60.0636680" lon="10.6374130">
    <ele>379.7</ele>
   </trkpt>
   <trkpt lat="60.0637940" lon="10.6374870">
    <ele>378.9</ele>
   </trkpt>
   <trkpt lat="60.0640080" lon="10.6374880">
    <ele>377.7</ele>
   </trkpt>
   <trkpt lat="60.0640380" lon="10.6374850">
    <ele>377.5</ele>
   </trkpt>
   <trkpt lat="60.0642100" lon="10.6373800">
    <ele>376.6</ele>
   </trkpt>
   <trkpt lat="60.0642440" lon="10.6373520">
    <ele>376.4</ele>
   </trkpt>
   <trkpt lat="60.0644030" lon="10.6372400">
    <ele>375.5</ele>
   </trkpt>
   <trkpt lat="60.0644670" lon="10.6371830">
    <ele>375.2</ele>
   </trkpt>
   <trkpt lat="60.0646360" lon="10.6370090">
    <ele>374.5</ele>
   </trkpt>
   <trkpt lat="60.0646900" lon="10.6369540">
    <ele>374.4</ele>
   </trkpt>
   <trkpt lat="60.0647680" lon="10.6368810">
    <ele>374.3</ele>
   </trkpt>
   <trkpt lat="60.0648790" lon="10.6367860">
    <ele>374.3</ele>
   </trkpt>
   <trkpt lat="60.0650650" lon="10.6366820">
    <ele>374.4</ele>
   </trkpt>
   <trkpt lat="60.0650970" lon="10.6366730">
    <ele>374.4</ele>
   </trkpt>
   <trkpt lat="60.0652400" lon="10.6365890">
    <ele>374.4</ele>
   </trkpt>
   <trkpt lat="60.0652670" lon="10.6365730">
    <ele>374.4</ele>
   </trkpt>
   <trkpt lat="60.0654270" lon="10.6364800">
    <ele>374.5</ele>
   </trkpt>
   <trkpt lat="60.0654810" lon="10.6364540">
    <ele>374.6</ele>
   </trkpt>
   <trkpt lat="60.0655990" lon="10.6363800">
    <ele>374.7</ele>
   </trkpt>
   <trkpt lat="60.0656630" lon="10.6363260">
    <ele>374.8</ele>
   </trkpt>
   <trkpt lat="60.0657500" lon="10.6362590">
    <ele>374.9</ele>
   </trkpt>
   <trkpt lat="60.0658940" lon="10.6361340">
    <ele>375.1</ele>
   </trkpt>
   <trkpt lat="60.0659210" lon="10.6361090">
    <ele>375.2</ele>
   </trkpt>
   <trkpt lat="60.0661210" lon="10.6359750">
    <ele>375.2</ele>
   </trkpt>
   <trkpt lat="60.0662910" lon="10.6358470">
    <ele>375.0</ele>
   </trkpt>
   <trkpt lat="60.0663220" lon="10.6358180">
    <ele>374.9</ele>
   </trkpt>
   <trkpt lat="60.0663790" lon="10.6357660">
    <ele>374.8</ele>
   </trkpt>
   <trkpt lat="60.0665660" lon="10.6355990">
    <ele>374.3</ele>
   </trkpt>
   <trkpt lat="60.0665940" lon="10.6355700">
    <ele>374.2</ele>
   </trkpt>
   <trkpt lat="60.0667800" lon="10.6353720">
    <ele>373.7</ele>
   </trkpt>
   <trkpt lat="60.0668060" lon="10.6353440">
    <ele>373.6</ele>
   </trkpt>
   <trkpt lat="60.0668330" lon="10.6353060">
    <ele>373.6</ele>
   </trkpt>
   <trkpt lat="60.0669880" lon="10.6350860">
    <ele>373.2</ele>
   </trkpt>
   <trkpt lat="60.0670350" lon="10.6350030">
    <ele>373.1</ele>
   </trkpt>
   <trkpt lat="60.0671540" lon="10.6348110">
    <ele>372.8</ele>
   </trkpt>
   <trkpt lat="60.0672240" lon="10.6347070">
    <ele>372.6</ele>
   </trkpt>
   <trkpt lat="60.0673290" lon="10.6345570">
    <ele>372.2</ele>
   </trkpt>
   <trkpt lat="60.0674290" lon="10.6343920">
    <ele>371.9</ele>
   </trkpt>
   <trkpt lat="60.0675580" lon="10.6341810">
    <ele>371.3</ele>
   </trkpt>
   <trkpt lat="60.0676380" lon="10.6340690">
    <ele>370.9</ele>
   </trkpt>
   <trkpt lat="60.0677730" lon="10.6338690">
    <ele>370.1</ele>
   </trkpt>
   <trkpt lat="60.0678510" lon="10.6337450">
    <ele>369.6</ele>
   </trkpt>
   <trkpt lat="60.0679790" lon="10.6335570">
    <ele>368.8</ele>
   </trkpt>
   <trkpt lat="60.0680790" lon="10.6333940">
    <ele>368.2</ele>
   </trkpt>
   <trkpt lat="60.0681310" lon="10.6333050">
    <ele>367.8</ele>
   </trkpt>
   <trkpt lat="60.0682960" lon="10.6330670">
    <ele>366.8</ele>
   </trkpt>
   <trkpt lat="60.0683250" lon="10.6330330">
    <ele>366.7</ele>
   </trkpt>
   <trkpt lat="60.0684940" lon="10.6328040">
    <ele>365.6</ele>
   </trkpt>
   <trkpt lat="60.0685210" lon="10.6327610">
    <ele>365.4</ele>
   </trkpt>
   <trkpt lat="60.0685700" lon="10.6326770">
    <ele>365.0</ele>
   </trkpt>
   <trkpt lat="60.0686990" lon="10.6324840">
    <ele>364.1</ele>
   </trkpt>
   <trkpt lat="60.0687770" lon="10.6323630">
    <ele>363.5</ele>
   </trkpt>
   <trkpt lat="60.0688600" lon="10.6321760">
    <ele>362.9</ele>
   </trkpt>
   <trkpt lat="60.0689560" lon="10.6320000">
    <ele>362.3</ele>
   </trkpt>
   <trkpt lat="60.0689950" lon="10.6318950">
    <ele>362.1</ele>
   </trkpt>
   <trkpt lat="60.0690920" lon="10.6315580">
    <ele>361.4</ele>
   </trkpt>
   <trkpt lat="60.0691690" lon="10.6312550">
    <ele>361.0</ele>
   </trkpt>
   <trkpt lat="60.0692280" lon="10.6310990">
    <ele>360.9</ele>
   </trkpt>
   <trkpt lat="60.0692510" lon="10.6309820">
    <ele>360.8</ele>
   </trkpt>
   <trkpt lat="60.0693270" lon="10.6306300">
    <ele>361.2</ele>
   </trkpt>
   <trkpt lat="60.0694320" lon="10.6304050">
    <ele>361.7</ele>
   </trkpt>
   <trkpt lat="60.0695190" lon="10.6303100">
    <ele>362.1</ele>
   </trkpt>
   <trkpt lat="60.0696010" lon="10.6302670">
    <ele>362.4</ele>
   </trkpt>
   <trkpt lat="60.0697460" lon="10.6302680">
    <ele>362.8</ele>
   </trkpt>
   <trkpt lat="60.0698890" lon="10.6303360">
    <ele>363.1</ele>
   </trkpt>
   <trkpt lat="60.0699440" lon="10.6303800">
    <ele>363.2</ele>
   </trkpt>
   <trkpt lat="60.0699690" lon="10.6303860">
    <ele>363.2</ele>
   </trkpt>
   <trkpt lat="60.0699880" lon="10.6303940">
    <ele>363.3</ele>
   </trkpt>
   <trkpt lat="60.0701450" lon="10.6304380">
    <ele>363.2</ele>
   </trkpt>
   <trkpt lat="60.0702720" lon="10.6304320">
    <ele>362.9</ele>
   </trkpt>
   <trkpt lat="60.0703520" lon="10.6304020">
    <ele>362.7</ele>
   </trkpt>
   <trkpt lat="60.0704270" lon="10.6303440">
    <ele>362.4</ele>
   </trkpt>
   <trkpt lat="60.0706020" lon="10.6302100">
    <ele>361.7</ele>
   </trkpt>
   <trkpt lat="60.0706610" lon="10.6301470">
    <ele>361.3</ele>
   </trkpt>
   <trkpt lat="60.0707560" lon="10.6300550">
    <ele>360.8</ele>
   </trkpt>
   <trkpt lat="60.0708920" lon="10.6299400">
    <ele>360.1</ele>
   </trkpt>
   <trkpt lat="60.0709890" lon="10.6298510">
    <ele>359.7</ele>
   </trkpt>
   <trkpt lat="60.0711210" lon="10.6297360">
    <ele>359.0</ele>
   </trkpt>
   <trkpt lat="60.0713060" lon="10.6295970">
    <ele>358.1</ele>
   </trkpt>
   <trkpt lat="60.0714930" lon="10.6294780">
    <ele>357.1</ele>
   </trkpt>
   <trkpt lat="60.0715570" lon="10.6294510">
    <ele>356.8</ele>
   </trkpt>
   <trkpt lat="60.0716260" lon="10.6294310">
    <ele>356.5</ele>
   </trkpt>
   <trkpt lat="60.0717950" lon="10.6293960">
    <ele>355.8</ele>
   </trkpt>
   <trkpt lat="60.0719510" lon="10.6293870">
    <ele>355.3</ele>
   </trkpt>
   <trkpt lat="60.0720520" lon="10.6293740">
    <ele>355.1</ele>
   </trkpt>
   <trkpt lat="60.0721620" lon="10.6293610">
    <ele>355.0</ele>
   </trkpt>
   <trkpt lat="60.0722240" lon="10.6293480">
    <ele>354.9</ele>
   </trkpt>
   <trkpt lat="60.0722560" lon="10.6293380">
    <ele>354.9</ele>
   </trkpt>
   <trkpt lat="60.0723920" lon="10.6293080">
    <ele>354.9</ele>
   </trkpt>
   <trkpt lat="60.0725060" lon="10.6293510">
    <ele>354.8</ele>
   </trkpt>
   <trkpt lat="60.0725320" lon="10.6293580">
    <ele>354.8</ele>
   </trkpt>
   <trkpt lat="60.0725920" lon="10.6293720">
    <ele>354.8</ele>
   </trkpt>
   <trkpt lat="60.0727390" lon="10.6293810">
    <ele>354.8</ele>
   </trkpt>
   <trkpt lat="60.0728570" lon="10.6293750">
    <ele>354.8</ele>
   </trkpt>
   <trkpt lat="60.0729230" lon="10.6293580">
    <ele>354.8</ele>
   </trkpt>
   <trkpt lat="60.0731130" lon="10.6293080">
    <ele>354.7</ele>
   </trkpt>
   <trkpt lat="60.0732700" lon="10.6292400">
    <ele>354.6</ele>
   </trkpt>
   <trkpt lat="60.0734430" lon="10.6291310">
    <ele>354.6</ele>
   </trkpt>
   <trkpt lat="60.0736440" lon="10.6290020">
    <ele>354.4</ele>
   </trkpt>
   <trkpt lat="60.0737150" lon="10.6289720">
    <ele>354.4</ele>
   </trkpt>
   <trkpt lat="60.0737440" lon="10.6289550">
    <ele>354.4</ele>
   </trkpt>
   <trkpt lat="60.0738710" lon="10.6288780">
    <ele>354.3</ele>
   </trkpt>
   <trkpt lat="60.0739310" lon="10.6288450">
    <ele>354.3</ele>
   </trkpt>
   <trkpt lat="60.0740190" lon="10.6287860">
    <ele>354.3</ele>
   </trkpt>
   <trkpt lat="60.0741290" lon="10.6287000">
    <ele>354.3</ele>
   </trkpt>
   <trkpt lat="60.0743160" lon="10.6286190">
    <ele>354.3</ele>
   </trkpt>
   <trkpt lat="60.0743880" lon="10.6286080">
    <ele>354.4</ele>
   </trkpt>
   <trkpt lat="60.0745900" lon="10.6286340">
    <ele>354.6</ele>
   </trkpt>
   <trkpt lat="60.0746570" lon="10.6286520">
    <ele>354.8</ele>
   </trkpt>
   <trkpt lat="60.0746880" lon="10.6286670">
    <ele>354.8</ele>
   </trkpt>
   <trkpt lat="60.0747990" lon="10.6287260">
    <ele>355.1</ele>
   </trkpt>
   <trkpt lat="60.0749480" lon="10.6289130">
    <ele>355.5</ele>
   </trkpt>
   <trkpt lat="60.0750420" lon="10.6291470">
    <ele>355.8</ele>
   </trkpt>
   <trkpt lat="60.0751200" lon="10.6293570">
    <ele>355.9</ele>
   </trkpt>
   <trkpt lat="60.0751540" lon="10.6294650">
    <ele>355.9</ele>
   </trkpt>
   <trkpt lat="60.0751980" lon="10.6296290">
    <ele>355.9</ele>
   </trkpt>
   <trkpt lat="60.0752550" lon="10.6297660">
    <ele>355.8</ele>
   </trkpt>
   <trkpt lat="60.0753730" lon="10.6299150">
    <ele>355.8</ele>
   </trkpt>
   <trkpt lat="60.0755120" lon="10.6298330">
    <ele>356.8</ele>
   </trkpt>
   <trkpt lat="60.0756540" lon="10.6295690">
    <ele>358.1</ele>
   </trkpt>
   <trkpt lat="60.0756680" lon="10.6295330">
    <ele>358.3</ele>
   </trkpt>
   <trkpt lat="60.0757470" lon="10.6293830">
    <ele>359.2</ele>
   </trkpt>
   <trkpt lat="60.0758380" lon="10.6292030">
    <ele>360.2</ele>
   </trkpt>
   <trkpt lat="60.0758950" lon="10.6290660">
    <ele>360.9</ele>
   </trkpt>
   <trkpt lat="60.0759440" lon="10.6289180">
    <ele>361.5</ele>
   </trkpt>
   <trkpt lat="60.0760350" lon="10.6287000">
    <ele>362.6</ele>
   </trkpt>
   <trkpt lat="60.0761090" lon="10.6284930">
    <ele>363.5</ele>
   </trkpt>
   <trkpt lat="60.0761400" lon="10.6282330">
    <ele>364.4</ele>
   </trkpt>
   <trkpt lat="60.0762080" lon="10.6280130">
    <ele>365.2</ele>
   </trkpt>
   <trkpt lat="60.0762840" lon="10.6277480">
    <ele>366.1</ele>
   </trkpt>
   <trkpt lat="60.0762930" lon="10.6276510">
    <ele>366.3</ele>
   </trkpt>
   <trkpt lat="60.0763220" lon="10.6275200">
    <ele>366.7</ele>
   </trkpt>
   <trkpt lat="60.0763620" lon="10.6272680">
    <ele>367.3</ele>
   </trkpt>
   <trkpt lat="60.0763840" lon="10.6271870">
    <ele>367.6</ele>
   </trkpt>
   <trkpt lat="60.0764210" lon="10.6269450">
    <ele>368.3</ele>
   </trkpt>
   <trkpt lat="60.0764800" lon="10.6267320">
    <ele>369.1</ele>
   </trkpt>
   <trkpt lat="60.0765460" lon="10.6265180">
    <ele>369.9</ele>
   </trkpt>
   <trkpt lat="60.0765450" lon="10.6264580">
    <ele>370.2</ele>
   </trkpt>
   <trkpt lat="60.0765690" lon="10.6263770">
    <ele>370.5</ele>
   </trkpt>
   <trkpt lat="60.0765880" lon="10.6262910">
    <ele>370.9</ele>
   </trkpt>
   <trkpt lat="60.0766720" lon="10.6261030">
    <ele>371.9</ele>
   </trkpt>
   <trkpt lat="60.0767330" lon="10.6259500">
    <ele>372.8</ele>
   </trkpt>
   <trkpt lat="60.0767490" lon="10.6258870">
    <ele>373.1</ele>
   </trkpt>
   <trkpt lat="60.0768130" lon="10.6257250">
    <ele>374.1</ele>
   </trkpt>
   <trkpt lat="60.0768310" lon="10.6256870">
    <ele>374.3</ele>
   </trkpt>
   <trkpt lat="60.0768960" lon="10.6255270">
    <ele>375.3</ele>
   </trkpt>
   <trkpt lat="60.0769060" lon="10.6254890">
    <ele>375.5</ele>
   </trkpt>
   <trkpt lat="60.0769570" lon="10.6253320">
    <ele>376.4</ele>
   </trkpt>
   <trkpt lat="60.0770540" lon="10.6251130">
    <ele>377.9</ele>
   </trkpt>
   <trkpt lat="60.0770690" lon="10.6250840">
    <ele>378.1</ele>
   </trkpt>
   <trkpt lat="60.0771420" lon="10.6249300">
    <ele>379.1</ele>
   </trkpt>
   <trkpt lat="60.0771730" lon="10.6248290">
    <ele>379.6</ele>
   </trkpt>
   <trkpt lat="60.0772000" lon="10.6247680">
    <ele>380.0</ele>
   </trkpt>
   <trkpt lat="60.0772140" lon="10.6247340">
    <ele>380.2</ele>
   </trkpt>
   <trkpt lat="60.0772720" lon="10.6244940">
    <ele>381.3</ele>
   </trkpt>
   <trkpt lat="60.0772810" lon="10.6244490">
    <ele>381.5</ele>
   </trkpt>
   <trkpt lat="60.0773700" lon="10.6242050">
    <ele>382.4</ele>
   </trkpt>
   <trkpt lat="60.0773930" lon="10.6241250">
    <ele>382.6</ele>
   </trkpt>
   <trkpt lat="60.0774690" lon="10.6239430">
    <ele>383.0</ele>
   </trkpt>
   <trkpt lat="60.0775300" lon="10.6238410">
    <ele>383.1</ele>
   </trkpt>
   <trkpt lat="60.0775710" lon="10.6237790">
    <ele>383.2</ele>
   </trkpt>
   <trkpt lat="60.0777200" lon="10.6235730">
    <ele>383.2</ele>
   </trkpt>
   <trkpt lat="60.0777470" lon="10.6235390">
    <ele>383.1</ele>
   </trkpt>
   <trkpt lat="60.0778770" lon="10.6233120">
    <ele>382.8</ele>
   </trkpt>
   <trkpt lat="60.0779250" lon="10.6232340">
    <ele>382.7</ele>
   </trkpt>
   <trkpt lat="60.0780150" lon="10.6230710">
    <ele>382.3</ele>
   </trkpt>
   <trkpt lat="60.0781140" lon="10.6229350">
    <ele>382.0</ele>
   </trkpt>
   <trkpt lat="60.0781410" lon="10.6228950">
    <ele>381.9</ele>
   </trkpt>
   <trkpt lat="60.0781650" lon="10.6228560">
    <ele>381.9</ele>
   </trkpt>
   <trkpt lat="60.0782150" lon="10.6227830">
    <ele>381.7</ele>
   </trkpt>
   <trkpt lat="60.0783210" lon="10.6226520">
    <ele>381.5</ele>
   </trkpt>
   <trkpt lat="60.0783760" lon="10.6226000">
    <ele>381.3</ele>
   </trkpt>
   <trkpt lat="60.0785330" lon="10.6224890">
    <ele>380.8</ele>
   </trkpt>
   <trkpt lat="60.0786620" lon="10.6223780">
    <ele>380.2</ele>
   </trkpt>
   <trkpt lat="60.0787400" lon="10.6223090">
    <ele>379.8</ele>
   </trkpt>
   <trkpt lat="60.0789140" lon="10.6221720">
    <ele>378.6</ele>
   </trkpt>
   <trkpt lat="60.0790480" lon="10.6220680">
    <ele>377.6</ele>
   </trkpt>
   <trkpt lat="60.0791280" lon="10.6220050">
    <ele>377.0</ele>
   </trkpt>
   <trkpt lat="60.0792360" lon="10.6219050">
    <ele>376.4</ele>
   </trkpt>
   <trkpt lat="60.0792710" lon="10.6218860">
    <ele>376.3</ele>
   </trkpt>
   <trkpt lat="60.0794410" lon="10.6218030">
    <ele>375.8</ele>
   </trkpt>
   <trkpt lat="60.0796510" lon="10.6217360">
    <ele>375.6</ele>
   </trkpt>
   <trkpt lat="60.0796840" lon="10.6217140">
    <ele>375.6</ele>
   </trkpt>
   <trkpt lat="60.0798790" lon="10.6215930">
    <ele>375.5</ele>
   </trkpt>
   <trkpt lat="60.0800410" lon="10.6214680">
    <ele>375.3</ele>
   </trkpt>
   <trkpt lat="60.0801110" lon="10.6214390">
    <ele>375.1</ele>
   </trkpt>
   <trkpt lat="60.0801630" lon="10.6214070">
    <ele>375.0</ele>
   </trkpt>
   <trkpt lat="60.0801880" lon="10.6213940">
    <ele>375.0</ele>
   </trkpt>
   <trkpt lat="60.0803340" lon="10.6213420">
    <ele>374.8</ele>
   </trkpt>
   <trkpt lat="60.0805240" lon="10.6212370">
    <ele>374.4</ele>
   </trkpt>
   <trkpt lat="60.0805990" lon="10.6212220">
    <ele>374.3</ele>
   </trkpt>
   <trkpt lat="60.0806390" lon="10.6212190">
    <ele>374.2</ele>
   </trkpt>
   <trkpt lat="60.0808210" lon="10.6211090">
    <ele>373.6</ele>
   </trkpt>
   <trkpt lat="60.0808570" lon="10.6210980">
    <ele>373.5</ele>
   </trkpt>
   <trkpt lat="60.0809900" lon="10.6209940">
    <ele>373.0</ele>
   </trkpt>
   <trkpt lat="60.0811820" lon="10.6208800">
    <ele>372.4</ele>
   </trkpt>
   <trkpt lat="60.0812140" lon="10.6208670">
    <ele>372.3</ele>
   </trkpt>
   <trkpt lat="60.0814050" lon="10.6208430">
    <ele>371.6</ele>
   </trkpt>
   <trkpt lat="60.0815780" lon="10.6208210">
    <ele>371.1</ele>
   </trkpt>
   <trkpt lat="60.0816160" lon="10.6207990">
    <ele>371.0</ele>
   </trkpt>
   <trkpt lat="60.0817900" lon="10.6206890">
    <ele>370.7</ele>
   </trkpt>
   <trkpt lat="60.0818550" lon="10.6206580">
    <ele>370.7</ele>
   </trkpt>
   <trkpt lat="60.0820200" lon="10.6205520">
    <ele>370.7</ele>
   </trkpt>
   <trkpt lat="60.0821950" lon="10.6204280">
    <ele>370.8</ele>
   </trkpt>
   <trkpt lat="60.0823750" lon="10.6202960">
    <ele>370.5</ele>
   </trkpt>
   <trkpt lat="60.0825540" lon="10.6201840">
    <ele>369.7</ele>
   </trkpt>
   <trkpt lat="60.0827380" lon="10.6201170">
    <ele>368.8</ele>
   </trkpt>
   <trkpt lat="60.0828050" lon="10.6200810">
    <ele>368.5</ele>
   </trkpt>
   <trkpt lat="60.0830100" lon="10.6199660">
    <ele>367.9</ele>
   </trkpt>
   <trkpt lat="60.0831930" lon="10.6198740">
    <ele>367.9</ele>
   </trkpt>
   <trkpt lat="60.0832220" lon="10.6198600">
    <ele>367.9</ele>
   </trkpt>
   <trkpt lat="60.0832490" lon="10.6198460">
    <ele>368.0</ele>
   </trkpt>
   <trkpt lat="60.0833300" lon="10.6198050">
    <ele>368.2</ele>
   </trkpt>
   <trkpt lat="60.0834370" lon="10.6197240">
    <ele>368.6</ele>
   </trkpt>
   <trkpt lat="60.0835920" lon="10.6196370">
    <ele>369.3</ele>
   </trkpt>
   <trkpt lat="60.0836530" lon="10.6196010">
    <ele>369.5</ele>
   </trkpt>
   <trkpt lat="60.0838440" lon="10.6194830">
    <ele>370.3</ele>
   </trkpt>
   <trkpt lat="60.0839550" lon="10.6194300">
    <ele>370.6</ele>
   </trkpt>
   <trkpt lat="60.0839620" lon="10.6194320">
    <ele>370.7</ele>
   </trkpt>
   <trkpt lat="60.0839690" lon="10.6194430">
    <ele>370.7</ele>
   </trkpt>
   <trkpt lat="60.0839800" lon="10.6194730">
    <ele>370.7</ele>
   </trkpt>
   <trkpt lat="60.0840200" lon="10.6194360">
    <ele>370.9</ele>
   </trkpt>
   <trkpt lat="60.0840420" lon="10.6194140">
    <ele>371.0</ele>
   </trkpt>
   <trkpt lat="60.0841800" lon="10.6193100">
    <ele>371.4</ele>
   </trkpt>
   <trkpt lat="60.0843000" lon="10.6192090">
    <ele>371.6</ele>
   </trkpt>
   <trkpt lat="60.0843260" lon="10.6191900">
    <ele>371.7</ele>
   </trkpt>
   <trkpt lat="60.0844920" lon="10.6191520">
    <ele>372.0</ele>
   </trkpt>
   <trkpt lat="60.0846940" lon="10.6191910">
    <ele>372.6</ele>
   </trkpt>
   <trkpt lat="60.0847970" lon="10.6192400">
    <ele>373.1</ele>
   </trkpt>
   <trkpt lat="60.0848490" lon="10.6192600">
    <ele>373.4</ele>
   </trkpt>
   <trkpt lat="60.0850240" lon="10.6193610">
    <ele>374.6</ele>
   </trkpt>
   <trkpt lat="60.0851560" lon="10.6194340">
    <ele>375.6</ele>
   </trkpt>
   <trkpt lat="60.0851990" lon="10.6194490">
    <ele>376.0</ele>
   </trkpt>
   <trkpt lat="60.0853100" lon="10.6194560">
    <ele>376.9</ele>
   </trkpt>
   <trkpt lat="60.0854980" lon="10.6194020">
    <ele>378.2</ele>
   </trkpt>
   <trkpt lat="60.0856710" lon="10.6192960">
    <ele>379.1</ele>
   </trkpt>
   <trkpt lat="60.0857570" lon="10.6192830">
    <ele>379.5</ele>
   </trkpt>
   <trkpt lat="60.0859440" lon="10.6192160">
    <ele>380.2</ele>
   </trkpt>
   <trkpt lat="60.0861100" lon="10.6191660">
    <ele>381.0</ele>
   </trkpt>
   <trkpt lat="60.0862610" lon="10.6191310">
    <ele>381.9</ele>
   </trkpt>
   <trkpt lat="60.0862850" lon="10.6191250">
    <ele>382.0</ele>
   </trkpt>
   <trkpt lat="60.0864130" lon="10.6190490">
    <ele>383.0</ele>
   </trkpt>
   <trkpt lat="60.0864380" lon="10.6190300">
    <ele>383.2</ele>
   </trkpt>
   <trkpt lat="60.0865170" lon="10.6189690">
    <ele>383.8</ele>
   </trkpt>
   <trkpt lat="60.0865370" lon="10.6189610">
    <ele>384.0</ele>
   </trkpt>
   <trkpt lat="60.0866730" lon="10.6188540">
    <ele>385.0</ele>
   </trkpt>
   <trkpt lat="60.0867810" lon="10.6187900">
    <ele>385.9</ele>
   </trkpt>
   <trkpt lat="60.0869020" lon="10.6187000">
    <ele>386.9</ele>
   </trkpt>
   <trkpt lat="60.0870000" lon="10.6185900">
    <ele>387.7</ele>
   </trkpt>
   <trkpt lat="60.0871240" lon="10.6184970">
    <ele>388.7</ele>
   </trkpt>
   <trkpt lat="60.0872550" lon="10.6183740">
    <ele>389.8</ele>
   </trkpt>
   <trkpt lat="60.0873140" lon="10.6183110">
    <ele>390.4</ele>
   </trkpt>
   <trkpt lat="60.0873740" lon="10.6182540">
    <ele>390.9</ele>
   </trkpt>
   <trkpt lat="60.0874090" lon="10.6182190">
    <ele>391.3</ele>
   </trkpt>
   <trkpt lat="60.0874870" lon="10.6181610">
    <ele>392.0</ele>
   </trkpt>
   <trkpt lat="60.0876100" lon="10.6180580">
    <ele>393.1</ele>
   </trkpt>
   <trkpt lat="60.0876340" lon="10.6180430">
    <ele>393.3</ele>
   </trkpt>
   <trkpt lat="60.0877800" lon="10.6179630">
    <ele>394.4</ele>
   </trkpt>
   <trkpt lat="60.0878780" lon="10.6179180">
    <ele>395.1</ele>
   </trkpt>
   <trkpt lat="60.0879290" lon="10.6179030">
    <ele>395.4</ele>
   </trkpt>
   <trkpt lat="60.0881210" lon="10.6178480">
    <ele>396.9</ele>
   </trkpt>
   <trkpt lat="60.0881390" lon="10.6178430">
    <ele>397.0</ele>
   </trkpt>
   <trkpt lat="60.0882610" lon="10.6178120">
    <ele>398.0</ele>
   </trkpt>
   <trkpt lat="60.0882850" lon="10.6178090">
    <ele>398.2</ele>
   </trkpt>
   <trkpt lat="60.0883280" lon="10.6178140">
    <ele>398.6</ele>
   </trkpt>
   <trkpt lat="60.0884150" lon="10.6178140">
    <ele>399.4</ele>
   </trkpt>
   <trkpt lat="60.0885060" lon="10.6177950">
    <ele>400.3</ele>
   </trkpt>
   <trkpt lat="60.0885760" lon="10.6177810">
    <ele>400.9</ele>
   </trkpt>
   <trkpt lat="60.0887090" lon="10.6177920">
    <ele>402.1</ele>
   </trkpt>
   <trkpt lat="60.0888630" lon="10.6178190">
    <ele>403.4</ele>
   </trkpt>
   <trkpt lat="60.0889050" lon="10.6178290">
    <ele>403.7</ele>
   </trkpt>
   <trkpt lat="60.0889750" lon="10.6178410">
    <ele>404.3</ele>
   </trkpt>
   <trkpt lat="60.0890710" lon="10.6178800">
    <ele>405.1</ele>
   </trkpt>
   <trkpt lat="60.0890840" lon="10.6178840">
    <ele>405.2</ele>
   </trkpt>
   <trkpt lat="60.0891030" lon="10.6178870">
    <ele>405.4</ele>
   </trkpt>
   <trkpt lat="60.0891440" lon="10.6179220">
    <ele>405.7</ele>
   </trkpt>
   <trkpt lat="60.0891620" lon="10.6179270">
    <ele>405.9</ele>
   </trkpt>
   <trkpt lat="60.0891880" lon="10.6179260">
    <ele>406.1</ele>
   </trkpt>
   <trkpt lat="60.0892900" lon="10.6179280">
    <ele>406.8</ele>
   </trkpt>
   <trkpt lat="60.0893670" lon="10.6179290">
    <ele>407.4</ele>
   </trkpt>
   <trkpt lat="60.0894630" lon="10.6179330">
    <ele>407.9</ele>
   </trkpt>
   <trkpt lat="60.0895540" lon="10.6179040">
    <ele>408.3</ele>
   </trkpt>
   <trkpt lat="60.0896390" lon="10.6178330">
    <ele>408.5</ele>
   </trkpt>
   <trkpt lat="60.0897530" lon="10.6177200">
    <ele>408.4</ele>
   </trkpt>
   <trkpt lat="60.0897800" lon="10.6176810">
    <ele>408.4</ele>
   </trkpt>
   <trkpt lat="60.0899440" lon="10.6174830">
    <ele>408.3</ele>
   </trkpt>
   <trkpt lat="60.0899680" lon="10.6174570">
    <ele>408.4</ele>
   </trkpt>
   <trkpt lat="60.0900870" lon="10.6173120">
    <ele>408.6</ele>
   </trkpt>
   <trkpt lat="60.0901640" lon="10.6172320">
    <ele>408.9</ele>
   </trkpt>
   <trkpt lat="60.0902340" lon="10.6171440">
    <ele>409.1</ele>
   </trkpt>
   <trkpt lat="60.0903220" lon="10.6170740">
    <ele>409.4</ele>
   </trkpt>
   <trkpt lat="60.0903760" lon="10.6170350">
    <ele>409.6</ele>
   </trkpt>
   <trkpt lat="60.0905400" lon="10.6169810">
    <ele>410.0</ele>
   </trkpt>
   <trkpt lat="60.0905870" lon="10.6169560">
    <ele>410.1</ele>
   </trkpt>
   <trkpt lat="60.0907310" lon="10.6169410">
    <ele>410.4</ele>
   </trkpt>
   <trkpt lat="60.0907740" lon="10.6169310">
    <ele>410.6</ele>
   </trkpt>
   <trkpt lat="60.0908890" lon="10.6168810">
    <ele>411.0</ele>
   </trkpt>
   <trkpt lat="60.0909650" lon="10.6168500">
    <ele>411.3</ele>
   </trkpt>
   <trkpt lat="60.0910570" lon="10.6168050">
    <ele>411.9</ele>
   </trkpt>
   <trkpt lat="60.0911280" lon="10.6167740">
    <ele>412.4</ele>
   </trkpt>
   <trkpt lat="60.0911940" lon="10.6167350">
    <ele>413.0</ele>
   </trkpt>
   <trkpt lat="60.0912760" lon="10.6166380">
    <ele>413.7</ele>
   </trkpt>
   <trkpt lat="60.0913560" lon="10.6165350">
    <ele>414.3</ele>
   </trkpt>
   <trkpt lat="60.0914190" lon="10.6164340">
    <ele>414.7</ele>
   </trkpt>
   <trkpt lat="60.0915290" lon="10.6162630">
    <ele>414.9</ele>
   </trkpt>
   <trkpt lat="60.0915460" lon="10.6162160">
    <ele>414.9</ele>
   </trkpt>
   <trkpt lat="60.0916450" lon="10.6159610">
    <ele>414.5</ele>
   </trkpt>
   <trkpt lat="60.0916660" lon="10.6159210">
    <ele>414.3</ele>
   </trkpt>
   <trkpt lat="60.0917900" lon="10.6157230">
    <ele>413.7</ele>
   </trkpt>
   <trkpt lat="60.0918170" lon="10.6156790">
    <ele>413.5</ele>
   </trkpt>
   <trkpt lat="60.0919510" lon="10.6154880">
    <ele>412.6</ele>
   </trkpt>
   <trkpt lat="60.0920050" lon="10.6154100">
    <ele>412.3</ele>
   </trkpt>
   <trkpt lat="60.0921280" lon="10.6152040">
    <ele>411.5</ele>
   </trkpt>
   <trkpt lat="60.0922180" lon="10.6150020">
    <ele>411.1</ele>
   </trkpt>
   <trkpt lat="60.0922500" lon="10.6148830">
    <ele>411.1</ele>
   </trkpt>
   <trkpt lat="60.0923380" lon="10.6146140">
    <ele>411.1</ele>
   </trkpt>
   <trkpt lat="60.0923520" lon="10.6145610">
    <ele>411.1</ele>
   </trkpt>
   <trkpt lat="60.0924220" lon="10.6143560">
    <ele>411.0</ele>
   </trkpt>
   <trkpt lat="60.0924320" lon="10.6142930">
    <ele>411.0</ele>
   </trkpt>
   <trkpt lat="60.0924820" lon="10.6139210">
    <ele>410.7</ele>
   </trkpt>
   <trkpt lat="60.0924940" lon="10.6138590">
    <ele>410.6</ele>
   </trkpt>
   <trkpt lat="60.0925390" lon="10.6135590">
    <ele>410.4</ele>
   </trkpt>
   <trkpt lat="60.0925550" lon="10.6134330">
    <ele>410.4</ele>
   </trkpt>
   <trkpt lat="60.0925710" lon="10.6130290">
    <ele>410.3</ele>
   </trkpt>
   <trkpt lat="60.0926290" lon="10.6127470">
    <ele>410.2</ele>
   </trkpt>
   <trkpt lat="60.0926770" lon="10.6125170">
    <ele>410.1</ele>
   </trkpt>
   <trkpt lat="60.0927020" lon="10.6123970">
    <ele>410.0</ele>
   </trkpt>
   <trkpt lat="60.0927690" lon="10.6120360">
    <ele>410.1</ele>
   </trkpt>
   <trkpt lat="60.0928390" lon="10.6116960">
    <ele>410.2</ele>
   </trkpt>
   <trkpt lat="60.0928450" lon="10.6116410">
    <ele>410.2</ele>
   </trkpt>
   <trkpt lat="60.0928870" lon="10.6112830">
    <ele>410.2</ele>
   </trkpt>
   <trkpt lat="60.0928990" lon="10.6112260">
    <ele>410.1</ele>
   </trkpt>
   <trkpt lat="60.0929800" lon="10.6109610">
    <ele>410.2</ele>
   </trkpt>
   <trkpt lat="60.0931090" lon="10.6106850">
    <ele>410.4</ele>
   </trkpt>
   <trkpt lat="60.0931530" lon="10.6104000">
    <ele>410.6</ele>
   </trkpt>
   <trkpt lat="60.0932090" lon="10.6101200">
    <ele>410.7</ele>
   </trkpt>
   <trkpt lat="60.0932190" lon="10.6100570">
    <ele>410.8</ele>
   </trkpt>
   <trkpt lat="60.0932950" lon="10.6097090">
    <ele>411.0</ele>
   </trkpt>
   <trkpt lat="60.0933060" lon="10.6096520">
    <ele>411.1</ele>
   </trkpt>
   <trkpt lat="60.0933400" lon="10.6093410">
    <ele>411.4</ele>
   </trkpt>
   <trkpt lat="60.0933550" lon="10.6091130">
    <ele>411.7</ele>
   </trkpt>
   <trkpt lat="60.0933700" lon="10.6090090">
    <ele>411.8</ele>
   </trkpt>
   <trkpt lat="60.0934590" lon="10.6086540">
    <ele>412.3</ele>
   </trkpt>
   <trkpt lat="60.0934860" lon="10.6083650">
    <ele>412.5</ele>
   </trkpt>
   <trkpt lat="60.0934960" lon="10.6082450">
    <ele>412.5</ele>
   </trkpt>
   <trkpt lat="60.0935530" lon="10.6079030">
    <ele>412.2</ele>
   </trkpt>
   <trkpt lat="60.0935510" lon="10.6077720">
    <ele>412.2</ele>
   </trkpt>
   <trkpt lat="60.0935280" lon="10.6074140">
    <ele>412.1</ele>
   </trkpt>
   <trkpt lat="60.0935380" lon="10.6071050">
    <ele>412.2</ele>
   </trkpt>
   <trkpt lat="60.0936210" lon="10.6068370">
    <ele>412.5</ele>
   </trkpt>
   <trkpt lat="60.0937760" lon="10.6066040">
    <ele>413.3</ele>
   </trkpt>
   <trkpt lat="60.0938830" lon="10.6063860">
    <ele>413.8</ele>
   </trkpt>
   <trkpt lat="60.0939950" lon="10.6061490">
    <ele>413.9</ele>
   </trkpt>
   <trkpt lat="60.0940030" lon="10.6059020">
    <ele>413.8</ele>
   </trkpt>
   <trkpt lat="60.0939680" lon="10.6056360">
    <ele>413.5</ele>
   </trkpt>
   <trkpt lat="60.0939460" lon="10.6054970">
    <ele>413.3</ele>
   </trkpt>
   <trkpt lat="60.0939430" lon="10.6051770">
    <ele>413.0</ele>
   </trkpt>
   <trkpt lat="60.0939420" lon="10.6051130">
    <ele>412.9</ele>
   </trkpt>
   <trkpt lat="60.0939430" lon="10.6047760">
    <ele>412.6</ele>
   </trkpt>
   <trkpt lat="60.0939410" lon="10.6044360">
    <ele>412.4</ele>
   </trkpt>
   <trkpt lat="60.0939310" lon="10.6041530">
    <ele>412.7</ele>
   </trkpt>
   <trkpt lat="60.0939260" lon="10.6038040">
    <ele>413.3</ele>
   </trkpt>
   <trkpt lat="60.0939520" lon="10.6034260">
    <ele>414.6</ele>
   </trkpt>
   <trkpt lat="60.0939560" lon="10.6033720">
    <ele>414.8</ele>
   </trkpt>
   <trkpt lat="60.0939640" lon="10.6033190">
    <ele>415.0</ele>
   </trkpt>
   <trkpt lat="60.0940090" lon="10.6031320">
    <ele>415.9</ele>
   </trkpt>
   <trkpt lat="60.0940910" lon="10.6028440">
    <ele>417.3</ele>
   </trkpt>
   <trkpt lat="60.0941510" lon="10.6025880">
    <ele>418.1</ele>
   </trkpt>
   <trkpt lat="60.0941300" lon="10.6023250">
    <ele>418.7</ele>
   </trkpt>
   <trkpt lat="60.0941190" lon="10.6021460">
    <ele>419.1</ele>
   </trkpt>
   <trkpt lat="60.0941130" lon="10.6018660">
    <ele>419.6</ele>
   </trkpt>
   <trkpt lat="60.0941210" lon="10.6018150">
    <ele>419.7</ele>
   </trkpt>
   <trkpt lat="60.0941860" lon="10.6015900">
    <ele>420.3</ele>
   </trkpt>
   <trkpt lat="60.0942100" lon="10.6014850">
    <ele>420.6</ele>
   </trkpt>
   <trkpt lat="60.0942350" lon="10.6012360">
    <ele>421.1</ele>
   </trkpt>
   <trkpt lat="60.0943160" lon="10.6009440">
    <ele>421.6</ele>
   </trkpt>
   <trkpt lat="60.0944060" lon="10.6005900">
    <ele>422.2</ele>
   </trkpt>
   <trkpt lat="60.0944320" lon="10.6005160">
    <ele>422.4</ele>
   </trkpt>
   <trkpt lat="60.0944930" lon="10.6002830">
    <ele>422.9</ele>
   </trkpt>
   <trkpt lat="60.0945530" lon="10.5999700">
    <ele>423.5</ele>
   </trkpt>
   <trkpt lat="60.0945710" lon="10.5996430">
    <ele>424.2</ele>
   </trkpt>
   <trkpt lat="60.0945930" lon="10.5993200">
    <ele>425.1</ele>
   </trkpt>
   <trkpt lat="60.0946010" lon="10.5992650">
    <ele>425.3</ele>
   </trkpt>
   <trkpt lat="60.0946690" lon="10.5989180">
    <ele>426.9</ele>
   </trkpt>
   <trkpt lat="60.0946880" lon="10.5988820">
    <ele>427.1</ele>
   </trkpt>
   <trkpt lat="60.0947470" lon="10.5987850">
    <ele>427.8</ele>
   </trkpt>
   <trkpt lat="60.0947940" lon="10.5987330">
    <ele>428.2</ele>
   </trkpt>
   <trkpt lat="60.0948610" lon="10.5986560">
    <ele>428.8</ele>
   </trkpt>
   <trkpt lat="60.0949530" lon="10.5985900">
    <ele>429.5</ele>
   </trkpt>
   <trkpt lat="60.0949940" lon="10.5985500">
    <ele>429.8</ele>
   </trkpt>
   <trkpt lat="60.0951580" lon="10.5985140">
    <ele>430.7</ele>
   </trkpt>
   <trkpt lat="60.0953390" lon="10.5984890">
    <ele>431.4</ele>
   </trkpt>
   <trkpt lat="60.0953590" lon="10.5984860">
    <ele>431.5</ele>
   </trkpt>
   <trkpt lat="60.0954780" lon="10.5984730">
    <ele>431.9</ele>
   </trkpt>
   <trkpt lat="60.0955160" lon="10.5984780">
    <ele>432.0</ele>
   </trkpt>
   <trkpt lat="60.0955760" lon="10.5984840">
    <ele>432.2</ele>
   </trkpt>
   <trkpt lat="60.0956480" lon="10.5985320">
    <ele>432.4</ele>
   </trkpt>
   <trkpt lat="60.0956940" lon="10.5985630">
    <ele>432.5</ele>
   </trkpt>
   <trkpt lat="60.0957140" lon="10.5985590">
    <ele>432.6</ele>
   </trkpt>
   <trkpt lat="60.0958360" lon="10.5985170">
    <ele>433.1</ele>
   </trkpt>
   <trkpt lat="60.0960120" lon="10.5983960">
    <ele>434.3</ele>
   </trkpt>
   <trkpt lat="60.0960750" lon="10.5983710">
    <ele>434.8</ele>
   </trkpt>
   <trkpt lat="60.0960970" lon="10.5983610">
    <ele>435.0</ele>
   </trkpt>
   <trkpt lat="60.0962430" lon="10.5983840">
    <ele>436.4</ele>
   </trkpt>
   <trkpt lat="60.0962900" lon="10.5983960">
    <ele>436.8</ele>
   </trkpt>
   <trkpt lat="60.0963860" lon="10.5984180">
    <ele>437.8</ele>
   </trkpt>
   <trkpt lat="60.0964210" lon="10.5984280">
    <ele>438.1</ele>
   </trkpt>
   <trkpt lat="60.0964410" lon="10.5984120">
    <ele>438.3</ele>
   </trkpt>
   <trkpt lat="60.0964590" lon="10.5983940">
    <ele>438.5</ele>
   </trkpt>
   <trkpt lat="60.0964820" lon="10.5983980">
    <ele>438.7</ele>
   </trkpt>
   <trkpt lat="60.0966180" lon="10.5983070">
    <ele>439.7</ele>
   </trkpt>
   <trkpt lat="60.0966390" lon="10.5982930">
    <ele>439.9</ele>
   </trkpt>
   <trkpt lat="60.0967820" lon="10.5981870">
    <ele>440.7</ele>
   </trkpt>
   <trkpt lat="60.0968150" lon="10.5981780">
    <ele>440.8</ele>
   </trkpt>
   <trkpt lat="60.0969370" lon="10.5981890">
    <ele>441.0</ele>
   </trkpt>
   <trkpt lat="60.0969690" lon="10.5982590">
    <ele>441.0</ele>
   </trkpt>
   <trkpt lat="60.0970050" lon="10.5983830">
    <ele>440.8</ele>
   </trkpt>
   <trkpt lat="60.0970830" lon="10.5984850">
    <ele>440.1</ele>
   </trkpt>
   <trkpt lat="60.0970920" lon="10.5984950">
    <ele>440.1</ele>
   </trkpt>
   <trkpt lat="60.0971040" lon="10.5984870">
    <ele>440.0</ele>
   </trkpt>
   <trkpt lat="60.0970260" lon="10.5984310">
    <ele>439.5</ele>
   </trkpt>
   <trkpt lat="60.0970260" lon="10.5984310">
    <ele>439.5</ele>
   </trkpt>
   <trkpt lat="60.0970400" lon="10.5983300">
    <ele>439.4</ele>
   </trkpt>
   <trkpt lat="60.0970700" lon="10.5982490">
    <ele>439.3</ele>
   </trkpt>
   <trkpt lat="60.0970840" lon="10.5982190">
    <ele>439.3</ele>
   </trkpt>
   <trkpt lat="60.0970880" lon="10.5982080">
    <ele>439.3</ele>
   </trkpt>
   <trkpt lat="60.0971670" lon="10.5981850">
    <ele>439.2</ele>
   </trkpt>
   <trkpt lat="60.0973460" lon="10.5982460">
    <ele>439.5</ele>
   </trkpt>
   <trkpt lat="60.0973750" lon="10.5982640">
    <ele>439.5</ele>
   </trkpt>
   <trkpt lat="60.0974370" lon="10.5983770">
    <ele>439.6</ele>
   </trkpt>
   <trkpt lat="60.0974480" lon="10.5983920">
    <ele>439.7</ele>
   </trkpt>
   <trkpt lat="60.0975240" lon="10.5984370">
    <ele>439.7</ele>
   </trkpt>
   <trkpt lat="60.0975680" lon="10.5984730">
    <ele>439.7</ele>
   </trkpt>
   <trkpt lat="60.0977240" lon="10.5986010">
    <ele>439.7</ele>
   </trkpt>
   <trkpt lat="60.0978710" lon="10.5988350">
    <ele>439.7</ele>
   </trkpt>
   <trkpt lat="60.0979790" lon="10.5989500">
    <ele>439.7</ele>
   </trkpt>
   <trkpt lat="60.0980010" lon="10.5989560">
    <ele>439.8</ele>
   </trkpt>
   <trkpt lat="60.0980230" lon="10.5989690">
    <ele>439.8</ele>
   </trkpt>
   <trkpt lat="60.0981320" lon="10.5990050">
    <ele>440.0</ele>
   </trkpt>
   <trkpt lat="60.0981870" lon="10.5990340">
    <ele>440.1</ele>
   </trkpt>
   <trkpt lat="60.0982510" lon="10.5990530">
    <ele>440.3</ele>
   </trkpt>
   <trkpt lat="60.0984090" lon="10.5990960">
    <ele>440.8</ele>
   </trkpt>
   <trkpt lat="60.0984730" lon="10.5991280">
    <ele>440.9</ele>
   </trkpt>
   <trkpt lat="60.0984970" lon="10.5991250">
    <ele>441.0</ele>
   </trkpt>
   <trkpt lat="60.0986320" lon="10.5990990">
    <ele>441.1</ele>
   </trkpt>
   <trkpt lat="60.0987920" lon="10.5990460">
    <ele>441.1</ele>
   </trkpt>
   <trkpt lat="60.0989500" lon="10.5989430">
    <ele>440.9</ele>
   </trkpt>
   <trkpt lat="60.0990690" lon="10.5988630">
    <ele>440.7</ele>
   </trkpt>
   <trkpt lat="60.0991760" lon="10.5987850">
    <ele>440.5</ele>
   </trkpt>
   <trkpt lat="60.0993190" lon="10.5988330">
    <ele>439.5</ele>
   </trkpt>
   <trkpt lat="60.0994510" lon="10.5988790">
    <ele>438.1</ele>
   </trkpt>
   <trkpt lat="60.0994730" lon="10.5988990">
    <ele>437.8</ele>
   </trkpt>
   <trkpt lat="60.0994920" lon="10.5989230">
    <ele>437.5</ele>
   </trkpt>
   <trkpt lat="60.0995490" lon="10.5990200">
    <ele>436.4</ele>
   </trkpt>
   <trkpt lat="60.0996010" lon="10.5990570">
    <ele>435.5</ele>
   </trkpt>
   <trkpt lat="60.0996720" lon="10.5991150">
    <ele>434.1</ele>
   </trkpt>
   <trkpt lat="60.0997660" lon="10.5991710">
    <ele>432.5</ele>
   </trkpt>
   <trkpt lat="60.0998620" lon="10.5992490">
    <ele>431.0</ele>
   </trkpt>
   <trkpt lat="60.0999690" lon="10.5993100">
    <ele>430.0</ele>
   </trkpt>
   <trkpt lat="60.1000200" lon="10.5993260">
    <ele>429.7</ele>
   </trkpt>
   <trkpt lat="60.1000410" lon="10.5993300">
    <ele>429.5</ele>
   </trkpt>
   <trkpt lat="60.1001430" lon="10.5993400">
    <ele>428.9</ele>
   </trkpt>
   <trkpt lat="60.1002420" lon="10.5994070">
    <ele>428.2</ele>
   </trkpt>
   <trkpt lat="60.1002650" lon="10.5994030">
    <ele>428.1</ele>
   </trkpt>
   <trkpt lat="60.1004060" lon="10.5994340">
    <ele>427.6</ele>
   </trkpt>
   <trkpt lat="60.1004700" lon="10.5994880">
    <ele>427.5</ele>
   </trkpt>
   <trkpt lat="60.1005250" lon="10.5995160">
    <ele>427.5</ele>
   </trkpt>
   <trkpt lat="60.1005470" lon="10.5995200">
    <ele>427.4</ele>
   </trkpt>
   <trkpt lat="60.1006010" lon="10.5994890">
    <ele>427.4</ele>
   </trkpt>
   <trkpt lat="60.1006240" lon="10.5994980">
    <ele>427.4</ele>
   </trkpt>
   <trkpt lat="60.1006790" lon="10.5995220">
    <ele>427.3</ele>
   </trkpt>
   <trkpt lat="60.1007660" lon="10.5995050">
    <ele>426.9</ele>
   </trkpt>
   <trkpt lat="60.1008010" lon="10.5995100">
    <ele>426.7</ele>
   </trkpt>
   <trkpt lat="60.1008750" lon="10.5995620">
    <ele>426.3</ele>
   </trkpt>
   <trkpt lat="60.1009020" lon="10.5995620">
    <ele>426.1</ele>
   </trkpt>
   <trkpt lat="60.1009890" lon="10.5995270">
    <ele>425.8</ele>
   </trkpt>
   <trkpt lat="60.1010290" lon="10.5995250">
    <ele>425.7</ele>
   </trkpt>
   <trkpt lat="60.1010730" lon="10.5995230">
    <ele>425.6</ele>
   </trkpt>
   <trkpt lat="60.1011030" lon="10.5995300">
    <ele>425.5</ele>
   </trkpt>
   <trkpt lat="60.1011630" lon="10.5995030">
    <ele>425.4</ele>
   </trkpt>
   <trkpt lat="60.1011810" lon="10.5995130">
    <ele>425.3</ele>
   </trkpt>
   <trkpt lat="60.1012470" lon="10.5995600">
    <ele>425.0</ele>
   </trkpt>
   <trkpt lat="60.1013480" lon="10.5995730">
    <ele>423.8</ele>
   </trkpt>
   <trkpt lat="60.1013730" lon="10.5995670">
    <ele>423.4</ele>
   </trkpt>
   <trkpt lat="60.1014640" lon="10.5995850">
    <ele>421.9</ele>
   </trkpt>
   <trkpt lat="60.1014790" lon="10.5995870">
    <ele>421.7</ele>
   </trkpt>
   <trkpt lat="60.1014990" lon="10.5995650">
    <ele>421.3</ele>
   </trkpt>
   <trkpt lat="60.1015480" lon="10.5995350">
    <ele>420.6</ele>
   </trkpt>
   <trkpt lat="60.1016950" lon="10.5995720">
    <ele>417.9</ele>
   </trkpt>
   <trkpt lat="60.1017430" lon="10.5995730">
    <ele>416.8</ele>
   </trkpt>
   <trkpt lat="60.1018250" lon="10.5995460">
    <ele>414.9</ele>
   </trkpt>
   <trkpt lat="60.1019430" lon="10.5995270">
    <ele>412.8</ele>
   </trkpt>
   <trkpt lat="60.1019730" lon="10.5995370">
    <ele>412.3</ele>
   </trkpt>
   <trkpt lat="60.1021030" lon="10.5995400">
    <ele>409.9</ele>
   </trkpt>
   <trkpt lat="60.1021210" lon="10.5995540">
    <ele>409.4</ele>
   </trkpt>
   <trkpt lat="60.1021880" lon="10.5996010">
    <ele>407.8</ele>
   </trkpt>
   <trkpt lat="60.1022400" lon="10.5996350">
    <ele>406.8</ele>
   </trkpt>
   <trkpt lat="60.1023050" lon="10.5996340">
    <ele>406.3</ele>
   </trkpt>
   <trkpt lat="60.1023380" lon="10.5996130">
    <ele>406.3</ele>
   </trkpt>
   <trkpt lat="60.1023670" lon="10.5995950">
    <ele>406.3</ele>
   </trkpt>
   <trkpt lat="60.1024940" lon="10.5995500">
    <ele>406.4</ele>
   </trkpt>
   <trkpt lat="60.1025200" lon="10.5995360">
    <ele>406.4</ele>
   </trkpt>
   <trkpt lat="60.1026300" lon="10.5994840">
    <ele>405.9</ele>
   </trkpt>
   <trkpt lat="60.1026520" lon="10.5994700">
    <ele>405.6</ele>
   </trkpt>
   <trkpt lat="60.1027340" lon="10.5994440">
    <ele>404.6</ele>
   </trkpt>
   <trkpt lat="60.1027980" lon="10.5994460">
    <ele>403.7</ele>
   </trkpt>
   <trkpt lat="60.1028440" lon="10.5994180">
    <ele>403.1</ele>
   </trkpt>
   <trkpt lat="60.1029570" lon="10.5994040">
    <ele>401.4</ele>
   </trkpt>
   <trkpt lat="60.1029870" lon="10.5994020">
    <ele>400.9</ele>
   </trkpt>
   <trkpt lat="60.1030980" lon="10.5993930">
    <ele>398.6</ele>
   </trkpt>
   <trkpt lat="60.1031620" lon="10.5993720">
    <ele>398.6</ele>
   </trkpt>
   <trkpt lat="60.1031570" lon="10.5994100">
    <ele>398.6</ele>
   </trkpt>
   <trkpt lat="60.1031690" lon="10.5996130">
    <ele>398.9</ele>
   </trkpt>
   <trkpt lat="60.1031790" lon="10.5996480">
    <ele>398.8</ele>
   </trkpt>
   <trkpt lat="60.1032190" lon="10.5997690">
    <ele>398.5</ele>
   </trkpt>
   <trkpt lat="60.1032280" lon="10.5998230">
    <ele>398.3</ele>
   </trkpt>
   <trkpt lat="60.1032300" lon="10.5998760">
    <ele>398.1</ele>
   </trkpt>
   <trkpt lat="60.1032340" lon="10.5999240">
    <ele>398.1</ele>
   </trkpt>
   <trkpt lat="60.1032350" lon="10.5999660">
    <ele>398.0</ele>
   </trkpt>
   <trkpt lat="60.1032180" lon="10.6002020">
    <ele>397.7</ele>
   </trkpt>
   <trkpt lat="60.1032370" lon="10.6003410">
    <ele>397.2</ele>
   </trkpt>
   <trkpt lat="60.1032600" lon="10.6003410">
    <ele>397.0</ele>
   </trkpt>
   <trkpt lat="60.1032830" lon="10.6003380">
    <ele>396.9</ele>
   </trkpt>
   <trkpt lat="60.1032970" lon="10.6003350">
    <ele>396.8</ele>
   </trkpt>
   <trkpt lat="60.1033150" lon="10.6003380">
    <ele>396.7</ele>
   </trkpt>
   <trkpt lat="60.1033310" lon="10.6003320">
    <ele>396.6</ele>
   </trkpt>
   <trkpt lat="60.1033420" lon="10.6003280">
    <ele>396.6</ele>
   </trkpt>
   <trkpt lat="60.1034200" lon="10.6002760">
    <ele>396.5</ele>
   </trkpt>
   <trkpt lat="60.1034500" lon="10.6002680">
    <ele>396.6</ele>
   </trkpt>
   <trkpt lat="60.1035380" lon="10.6002420">
    <ele>397.0</ele>
   </trkpt>
   <trkpt lat="60.1036100" lon="10.6002020">
    <ele>397.3</ele>
   </trkpt>
   <trkpt lat="60.1036800" lon="10.6001690">
    <ele>397.6</ele>
   </trkpt>
   <trkpt lat="60.1038080" lon="10.6001320">
    <ele>398.1</ele>
   </trkpt>
   <trkpt lat="60.1038350" lon="10.6001170">
    <ele>398.3</ele>
   </trkpt>
   <trkpt lat="60.1039030" lon="10.6001430">
    <ele>398.5</ele>
   </trkpt>
   <trkpt lat="60.1039230" lon="10.6001290">
    <ele>398.4</ele>
   </trkpt>
   <trkpt lat="60.1039620" lon="10.6001100">
    <ele>398.3</ele>
   </trkpt>
   <trkpt lat="60.1039690" lon="10.6001060">
    <ele>398.3</ele>
   </trkpt>
   <trkpt lat="60.1040240" lon="10.6001700">
    <ele>397.8</ele>
   </trkpt>
   <trkpt lat="60.1040800" lon="10.6001730">
    <ele>397.3</ele>
   </trkpt>
   <trkpt lat="60.1041490" lon="10.6002140">
    <ele>396.7</ele>
   </trkpt>
   <trkpt lat="60.1041880" lon="10.6002660">
    <ele>396.5</ele>
   </trkpt>
   <trkpt lat="60.1042210" lon="10.6003070">
    <ele>396.5</ele>
   </trkpt>
   <trkpt lat="60.1042470" lon="10.6003500">
    <ele>396.7</ele>
   </trkpt>
   <trkpt lat="60.1043170" lon="10.6003820">
    <ele>397.5</ele>
   </trkpt>
   <trkpt lat="60.1043540" lon="10.6004190">
    <ele>398.0</ele>
   </trkpt>
   <trkpt lat="60.1043660" lon="10.6004380">
    <ele>398.3</ele>
   </trkpt>
   <trkpt lat="60.1044130" lon="10.6004900">
    <ele>399.0</ele>
   </trkpt>
   <trkpt lat="60.1044360" lon="10.6005000">
    <ele>399.3</ele>
   </trkpt>
   <trkpt lat="60.1044950" lon="10.6004900">
    <ele>400.0</ele>
   </trkpt>
   <trkpt lat="60.1045090" lon="10.6004830">
    <ele>400.1</ele>
   </trkpt>
   <trkpt lat="60.1045380" lon="10.6004730">
    <ele>400.4</ele>
   </trkpt>
   <trkpt lat="60.1045500" lon="10.6004680">
    <ele>400.5</ele>
   </trkpt>
   <trkpt lat="60.1045710" lon="10.6004670">
    <ele>400.6</ele>
   </trkpt>
   <trkpt lat="60.1046000" lon="10.6005290">
    <ele>400.8</ele>
   </trkpt>
   <trkpt lat="60.1046180" lon="10.6006480">
    <ele>401.1</ele>
   </trkpt>
   <trkpt lat="60.1047320" lon="10.6008820">
    <ele>402.1</ele>
   </trkpt>
   <trkpt lat="60.1048190" lon="10.6010060">
    <ele>402.8</ele>
   </trkpt>
   <trkpt lat="60.1048690" lon="10.6011810">
    <ele>403.2</ele>
   </trkpt>
   <trkpt lat="60.1049450" lon="10.6014480">
    <ele>403.3</ele>
   </trkpt>
   <trkpt lat="60.1049460" lon="10.6014920">
    <ele>403.3</ele>
   </trkpt>
   <trkpt lat="60.1049780" lon="10.6017010">
    <ele>403.6</ele>
   </trkpt>
   <trkpt lat="60.1049880" lon="10.6018020">
    <ele>403.7</ele>
   </trkpt>
   <trkpt lat="60.1049940" lon="10.6018540">
    <ele>403.8</ele>
   </trkpt>
   <trkpt lat="60.1049980" lon="10.6019090">
    <ele>403.8</ele>
   </trkpt>
   <trkpt lat="60.1050150" lon="10.6020070">
    <ele>403.8</ele>
   </trkpt>
   <trkpt lat="60.1050300" lon="10.6020430">
    <ele>403.7</ele>
   </trkpt>
   <trkpt lat="60.1050500" lon="10.6021160">
    <ele>403.4</ele>
   </trkpt>
   <trkpt lat="60.1050490" lon="10.6021650">
    <ele>403.2</ele>
   </trkpt>
   <trkpt lat="60.1050610" lon="10.6022550">
    <ele>402.7</ele>
   </trkpt>
   <trkpt lat="60.1050760" lon="10.6023000">
    <ele>402.4</ele>
   </trkpt>
   <trkpt lat="60.1051430" lon="10.6024550">
    <ele>401.3</ele>
   </trkpt>
   <trkpt lat="60.1051580" lon="10.6025120">
    <ele>401.1</ele>
   </trkpt>
   <trkpt lat="60.1051700" lon="10.6025620">
    <ele>400.9</ele>
   </trkpt>
   <trkpt lat="60.1051890" lon="10.6026960">
    <ele>400.6</ele>
   </trkpt>
   <trkpt lat="60.1052090" lon="10.6027120">
    <ele>400.6</ele>
   </trkpt>
   <trkpt lat="60.1052580" lon="10.6027480">
    <ele>400.6</ele>
   </trkpt>
   <trkpt lat="60.1052930" lon="10.6028230">
    <ele>400.8</ele>
   </trkpt>
   <trkpt lat="60.1053630" lon="10.6030270">
    <ele>401.4</ele>
   </trkpt>
   <trkpt lat="60.1053970" lon="10.6031830">
    <ele>401.9</ele>
   </trkpt>
   <trkpt lat="60.1054600" lon="10.6034030">
    <ele>402.1</ele>
   </trkpt>
   <trkpt lat="60.1055320" lon="10.6035550">
    <ele>402.0</ele>
   </trkpt>
   <trkpt lat="60.1055660" lon="10.6036980">
    <ele>401.9</ele>
   </trkpt>
   <trkpt lat="60.1056360" lon="10.6039130">
    <ele>401.6</ele>
   </trkpt>
   <trkpt lat="60.1056970" lon="10.6039650">
    <ele>401.4</ele>
   </trkpt>
   <trkpt lat="60.1058870" lon="10.6040990">
    <ele>399.9</ele>
   </trkpt>
   <trkpt lat="60.1060820" lon="10.6040430">
    <ele>398.0</ele>
   </trkpt>
   <trkpt lat="60.1061970" lon="10.6039740">
    <ele>397.3</ele>
   </trkpt>
   <trkpt lat="60.1062970" lon="10.6039440">
    <ele>397.6</ele>
   </trkpt>
   <trkpt lat="60.1063920" lon="10.6039420">
    <ele>398.4</ele>
   </trkpt>
   <trkpt lat="60.1065150" lon="10.6039960">
    <ele>399.8</ele>
   </trkpt>
   <trkpt lat="60.1066100" lon="10.6040570">
    <ele>400.9</ele>
   </trkpt>
   <trkpt lat="60.1066220" lon="10.6040700">
    <ele>401.1</ele>
   </trkpt>
   <trkpt lat="60.1066630" lon="10.6041140">
    <ele>401.7</ele>
   </trkpt>
   <trkpt lat="60.1067660" lon="10.6041720">
    <ele>402.9</ele>
   </trkpt>
   <trkpt lat="60.1068120" lon="10.6041950">
    <ele>403.3</ele>
   </trkpt>
   <trkpt lat="60.1068390" lon="10.6042080">
    <ele>403.6</ele>
   </trkpt>
   <trkpt lat="60.1068750" lon="10.6042640">
    <ele>403.9</ele>
   </trkpt>
   <trkpt lat="60.1068950" lon="10.6042930">
    <ele>404.1</ele>
   </trkpt>
   <trkpt lat="60.1070300" lon="10.6044230">
    <ele>405.1</ele>
   </trkpt>
   <trkpt lat="60.1071330" lon="10.6044820">
    <ele>405.7</ele>
   </trkpt>
   <trkpt lat="60.1072020" lon="10.6044960">
    <ele>405.9</ele>
   </trkpt>
   <trkpt lat="60.1072490" lon="10.6045010">
    <ele>406.0</ele>
   </trkpt>
   <trkpt lat="60.1073440" lon="10.6045690">
    <ele>406.4</ele>
   </trkpt>
   <trkpt lat="60.1073670" lon="10.6046200">
    <ele>406.6</ele>
   </trkpt>
   <trkpt lat="60.1073990" lon="10.6047590">
    <ele>407.0</ele>
   </trkpt>
   <trkpt lat="60.1074140" lon="10.6048030">
    <ele>407.1</ele>
   </trkpt>
   <trkpt lat="60.1074370" lon="10.6048750">
    <ele>407.2</ele>
   </trkpt>
   <trkpt lat="60.1074920" lon="10.6049180">
    <ele>407.4</ele>
   </trkpt>
   <trkpt lat="60.1076150" lon="10.6049470">
    <ele>407.7</ele>
   </trkpt>
   <trkpt lat="60.1076340" lon="10.6049810">
    <ele>407.8</ele>
   </trkpt>
   <trkpt lat="60.1076880" lon="10.6050900">
    <ele>408.1</ele>
   </trkpt>
   <trkpt lat="60.1078150" lon="10.6052300">
    <ele>408.6</ele>
   </trkpt>
   <trkpt lat="60.1078540" lon="10.6052720">
    <ele>408.6</ele>
   </trkpt>
   <trkpt lat="60.1078880" lon="10.6052760">
    <ele>408.6</ele>
   </trkpt>
   <trkpt lat="60.1079510" lon="10.6052860">
    <ele>408.3</ele>
   </trkpt>
   <trkpt lat="60.1080410" lon="10.6054630">
    <ele>407.4</ele>
   </trkpt>
   <trkpt lat="60.1081170" lon="10.6057050">
    <ele>403.8</ele>
   </trkpt>
   <trkpt lat="60.1081300" lon="10.6057810">
    <ele>402.4</ele>
   </trkpt>
   <trkpt lat="60.1081280" lon="10.6058530">
    <ele>401.3</ele>
   </trkpt>
   <trkpt lat="60.1081180" lon="10.6058680">
    <ele>401.0</ele>
   </trkpt>
   <trkpt lat="60.1080630" lon="10.6059860">
    <ele>399.3</ele>
   </trkpt>
   <trkpt lat="60.1079690" lon="10.6061420">
    <ele>397.7</ele>
   </trkpt>
   <trkpt lat="60.1079370" lon="10.6061910">
    <ele>397.4</ele>
   </trkpt>
   <trkpt lat="60.1079180" lon="10.6062170">
    <ele>397.3</ele>
   </trkpt>
   <trkpt lat="60.1078470" lon="10.6063960">
    <ele>396.8</ele>
   </trkpt>
   <trkpt lat="60.1077590" lon="10.6066840">
    <ele>396.9</ele>
   </trkpt>
   <trkpt lat="60.1077310" lon="10.6067540">
    <ele>397.1</ele>
   </trkpt>
   <trkpt lat="60.1077040" lon="10.6069360">
    <ele>397.5</ele>
   </trkpt>
   <trkpt lat="60.1077090" lon="10.6070120">
    <ele>397.6</ele>
   </trkpt>
   <trkpt lat="60.1077550" lon="10.6070840">
    <ele>397.4</ele>
   </trkpt>
   <trkpt lat="60.1077820" lon="10.6071490">
    <ele>397.2</ele>
   </trkpt>
   <trkpt lat="60.1078160" lon="10.6072110">
    <ele>397.0</ele>
   </trkpt>
   <trkpt lat="60.1078590" lon="10.6072190">
    <ele>397.0</ele>
   </trkpt>
   <trkpt lat="60.1079140" lon="10.6073530">
    <ele>397.5</ele>
   </trkpt>
   <trkpt lat="60.1079180" lon="10.6073640">
    <ele>397.5</ele>
   </trkpt>
   <trkpt lat="60.1080170" lon="10.6074450">
    <ele>398.7</ele>
   </trkpt>
   <trkpt lat="60.1080340" lon="10.6074570">
    <ele>398.9</ele>
   </trkpt>
   <trkpt lat="60.1080840" lon="10.6074990">
    <ele>399.4</ele>
   </trkpt>
   <trkpt lat="60.1081030" lon="10.6075000">
    <ele>399.5</ele>
   </trkpt>
   <trkpt lat="60.1081410" lon="10.6075250">
    <ele>399.6</ele>
   </trkpt>
   <trkpt lat="60.1081700" lon="10.6075470">
    <ele>399.7</ele>
   </trkpt>
   <trkpt lat="60.1081760" lon="10.6075550">
    <ele>399.7</ele>
   </trkpt>
   <trkpt lat="60.1081920" lon="10.6076170">
    <ele>399.6</ele>
   </trkpt>
   <trkpt lat="60.1081980" lon="10.6076700">
    <ele>399.5</ele>
   </trkpt>
   <trkpt lat="60.1082190" lon="10.6077440">
    <ele>399.1</ele>
   </trkpt>
   <trkpt lat="60.1082360" lon="10.6078220">
    <ele>398.5</ele>
   </trkpt>
   <trkpt lat="60.1082570" lon="10.6078990">
    <ele>397.9</ele>
   </trkpt>
   <trkpt lat="60.1082710" lon="10.6080080">
    <ele>397.0</ele>
   </trkpt>
   <trkpt lat="60.1083070" lon="10.6082180">
    <ele>396.6</ele>
   </trkpt>
   <trkpt lat="60.1083380" lon="10.6082740">
    <ele>396.8</ele>
   </trkpt>
   <trkpt lat="60.1084140" lon="10.6082620">
    <ele>397.4</ele>
   </trkpt>
   <trkpt lat="60.1085180" lon="10.6082730">
    <ele>398.9</ele>
   </trkpt>
   <trkpt lat="60.1086520" lon="10.6083930">
    <ele>401.4</ele>
   </trkpt>
   <trkpt lat="60.1086660" lon="10.6084470">
    <ele>401.8</ele>
   </trkpt>
   <trkpt lat="60.1087080" lon="10.6085670">
    <ele>402.6</ele>
   </trkpt>
   <trkpt lat="60.1087450" lon="10.6087790">
    <ele>404.1</ele>
   </trkpt>
   <trkpt lat="60.1088370" lon="10.6089330">
    <ele>406.0</ele>
   </trkpt>
   <trkpt lat="60.1088580" lon="10.6089860">
    <ele>406.5</ele>
   </trkpt>
   <trkpt lat="60.1088810" lon="10.6090080">
    <ele>406.9</ele>
   </trkpt>
   <trkpt lat="60.1089500" lon="10.6090320">
    <ele>407.9</ele>
   </trkpt>
   <trkpt lat="60.1090000" lon="10.6091370">
    <ele>408.7</ele>
   </trkpt>
   <trkpt lat="60.1090520" lon="10.6091590">
    <ele>409.2</ele>
   </trkpt>
   <trkpt lat="60.1090790" lon="10.6091920">
    <ele>409.5</ele>
   </trkpt>
   <trkpt lat="60.1091150" lon="10.6093220">
    <ele>410.1</ele>
   </trkpt>
   <trkpt lat="60.1091150" lon="10.6093640">
    <ele>410.3</ele>
   </trkpt>
   <trkpt lat="60.1091310" lon="10.6095020">
    <ele>411.0</ele>
   </trkpt>
   <trkpt lat="60.1091400" lon="10.6095290">
    <ele>411.1</ele>
   </trkpt>
   <trkpt lat="60.1092350" lon="10.6095480">
    <ele>411.6</ele>
   </trkpt>
   <trkpt lat="60.1093140" lon="10.6096030">
    <ele>411.7</ele>
   </trkpt>
   <trkpt lat="60.1094550" lon="10.6098130">
    <ele>411.2</ele>
   </trkpt>
   <trkpt lat="60.1095330" lon="10.6099530">
    <ele>411.2</ele>
   </trkpt>
   <trkpt lat="60.1096550" lon="10.6100200">
    <ele>410.9</ele>
   </trkpt>
   <trkpt lat="60.1097740" lon="10.6100530">
    <ele>410.6</ele>
   </trkpt>
   <trkpt lat="60.1098320" lon="10.6100350">
    <ele>410.6</ele>
   </trkpt>
   <trkpt lat="60.1099280" lon="10.6101160">
    <ele>410.6</ele>
   </trkpt>
   <trkpt lat="60.1100680" lon="10.6101920">
    <ele>410.8</ele>
   </trkpt>
   <trkpt lat="60.1100940" lon="10.6101980">
    <ele>410.8</ele>
   </trkpt>
   <trkpt lat="60.1101120" lon="10.6102190">
    <ele>410.8</ele>
   </trkpt>
   <trkpt lat="60.1101500" lon="10.6103240">
    <ele>410.6</ele>
   </trkpt>
   <trkpt lat="60.1102050" lon="10.6104140">
    <ele>410.3</ele>
   </trkpt>
   <trkpt lat="60.1102120" lon="10.6104490">
    <ele>410.1</ele>
   </trkpt>
   <trkpt lat="60.1102280" lon="10.6104590">
    <ele>410.0</ele>
   </trkpt>
   <trkpt lat="60.1103330" lon="10.6104670">
    <ele>409.2</ele>
   </trkpt>
   <trkpt lat="60.1104400" lon="10.6104160">
    <ele>408.4</ele>
   </trkpt>
   <trkpt lat="60.1104970" lon="10.6103760">
    <ele>408.0</ele>
   </trkpt>
   <trkpt lat="60.1105340" lon="10.6103650">
    <ele>407.8</ele>
   </trkpt>
   <trkpt lat="60.1105820" lon="10.6103610">
    <ele>407.5</ele>
   </trkpt>
   <trkpt lat="60.1106800" lon="10.6104260">
    <ele>407.1</ele>
   </trkpt>
   <trkpt lat="60.1107050" lon="10.6105600">
    <ele>406.8</ele>
   </trkpt>
   <trkpt lat="60.1107760" lon="10.6107470">
    <ele>406.1</ele>
   </trkpt>
   <trkpt lat="60.1108260" lon="10.6107990">
    <ele>405.9</ele>
   </trkpt>
   <trkpt lat="60.1109040" lon="10.6108290">
    <ele>405.7</ele>
   </trkpt>
   <trkpt lat="60.1110270" lon="10.6109740">
    <ele>405.4</ele>
   </trkpt>
   <trkpt lat="60.1111790" lon="10.6109830">
    <ele>405.1</ele>
   </trkpt>
   <trkpt lat="60.1112310" lon="10.6109760">
    <ele>404.9</ele>
   </trkpt>
   <trkpt lat="60.1113830" lon="10.6110130">
    <ele>403.6</ele>
   </trkpt>
   <trkpt lat="60.1114820" lon="10.6110590">
    <ele>402.1</ele>
   </trkpt>
   <trkpt lat="60.1115690" lon="10.6110920">
    <ele>400.8</ele>
   </trkpt>
   <trkpt lat="60.1116740" lon="10.6111310">
    <ele>399.1</ele>
   </trkpt>
   <trkpt lat="60.1116980" lon="10.6111560">
    <ele>398.6</ele>
   </trkpt>
   <trkpt lat="60.1117190" lon="10.6113690">
    <ele>396.4</ele>
   </trkpt>
   <trkpt lat="60.1117170" lon="10.6114290">
    <ele>395.9</ele>
   </trkpt>
   <trkpt lat="60.1117360" lon="10.6117160">
    <ele>394.9</ele>
   </trkpt>
   <trkpt lat="60.1117350" lon="10.6117720">
    <ele>394.9</ele>
   </trkpt>
   <trkpt lat="60.1117530" lon="10.6118150">
    <ele>394.9</ele>
   </trkpt>
   <trkpt lat="60.1117730" lon="10.6119000">
    <ele>394.9</ele>
   </trkpt>
   <trkpt lat="60.1118080" lon="10.6119280">
    <ele>394.8</ele>
   </trkpt>
   <trkpt lat="60.1118220" lon="10.6119640">
    <ele>394.8</ele>
   </trkpt>
   <trkpt lat="60.1118360" lon="10.6120020">
    <ele>394.7</ele>
   </trkpt>
   <trkpt lat="60.1118640" lon="10.6121760">
    <ele>394.6</ele>
   </trkpt>
   <trkpt lat="60.1118810" lon="10.6123230">
    <ele>394.8</ele>
   </trkpt>
   <trkpt lat="60.1119370" lon="10.6126350">
    <ele>395.0</ele>
   </trkpt>
   <trkpt lat="60.1119870" lon="10.6127250">
    <ele>395.0</ele>
   </trkpt>
   <trkpt lat="60.1120080" lon="10.6127460">
    <ele>395.0</ele>
   </trkpt>
   <trkpt lat="60.1121060" lon="10.6129690">
    <ele>395.0</ele>
   </trkpt>
   <trkpt lat="60.1121480" lon="10.6130790">
    <ele>395.0</ele>
   </trkpt>
   <trkpt lat="60.1121720" lon="10.6131320">
    <ele>395.0</ele>
   </trkpt>
   <trkpt lat="60.1122070" lon="10.6131630">
    <ele>395.0</ele>
   </trkpt>
   <trkpt lat="60.1123420" lon="10.6131910">
    <ele>395.0</ele>
   </trkpt>
   <trkpt lat="60.1123910" lon="10.6132120">
    <ele>395.0</ele>
   </trkpt>
   <trkpt lat="60.1124880" lon="10.6132300">
    <ele>395.3</ele>
   </trkpt>
   <trkpt lat="60.1125100" lon="10.6132430">
    <ele>395.4</ele>
   </trkpt>
   <trkpt lat="60.1126070" lon="10.6132550">
    <ele>396.1</ele>
   </trkpt>
   <trkpt lat="60.1127070" lon="10.6132200">
    <ele>396.8</ele>
   </trkpt>
   <trkpt lat="60.1127840" lon="10.6132350">
    <ele>397.4</ele>
   </trkpt>
   <trkpt lat="60.1128190" lon="10.6132820">
    <ele>397.8</ele>
   </trkpt>
   <trkpt lat="60.1128850" lon="10.6133520">
    <ele>398.4</ele>
   </trkpt>
   <trkpt lat="60.1130400" lon="10.6134320">
    <ele>398.6</ele>
   </trkpt>
   <trkpt lat="60.1130580" lon="10.6134250">
    <ele>398.6</ele>
   </trkpt>
   <trkpt lat="60.1131150" lon="10.6133940">
    <ele>398.3</ele>
   </trkpt>
   <trkpt lat="60.1131480" lon="10.6133760">
    <ele>398.1</ele>
   </trkpt>
   <trkpt lat="60.1132950" lon="10.6133640">
    <ele>397.5</ele>
   </trkpt>
   <trkpt lat="60.1134320" lon="10.6133370">
    <ele>396.9</ele>
   </trkpt>
   <trkpt lat="60.1134800" lon="10.6133540">
    <ele>396.7</ele>
   </trkpt>
   <trkpt lat="60.1135110" lon="10.6133890">
    <ele>396.6</ele>
   </trkpt>
   <trkpt lat="60.1135330" lon="10.6133990">
    <ele>396.6</ele>
   </trkpt>
   <trkpt lat="60.1136180" lon="10.6134160">
    <ele>396.5</ele>
   </trkpt>
   <trkpt lat="60.1137060" lon="10.6134330">
    <ele>396.6</ele>
   </trkpt>
   <trkpt lat="60.1137240" lon="10.6134420">
    <ele>396.6</ele>
   </trkpt>
   <trkpt lat="60.1137420" lon="10.6134860">
    <ele>396.7</ele>
   </trkpt>
   <trkpt lat="60.1137970" lon="10.6135870">
    <ele>396.8</ele>
   </trkpt>
   <trkpt lat="60.1139760" lon="10.6136970">
    <ele>396.8</ele>
   </trkpt>
   <trkpt lat="60.1140360" lon="10.6137340">
    <ele>396.7</ele>
   </trkpt>
   <trkpt lat="60.1141140" lon="10.6138100">
    <ele>396.4</ele>
   </trkpt>
   <trkpt lat="60.1142060" lon="10.6139730">
    <ele>395.9</ele>
   </trkpt>
   <trkpt lat="60.1143140" lon="10.6141280">
    <ele>395.7</ele>
   </trkpt>
   <trkpt lat="60.1143730" lon="10.6143900">
    <ele>395.1</ele>
   </trkpt>
   <trkpt lat="60.1144370" lon="10.6146530">
    <ele>394.4</ele>
   </trkpt>
   <trkpt lat="60.1144860" lon="10.6147770">
    <ele>393.9</ele>
   </trkpt>
   <trkpt lat="60.1145220" lon="10.6149240">
    <ele>393.5</ele>
   </trkpt>
   <trkpt lat="60.1145600" lon="10.6150390">
    <ele>393.2</ele>
   </trkpt>
   <trkpt lat="60.1145790" lon="10.6150510">
    <ele>393.1</ele>
   </trkpt>
   <trkpt lat="60.1146810" lon="10.6150980">
    <ele>392.8</ele>
   </trkpt>
   <trkpt lat="60.1146990" lon="10.6150780">
    <ele>392.7</ele>
   </trkpt>
   <trkpt lat="60.1148180" lon="10.6149950">
    <ele>392.4</ele>
   </trkpt>
   <trkpt lat="60.1148360" lon="10.6149720">
    <ele>392.4</ele>
   </trkpt>
   <trkpt lat="60.1149500" lon="10.6148630">
    <ele>392.3</ele>
   </trkpt>
   <trkpt lat="60.1151090" lon="10.6149440">
    <ele>392.9</ele>
   </trkpt>
   <trkpt lat="60.1151820" lon="10.6150060">
    <ele>393.3</ele>
   </trkpt>
   <trkpt lat="60.1152060" lon="10.6150540">
    <ele>393.5</ele>
   </trkpt>
   <trkpt lat="60.1152710" lon="10.6152350">
    <ele>394.0</ele>
   </trkpt>
   <trkpt lat="60.1153050" lon="10.6153200">
    <ele>394.1</ele>
   </trkpt>
   <trkpt lat="60.1153960" lon="10.6153550">
    <ele>394.3</ele>
   </trkpt>
   <trkpt lat="60.1154620" lon="10.6153680">
    <ele>394.3</ele>
   </trkpt>
   <trkpt lat="60.1155020" lon="10.6153760">
    <ele>394.3</ele>
   </trkpt>
   <trkpt lat="60.1156150" lon="10.6153460">
    <ele>394.2</ele>
   </trkpt>
   <trkpt lat="60.1157280" lon="10.6152010">
    <ele>394.4</ele>
   </trkpt>
   <trkpt lat="60.1157660" lon="10.6151110">
    <ele>394.5</ele>
   </trkpt>
   <trkpt lat="60.1158890" lon="10.6148220">
    <ele>394.7</ele>
   </trkpt>
   <trkpt lat="60.1159750" lon="10.6145730">
    <ele>394.7</ele>
   </trkpt>
   <trkpt lat="60.1159950" lon="10.6144690">
    <ele>394.7</ele>
   </trkpt>
   <trkpt lat="60.1160010" lon="10.6142820">
    <ele>394.8</ele>
   </trkpt>
   <trkpt lat="60.1159850" lon="10.6139600">
    <ele>394.9</ele>
   </trkpt>
   <trkpt lat="60.1159450" lon="10.6137200">
    <ele>394.9</ele>
   </trkpt>
   <trkpt lat="60.1158910" lon="10.6133640">
    <ele>395.5</ele>
   </trkpt>
   <trkpt lat="60.1158630" lon="10.6132440">
    <ele>395.8</ele>
   </trkpt>
   <trkpt lat="60.1157990" lon="10.6129030">
    <ele>396.6</ele>
   </trkpt>
   <trkpt lat="60.1157440" lon="10.6126050">
    <ele>397.3</ele>
   </trkpt>
   <trkpt lat="60.1156910" lon="10.6122990">
    <ele>398.0</ele>
   </trkpt>
   <trkpt lat="60.1156720" lon="10.6121850">
    <ele>398.4</ele>
   </trkpt>
   <trkpt lat="60.1156340" lon="10.6118300">
    <ele>399.4</ele>
   </trkpt>
   <trkpt lat="60.1156280" lon="10.6117660">
    <ele>399.6</ele>
   </trkpt>
   <trkpt lat="60.1156390" lon="10.6114180">
    <ele>400.6</ele>
   </trkpt>
   <trkpt lat="60.1157320" lon="10.6111200">
    <ele>401.1</ele>
   </trkpt>
   <trkpt lat="60.1158850" lon="10.6109000">
    <ele>401.7</ele>
   </trkpt>
   <trkpt lat="60.1159330" lon="10.6108320">
    <ele>401.9</ele>
   </trkpt>
   <trkpt lat="60.1160180" lon="10.6106730">
    <ele>402.4</ele>
   </trkpt>
   <trkpt lat="60.1160790" lon="10.6105380">
    <ele>402.7</ele>
   </trkpt>
   <trkpt lat="60.1162510" lon="10.6103720">
    <ele>403.7</ele>
   </trkpt>
   <trkpt lat="60.1163930" lon="10.6102880">
    <ele>404.5</ele>
   </trkpt>
   <trkpt lat="60.1164720" lon="10.6102160">
    <ele>405.0</ele>
   </trkpt>
   <trkpt lat="60.1165740" lon="10.6100570">
    <ele>405.8</ele>
   </trkpt>
   <trkpt lat="60.1166230" lon="10.6100070">
    <ele>406.1</ele>
   </trkpt>
   <trkpt lat="60.1167140" lon="10.6099210">
    <ele>406.5</ele>
   </trkpt>
   <trkpt lat="60.1169090" lon="10.6098260">
    <ele>407.1</ele>
   </trkpt>
   <trkpt lat="60.1170390" lon="10.6097570">
    <ele>407.5</ele>
   </trkpt>
   <trkpt lat="60.1171220" lon="10.6096950">
    <ele>407.8</ele>
   </trkpt>
   <trkpt lat="60.1173090" lon="10.6095490">
    <ele>409.0</ele>
   </trkpt>
   <trkpt lat="60.1174180" lon="10.6095080">
    <ele>409.9</ele>
   </trkpt>
   <trkpt lat="60.1174790" lon="10.6094890">
    <ele>410.3</ele>
   </trkpt>
   <trkpt lat="60.1176580" lon="10.6094190">
    <ele>411.7</ele>
   </trkpt>
   <trkpt lat="60.1177800" lon="10.6093790">
    <ele>412.7</ele>
   </trkpt>
   <trkpt lat="60.1178310" lon="10.6093550">
    <ele>413.1</ele>
   </trkpt>
   <trkpt lat="60.1179470" lon="10.6092780">
    <ele>414.2</ele>
   </trkpt>
   <trkpt lat="60.1180590" lon="10.6091970">
    <ele>415.2</ele>
   </trkpt>
   <trkpt lat="60.1180810" lon="10.6091890">
    <ele>415.3</ele>
   </trkpt>
   <trkpt lat="60.1182220" lon="10.6092700">
    <ele>416.4</ele>
   </trkpt>
   <trkpt lat="60.1183100" lon="10.6093930">
    <ele>417.2</ele>
   </trkpt>
   <trkpt lat="60.1183440" lon="10.6094520">
    <ele>417.5</ele>
   </trkpt>
   <trkpt lat="60.1183960" lon="10.6095220">
    <ele>418.0</ele>
   </trkpt>
   <trkpt lat="60.1184590" lon="10.6096200">
    <ele>418.5</ele>
   </trkpt>
   <trkpt lat="60.1185080" lon="10.6096800">
    <ele>418.8</ele>
   </trkpt>
   <trkpt lat="60.1186240" lon="10.6097860">
    <ele>419.3</ele>
   </trkpt>
   <trkpt lat="60.1186340" lon="10.6098310">
    <ele>419.3</ele>
   </trkpt>
   <trkpt lat="60.1186370" lon="10.6099950">
    <ele>419.4</ele>
   </trkpt>
   <trkpt lat="60.1186460" lon="10.6100100">
    <ele>419.4</ele>
   </trkpt>
   <trkpt lat="60.1186700" lon="10.6100570">
    <ele>419.4</ele>
   </trkpt>
   <trkpt lat="60.1186790" lon="10.6100990">
    <ele>419.4</ele>
   </trkpt>
   <trkpt lat="60.1186780" lon="10.6101140">
    <ele>419.4</ele>
   </trkpt>
   <trkpt lat="60.1186870" lon="10.6101270">
    <ele>419.4</ele>
   </trkpt>
   <trkpt lat="60.1187130" lon="10.6101450">
    <ele>419.3</ele>
   </trkpt>
   <trkpt lat="60.1187200" lon="10.6101510">
    <ele>419.3</ele>
   </trkpt>
   <trkpt lat="60.1187160" lon="10.6101460">
    <ele>419.3</ele>
   </trkpt>
   <trkpt lat="60.1187350" lon="10.6101560">
    <ele>419.2</ele>
   </trkpt>
   <trkpt lat="60.1187550" lon="10.6101770">
    <ele>419.2</ele>
   </trkpt>
   <trkpt lat="60.1188230" lon="10.6101740">
    <ele>419.0</ele>
   </trkpt>
   <trkpt lat="60.1188740" lon="10.6101230">
    <ele>418.8</ele>
   </trkpt>
   <trkpt lat="60.1189960" lon="10.6099910">
    <ele>418.0</ele>
   </trkpt>
   <trkpt lat="60.1191080" lon="10.6098980">
    <ele>417.2</ele>
   </trkpt>
   <trkpt lat="60.1192060" lon="10.6098560">
    <ele>416.3</ele>
   </trkpt>
   <trkpt lat="60.1192750" lon="10.6098520">
    <ele>415.7</ele>
   </trkpt>
   <trkpt lat="60.1194310" lon="10.6098370">
    <ele>414.3</ele>
   </trkpt>
   <trkpt lat="60.1194880" lon="10.6098470">
    <ele>413.7</ele>
   </trkpt>
   <trkpt lat="60.1195130" lon="10.6098620">
    <ele>413.5</ele>
   </trkpt>
   <trkpt lat="60.1195390" lon="10.6098570">
    <ele>413.2</ele>
   </trkpt>
   <trkpt lat="60.1195930" lon="10.6098840">
    <ele>412.7</ele>
   </trkpt>
   <trkpt lat="60.1197940" lon="10.6100030">
    <ele>410.6</ele>
   </trkpt>
   <trkpt lat="60.1199680" lon="10.6099870">
    <ele>410.3</ele>
   </trkpt>
   <trkpt lat="60.1201530" lon="10.6098910">
    <ele>410.1</ele>
   </trkpt>
   <trkpt lat="60.1203040" lon="10.6098070">
    <ele>410.1</ele>
   </trkpt>
   <trkpt lat="60.1203620" lon="10.6097440">
    <ele>410.2</ele>
   </trkpt>
   <trkpt lat="60.1204700" lon="10.6096450">
    <ele>410.5</ele>
   </trkpt>
   <trkpt lat="60.1205190" lon="10.6095990">
    <ele>410.6</ele>
   </trkpt>
   <trkpt lat="60.1206700" lon="10.6094650">
    <ele>411.2</ele>
   </trkpt>
   <trkpt lat="60.1208050" lon="10.6094050">
    <ele>411.7</ele>
   </trkpt>
   <trkpt lat="60.1209070" lon="10.6093260">
    <ele>412.2</ele>
   </trkpt>
   <trkpt lat="60.1209660" lon="10.6092660">
    <ele>412.6</ele>
   </trkpt>
   <trkpt lat="60.1210500" lon="10.6091900">
    <ele>412.9</ele>
   </trkpt>
   <trkpt lat="60.1211200" lon="10.6091460">
    <ele>413.2</ele>
   </trkpt>
   <trkpt lat="60.1213010" lon="10.6089400">
    <ele>414.1</ele>
   </trkpt>
   <trkpt lat="60.1213280" lon="10.6088990">
    <ele>414.3</ele>
   </trkpt>
   <trkpt lat="60.1214750" lon="10.6086820">
    <ele>415.2</ele>
   </trkpt>
   <trkpt lat="60.1215790" lon="10.6085310">
    <ele>415.8</ele>
   </trkpt>
   <trkpt lat="60.1216010" lon="10.6085040">
    <ele>416.0</ele>
   </trkpt>
   <trkpt lat="60.1216760" lon="10.6083750">
    <ele>416.4</ele>
   </trkpt>
   <trkpt lat="60.1217600" lon="10.6082660">
    <ele>417.0</ele>
   </trkpt>
   <trkpt lat="60.1218410" lon="10.6081290">
    <ele>417.7</ele>
   </trkpt>
   <trkpt lat="60.1219170" lon="10.6080060">
    <ele>418.3</ele>
   </trkpt>
   <trkpt lat="60.1220570" lon="10.6077210">
    <ele>419.6</ele>
   </trkpt>
   <trkpt lat="60.1221290" lon="10.6076030">
    <ele>420.2</ele>
   </trkpt>
   <trkpt lat="60.1222150" lon="10.6075160">
    <ele>420.9</ele>
   </trkpt>
   <trkpt lat="60.1223570" lon="10.6073340">
    <ele>422.1</ele>
   </trkpt>
   <trkpt lat="60.1225500" lon="10.6071850">
    <ele>423.6</ele>
   </trkpt>
   <trkpt lat="60.1226300" lon="10.6071260">
    <ele>424.3</ele>
   </trkpt>
   <trkpt lat="60.1226840" lon="10.6071230">
    <ele>424.6</ele>
   </trkpt>
   <trkpt lat="60.1227970" lon="10.6070510">
    <ele>425.5</ele>
   </trkpt>
   <trkpt lat="60.1228630" lon="10.6070060">
    <ele>425.9</ele>
   </trkpt>
   <trkpt lat="60.1229340" lon="10.6069270">
    <ele>426.5</ele>
   </trkpt>
   <trkpt lat="60.1230580" lon="10.6067940">
    <ele>427.4</ele>
   </trkpt>
   <trkpt lat="60.1231080" lon="10.6067300">
    <ele>427.8</ele>
   </trkpt>
   <trkpt lat="60.1232190" lon="10.6066080">
    <ele>428.7</ele>
   </trkpt>
   <trkpt lat="60.1232410" lon="10.6065890">
    <ele>428.9</ele>
   </trkpt>
   <trkpt lat="60.1233090" lon="10.6065160">
    <ele>429.5</ele>
   </trkpt>
   <trkpt lat="60.1234000" lon="10.6064030">
    <ele>430.3</ele>
   </trkpt>
   <trkpt lat="60.1234190" lon="10.6063670">
    <ele>430.5</ele>
   </trkpt>
   <trkpt lat="60.1234520" lon="10.6063020">
    <ele>430.9</ele>
   </trkpt>
   <trkpt lat="60.1235910" lon="10.6061510">
    <ele>432.1</ele>
   </trkpt>
   <trkpt lat="60.1237120" lon="10.6059890">
    <ele>433.2</ele>
   </trkpt>
   <trkpt lat="60.1237470" lon="10.6059500">
    <ele>433.5</ele>
   </trkpt>
   <trkpt lat="60.1238340" lon="10.6058820">
    <ele>434.2</ele>
   </trkpt>
   <trkpt lat="60.1238510" lon="10.6058810">
    <ele>434.4</ele>
   </trkpt>
   <trkpt lat="60.1239220" lon="10.6058830">
    <ele>434.9</ele>
   </trkpt>
   <trkpt lat="60.1239910" lon="10.6058670">
    <ele>435.4</ele>
   </trkpt>
   <trkpt lat="60.1240910" lon="10.6057990">
    <ele>436.2</ele>
   </trkpt>
   <trkpt lat="60.1241520" lon="10.6057300">
    <ele>436.7</ele>
   </trkpt>
   <trkpt lat="60.1242300" lon="10.6056270">
    <ele>437.4</ele>
   </trkpt>
   <trkpt lat="60.1242840" lon="10.6055890">
    <ele>437.9</ele>
   </trkpt>
   <trkpt lat="60.1244080" lon="10.6054780">
    <ele>438.9</ele>
   </trkpt>
   <trkpt lat="60.1244470" lon="10.6054020">
    <ele>439.3</ele>
   </trkpt>
   <trkpt lat="60.1245370" lon="10.6052330">
    <ele>440.2</ele>
   </trkpt>
   <trkpt lat="60.1245520" lon="10.6052010">
    <ele>440.4</ele>
   </trkpt>
   <trkpt lat="60.1246570" lon="10.6049820">
    <ele>441.6</ele>
   </trkpt>
   <trkpt lat="60.1246740" lon="10.6049480">
    <ele>441.8</ele>
   </trkpt>
   <trkpt lat="60.1247690" lon="10.6047610">
    <ele>442.9</ele>
   </trkpt>
   <trkpt lat="60.1248670" lon="10.6045800">
    <ele>443.9</ele>
   </trkpt>
   <trkpt lat="60.1249550" lon="10.6043720">
    <ele>445.1</ele>
   </trkpt>
   <trkpt lat="60.1249690" lon="10.6043310">
    <ele>445.3</ele>
   </trkpt>
   <trkpt lat="60.1250360" lon="10.6041360">
    <ele>446.5</ele>
   </trkpt>
   <trkpt lat="60.1250530" lon="10.6041000">
    <ele>446.7</ele>
   </trkpt>
   <trkpt lat="60.1251350" lon="10.6039280">
    <ele>447.9</ele>
   </trkpt>
   <trkpt lat="60.1252200" lon="10.6038410">
    <ele>448.7</ele>
   </trkpt>
   <trkpt lat="60.1252420" lon="10.6038200">
    <ele>448.9</ele>
   </trkpt>
   <trkpt lat="60.1252670" lon="10.6038040">
    <ele>449.2</ele>
   </trkpt>
   <trkpt lat="60.1253640" lon="10.6036880">
    <ele>450.1</ele>
   </trkpt>
   <trkpt lat="60.1254540" lon="10.6035390">
    <ele>451.2</ele>
   </trkpt>
   <trkpt lat="60.1255700" lon="10.6033250">
    <ele>452.6</ele>
   </trkpt>
   <trkpt lat="60.1256430" lon="10.6031730">
    <ele>453.6</ele>
   </trkpt>
   <trkpt lat="60.1256790" lon="10.6031160">
    <ele>454.0</ele>
   </trkpt>
   <trkpt lat="60.1258010" lon="10.6029710">
    <ele>455.3</ele>
   </trkpt>
   <trkpt lat="60.1258680" lon="10.6028640">
    <ele>456.1</ele>
   </trkpt>
   <trkpt lat="60.1259010" lon="10.6028140">
    <ele>456.4</ele>
   </trkpt>
   <trkpt lat="60.1259300" lon="10.6027540">
    <ele>456.8</ele>
   </trkpt>
   <trkpt lat="60.1259840" lon="10.6026930">
    <ele>457.3</ele>
   </trkpt>
   <trkpt lat="60.1260490" lon="10.6025820">
    <ele>458.0</ele>
   </trkpt>
   <trkpt lat="60.1260700" lon="10.6025630">
    <ele>458.2</ele>
   </trkpt>
   <trkpt lat="60.1261750" lon="10.6025010">
    <ele>459.1</ele>
   </trkpt>
   <trkpt lat="60.1262730" lon="10.6024110">
    <ele>459.9</ele>
   </trkpt>
   <trkpt lat="60.1263260" lon="10.6023590">
    <ele>460.3</ele>
   </trkpt>
   <trkpt lat="60.1264060" lon="10.6023000">
    <ele>460.8</ele>
   </trkpt>
   <trkpt lat="60.1264780" lon="10.6022220">
    <ele>461.2</ele>
   </trkpt>
   <trkpt lat="60.1265230" lon="10.6021740">
    <ele>461.4</ele>
   </trkpt>
   <trkpt lat="60.1266240" lon="10.6021080">
    <ele>461.5</ele>
   </trkpt>
   <trkpt lat="60.1266470" lon="10.6020960">
    <ele>461.5</ele>
   </trkpt>
   <trkpt lat="60.1267710" lon="10.6019960">
    <ele>461.3</ele>
   </trkpt>
   <trkpt lat="60.1268290" lon="10.6019650">
    <ele>461.2</ele>
   </trkpt>
   <trkpt lat="60.1269130" lon="10.6019050">
    <ele>461.0</ele>
   </trkpt>
   <trkpt lat="60.1270650" lon="10.6017820">
    <ele>460.4</ele>
   </trkpt>
   <trkpt lat="60.1271440" lon="10.6016940">
    <ele>460.1</ele>
   </trkpt>
   <trkpt lat="60.1272270" lon="10.6015920">
    <ele>459.8</ele>
   </trkpt>
   <trkpt lat="60.1272540" lon="10.6015540">
    <ele>459.7</ele>
   </trkpt>
   <trkpt lat="60.1273960" lon="10.6013790">
    <ele>459.2</ele>
   </trkpt>
   <trkpt lat="60.1274270" lon="10.6013510">
    <ele>459.1</ele>
   </trkpt>
   <trkpt lat="60.1275130" lon="10.6012540">
    <ele>458.9</ele>
   </trkpt>
   <trkpt lat="60.1276690" lon="10.6010140">
    <ele>458.7</ele>
   </trkpt>
   <trkpt lat="60.1278110" lon="10.6007830">
    <ele>458.6</ele>
   </trkpt>
   <trkpt lat="60.1278290" lon="10.6007460">
    <ele>458.6</ele>
   </trkpt>
   <trkpt lat="60.1278820" lon="10.6006110">
    <ele>458.5</ele>
   </trkpt>
   <trkpt lat="60.1279410" lon="10.6004810">
    <ele>458.4</ele>
   </trkpt>
   <trkpt lat="60.1280880" lon="10.6002540">
    <ele>457.9</ele>
   </trkpt>
   <trkpt lat="60.1281160" lon="10.6002180">
    <ele>457.7</ele>
   </trkpt>
   <trkpt lat="60.1281390" lon="10.6001720">
    <ele>457.6</ele>
   </trkpt>
   <trkpt lat="60.1281590" lon="10.6001300">
    <ele>457.4</ele>
   </trkpt>
   <trkpt lat="60.1282970" lon="10.5998950">
    <ele>456.5</ele>
   </trkpt>
   <trkpt lat="60.1283710" lon="10.5997460">
    <ele>455.9</ele>
   </trkpt>
   <trkpt lat="60.1284730" lon="10.5995650">
    <ele>455.1</ele>
   </trkpt>
   <trkpt lat="60.1284940" lon="10.5995050">
    <ele>454.9</ele>
   </trkpt>
   <trkpt lat="60.1285760" lon="10.5992580">
    <ele>454.1</ele>
   </trkpt>
   <trkpt lat="60.1286390" lon="10.5991660">
    <ele>453.8</ele>
   </trkpt>
   <trkpt lat="60.1286970" lon="10.5990850">
    <ele>453.5</ele>
   </trkpt>
   <trkpt lat="60.1287580" lon="10.5990180">
    <ele>453.2</ele>
   </trkpt>
   <trkpt lat="60.1288110" lon="10.5989500">
    <ele>453.0</ele>
   </trkpt>
   <trkpt lat="60.1289010" lon="10.5988680">
    <ele>452.6</ele>
   </trkpt>
   <trkpt lat="60.1289940" lon="10.5987680">
    <ele>452.1</ele>
   </trkpt>
   <trkpt lat="60.1291020" lon="10.5985930">
    <ele>451.5</ele>
   </trkpt>
   <trkpt lat="60.1291820" lon="10.5984650">
    <ele>451.1</ele>
   </trkpt>
   <trkpt lat="60.1292990" lon="10.5983030">
    <ele>450.6</ele>
   </trkpt>
   <trkpt lat="60.1293750" lon="10.5981570">
    <ele>450.6</ele>
   </trkpt>
   <trkpt lat="60.1294260" lon="10.5980850">
    <ele>450.6</ele>
   </trkpt>
   <trkpt lat="60.1295030" lon="10.5979940">
    <ele>450.8</ele>
   </trkpt>
   <trkpt lat="60.1295540" lon="10.5979140">
    <ele>451.0</ele>
   </trkpt>
   <trkpt lat="60.1296790" lon="10.5977110">
    <ele>451.7</ele>
   </trkpt>
   <trkpt lat="60.1298030" lon="10.5975740">
    <ele>452.6</ele>
   </trkpt>
   <trkpt lat="60.1298270" lon="10.5975450">
    <ele>452.8</ele>
   </trkpt>
   <trkpt lat="60.1298990" lon="10.5974650">
    <ele>453.4</ele>
   </trkpt>
   <trkpt lat="60.1299510" lon="10.5974190">
    <ele>453.9</ele>
   </trkpt>
   <trkpt lat="60.1300480" lon="10.5973260">
    <ele>454.9</ele>
   </trkpt>
   <trkpt lat="60.1301380" lon="10.5972150">
    <ele>455.9</ele>
   </trkpt>
   <trkpt lat="60.1301570" lon="10.5971900">
    <ele>456.1</ele>
   </trkpt>
   <trkpt lat="60.1302740" lon="10.5970420">
    <ele>457.5</ele>
   </trkpt>
   <trkpt lat="60.1303570" lon="10.5968850">
    <ele>458.6</ele>
   </trkpt>
   <trkpt lat="60.1304030" lon="10.5968670">
    <ele>459.1</ele>
   </trkpt>
   <trkpt lat="60.1304470" lon="10.5968110">
    <ele>459.6</ele>
   </trkpt>
   <trkpt lat="60.1305440" lon="10.5967590">
    <ele>460.5</ele>
   </trkpt>
   <trkpt lat="60.1306450" lon="10.5966600">
    <ele>461.5</ele>
   </trkpt>
   <trkpt lat="60.1306660" lon="10.5966370">
    <ele>461.7</ele>
   </trkpt>
   <trkpt lat="60.1307510" lon="10.5965920">
    <ele>462.6</ele>
   </trkpt>
   <trkpt lat="60.1307710" lon="10.5965740">
    <ele>462.7</ele>
   </trkpt>
   <trkpt lat="60.1308650" lon="10.5965530">
    <ele>463.6</ele>
   </trkpt>
   <trkpt lat="60.1309270" lon="10.5964900">
    <ele>464.2</ele>
   </trkpt>
   <trkpt lat="60.1309790" lon="10.5963810">
    <ele>464.8</ele>
   </trkpt>
   <trkpt lat="60.1310270" lon="10.5963580">
    <ele>465.1</ele>
   </trkpt>
   <trkpt lat="60.1310580" lon="10.5963670">
    <ele>465.4</ele>
   </trkpt>
   <trkpt lat="60.1311500" lon="10.5963130">
    <ele>466.1</ele>
   </trkpt>
   <trkpt lat="60.1311700" lon="10.5962990">
    <ele>466.2</ele>
   </trkpt>
   <trkpt lat="60.1312730" lon="10.5961240">
    <ele>467.0</ele>
   </trkpt>
   <trkpt lat="60.1313770" lon="10.5960860">
    <ele>467.5</ele>
   </trkpt>
   <trkpt lat="60.1314880" lon="10.5960000">
    <ele>468.0</ele>
   </trkpt>
   <trkpt lat="60.1315420" lon="10.5959560">
    <ele>468.2</ele>
   </trkpt>
   <trkpt lat="60.1316650" lon="10.5957140">
    <ele>468.8</ele>
   </trkpt>
   <trkpt lat="60.1317550" lon="10.5955860">
    <ele>469.1</ele>
   </trkpt>
   <trkpt lat="60.1318360" lon="10.5955140">
    <ele>469.4</ele>
   </trkpt>
   <trkpt lat="60.1319620" lon="10.5953710">
    <ele>469.7</ele>
   </trkpt>
   <trkpt lat="60.1319850" lon="10.5953490">
    <ele>469.8</ele>
   </trkpt>
   <trkpt lat="60.1320360" lon="10.5953050">
    <ele>469.9</ele>
   </trkpt>
   <trkpt lat="60.1320890" lon="10.5952750">
    <ele>470.0</ele>
   </trkpt>
   <trkpt lat="60.1321430" lon="10.5952490">
    <ele>470.0</ele>
   </trkpt>
   <trkpt lat="60.1322470" lon="10.5951140">
    <ele>470.1</ele>
   </trkpt>
   <trkpt lat="60.1323230" lon="10.5947870">
    <ele>470.0</ele>
   </trkpt>
   <trkpt lat="60.1324430" lon="10.5945950">
    <ele>469.9</ele>
   </trkpt>
   <trkpt lat="60.1324770" lon="10.5943760">
    <ele>469.8</ele>
   </trkpt>
   <trkpt lat="60.1325300" lon="10.5941890">
    <ele>469.7</ele>
   </trkpt>
   <trkpt lat="60.1326210" lon="10.5939990">
    <ele>469.4</ele>
   </trkpt>
   <trkpt lat="60.1326950" lon="10.5938810">
    <ele>469.1</ele>
   </trkpt>
   <trkpt lat="60.1328340" lon="10.5937290">
    <ele>468.5</ele>
   </trkpt>
   <trkpt lat="60.1328650" lon="10.5937080">
    <ele>468.3</ele>
   </trkpt>
   <trkpt lat="60.1329430" lon="10.5936260">
    <ele>467.8</ele>
   </trkpt>
   <trkpt lat="60.1329970" lon="10.5935530">
    <ele>467.4</ele>
   </trkpt>
   <trkpt lat="60.1330710" lon="10.5934510">
    <ele>466.8</ele>
   </trkpt>
   <trkpt lat="60.1331220" lon="10.5933860">
    <ele>466.4</ele>
   </trkpt>
   <trkpt lat="60.1331830" lon="10.5933510">
    <ele>465.9</ele>
   </trkpt>
   <trkpt lat="60.1332890" lon="10.5933070">
    <ele>465.2</ele>
   </trkpt>
   <trkpt lat="60.1333870" lon="10.5932650">
    <ele>464.6</ele>
   </trkpt>
   <trkpt lat="60.1335370" lon="10.5932650">
    <ele>464.1</ele>
   </trkpt>
   <trkpt lat="60.1337350" lon="10.5933520">
    <ele>464.2</ele>
   </trkpt>
   <trkpt lat="60.1337730" lon="10.5933950">
    <ele>464.3</ele>
   </trkpt>
   <trkpt lat="60.1338840" lon="10.5936360">
    <ele>464.9</ele>
   </trkpt>
   <trkpt lat="60.1339340" lon="10.5937500">
    <ele>465.2</ele>
   </trkpt>
   <trkpt lat="60.1339450" lon="10.5937790">
    <ele>465.3</ele>
   </trkpt>
   <trkpt lat="60.1340400" lon="10.5940100">
    <ele>466.0</ele>
   </trkpt>
   <trkpt lat="60.1341360" lon="10.5941630">
    <ele>466.5</ele>
   </trkpt>
   <trkpt lat="60.1341600" lon="10.5941680">
    <ele>466.5</ele>
   </trkpt>
   <trkpt lat="60.1342230" lon="10.5941990">
    <ele>466.6</ele>
   </trkpt>
   <trkpt lat="60.1343460" lon="10.5942020">
    <ele>466.6</ele>
   </trkpt>
   <trkpt lat="60.1345100" lon="10.5942120">
    <ele>466.4</ele>
   </trkpt>
   <trkpt lat="60.1346420" lon="10.5941960">
    <ele>466.1</ele>
   </trkpt>
   <trkpt lat="60.1346720" lon="10.5941760">
    <ele>466.1</ele>
   </trkpt>
   <trkpt lat="60.1347910" lon="10.5941470">
    <ele>465.7</ele>
   </trkpt>
   <trkpt lat="60.1348730" lon="10.5941070">
    <ele>465.4</ele>
   </trkpt>
   <trkpt lat="60.1350170" lon="10.5940690">
    <ele>465.0</ele>
   </trkpt>
   <trkpt lat="60.1352580" lon="10.5940520">
    <ele>464.6</ele>
   </trkpt>
   <trkpt lat="60.1354350" lon="10.5941300">
    <ele>464.5</ele>
   </trkpt>
   <trkpt lat="60.1354720" lon="10.5941610">
    <ele>464.6</ele>
   </trkpt>
   <trkpt lat="60.1355630" lon="10.5942340">
    <ele>464.7</ele>
   </trkpt>
   <trkpt lat="60.1356450" lon="10.5942700">
    <ele>464.8</ele>
   </trkpt>
   <trkpt lat="60.1357480" lon="10.5943180">
    <ele>465.0</ele>
   </trkpt>
   <trkpt lat="60.1358160" lon="10.5943460">
    <ele>465.1</ele>
   </trkpt>
   <trkpt lat="60.1360160" lon="10.5944020">
    <ele>465.4</ele>
   </trkpt>
   <trkpt lat="60.1361940" lon="10.5944670">
    <ele>465.7</ele>
   </trkpt>
   <trkpt lat="60.1362490" lon="10.5944970">
    <ele>465.8</ele>
   </trkpt>
   <trkpt lat="60.1362780" lon="10.5945220">
    <ele>465.8</ele>
   </trkpt>
   <trkpt lat="60.1363930" lon="10.5945650">
    <ele>466.0</ele>
   </trkpt>
   <trkpt lat="60.1365190" lon="10.5945940">
    <ele>466.0</ele>
   </trkpt>
   <trkpt lat="60.1365820" lon="10.5946160">
    <ele>466.0</ele>
   </trkpt>
   <trkpt lat="60.1367290" lon="10.5945620">
    <ele>466.0</ele>
   </trkpt>
   <trkpt lat="60.1368290" lon="10.5944920">
    <ele>466.0</ele>
   </trkpt>
   <trkpt lat="60.1369540" lon="10.5943820">
    <ele>466.1</ele>
   </trkpt>
   <trkpt lat="60.1370930" lon="10.5942170">
    <ele>466.1</ele>
   </trkpt>
   <trkpt lat="60.1371500" lon="10.5941690">
    <ele>466.1</ele>
   </trkpt>
   <trkpt lat="60.1372790" lon="10.5940080">
    <ele>466.1</ele>
   </trkpt>
   <trkpt lat="60.1373800" lon="10.5938310">
    <ele>466.0</ele>
   </trkpt>
   <trkpt lat="60.1375090" lon="10.5936380">
    <ele>465.6</ele>
   </trkpt>
   <trkpt lat="60.1375350" lon="10.5935910">
    <ele>465.5</ele>
   </trkpt>
   <trkpt lat="60.1376760" lon="10.5933860">
    <ele>464.8</ele>
   </trkpt>
   <trkpt lat="60.1377370" lon="10.5933200">
    <ele>464.5</ele>
   </trkpt>
   <trkpt lat="60.1377650" lon="10.5932870">
    <ele>464.3</ele>
   </trkpt>
   <trkpt lat="60.1378840" lon="10.5931480">
    <ele>463.7</ele>
   </trkpt>
   <trkpt lat="60.1380430" lon="10.5928740">
    <ele>462.7</ele>
   </trkpt>
   <trkpt lat="60.1381030" lon="10.5927950">
    <ele>462.4</ele>
   </trkpt>
   <trkpt lat="60.1381610" lon="10.5927200">
    <ele>462.2</ele>
   </trkpt>
   <trkpt lat="60.1382770" lon="10.5926230">
    <ele>461.6</ele>
   </trkpt>
   <trkpt lat="60.1384530" lon="10.5924500">
    <ele>460.7</ele>
   </trkpt>
   <trkpt lat="60.1386270" lon="10.5922560">
    <ele>460.0</ele>
   </trkpt>
   <trkpt lat="60.1388250" lon="10.5921590">
    <ele>459.6</ele>
   </trkpt>
   <trkpt lat="60.1388910" lon="10.5921580">
    <ele>459.5</ele>
   </trkpt>
   <trkpt lat="60.1390920" lon="10.5921640">
    <ele>459.5</ele>
   </trkpt>
   <trkpt lat="60.1391550" lon="10.5921670">
    <ele>459.6</ele>
   </trkpt>
   <trkpt lat="60.1392810" lon="10.5922140">
    <ele>460.0</ele>
   </trkpt>
   <trkpt lat="60.1394620" lon="10.5923510">
    <ele>461.2</ele>
   </trkpt>
   <trkpt lat="60.1396380" lon="10.5925740">
    <ele>462.7</ele>
   </trkpt>
   <trkpt lat="60.1396820" lon="10.5926420">
    <ele>463.0</ele>
   </trkpt>
   <trkpt lat="60.1398110" lon="10.5928480">
    <ele>463.8</ele>
   </trkpt>
   <trkpt lat="60.1399560" lon="10.5931550">
    <ele>463.8</ele>
   </trkpt>
   <trkpt lat="60.1400640" lon="10.5934880">
    <ele>463.1</ele>
   </trkpt>
   <trkpt lat="60.1401240" lon="10.5938490">
    <ele>462.5</ele>
   </trkpt>
   <trkpt lat="60.1401670" lon="10.5942440">
    <ele>461.8</ele>
   </trkpt>
   <trkpt lat="60.1401710" lon="10.5944760">
    <ele>461.6</ele>
   </trkpt>
   <trkpt lat="60.1401720" lon="10.5944810">
    <ele>461.6</ele>
   </trkpt>
   <trkpt lat="60.1401700" lon="10.5944710">
    <ele>461.6</ele>
   </trkpt>
   <trkpt lat="60.1401620" lon="10.5944650">
    <ele>461.6</ele>
   </trkpt>
   <trkpt lat="60.1401510" lon="10.5944770">
    <ele>461.5</ele>
   </trkpt>
   <trkpt lat="60.1401420" lon="10.5944860">
    <ele>461.5</ele>
   </trkpt>
   <trkpt lat="60.1401400" lon="10.5944910">
    <ele>461.5</ele>
   </trkpt>
   <trkpt lat="60.1401490" lon="10.5944800">
    <ele>461.5</ele>
   </trkpt>
   <trkpt lat="60.1401660" lon="10.5944910">
    <ele>461.5</ele>
   </trkpt>
   <trkpt lat="60.1401820" lon="10.5945850">
    <ele>461.5</ele>
   </trkpt>
   <trkpt lat="60.1402060" lon="10.5947620">
    <ele>461.5</ele>
   </trkpt>
   <trkpt lat="60.1402110" lon="10.5947940">
    <ele>461.5</ele>
   </trkpt>
   <trkpt lat="60.1402080" lon="10.5947750">
    <ele>461.5</ele>
   </trkpt>
   <trkpt lat="60.1401840" lon="10.5947620">
    <ele>461.5</ele>
   </trkpt>
   <trkpt lat="60.1401800" lon="10.5947730">
    <ele>461.5</ele>
   </trkpt>
   <trkpt lat="60.1401760" lon="10.5947750">
    <ele>461.5</ele>
   </trkpt>
   <trkpt lat="60.1401770" lon="10.5947730">
    <ele>461.5</ele>
   </trkpt>
   <trkpt lat="60.1401790" lon="10.5947740">
    <ele>461.5</ele>
   </trkpt>
   <trkpt lat="60.1401800" lon="10.5947750">
    <ele>461.5</ele>
   </trkpt>
   <trkpt lat="60.1401980" lon="10.5949060">
    <ele>461.5</ele>
   </trkpt>
   <trkpt lat="60.1402050" lon="10.5951570">
    <ele>461.7</ele>
   </trkpt>
   <trkpt lat="60.1401940" lon="10.5953540">
    <ele>461.9</ele>
   </trkpt>
   <trkpt lat="60.1402010" lon="10.5954840">
    <ele>462.1</ele>
   </trkpt>
   <trkpt lat="60.1402000" lon="10.5955590">
    <ele>462.2</ele>
   </trkpt>
   <trkpt lat="60.1402100" lon="10.5956980">
    <ele>462.5</ele>
   </trkpt>
   <trkpt lat="60.1402190" lon="10.5958410">
    <ele>462.7</ele>
   </trkpt>
   <trkpt lat="60.1402720" lon="10.5961060">
    <ele>463.4</ele>
   </trkpt>
   <trkpt lat="60.1402800" lon="10.5961700">
    <ele>463.6</ele>
   </trkpt>
   <trkpt lat="60.1402830" lon="10.5962310">
    <ele>463.8</ele>
   </trkpt>
   <trkpt lat="60.1403030" lon="10.5966120">
    <ele>464.9</ele>
   </trkpt>
   <trkpt lat="60.1403030" lon="10.5966720">
    <ele>465.1</ele>
   </trkpt>
   <trkpt lat="60.1403480" lon="10.5970220">
    <ele>465.8</ele>
   </trkpt>
   <trkpt lat="60.1403570" lon="10.5970810">
    <ele>465.9</ele>
   </trkpt>
   <trkpt lat="60.1404120" lon="10.5974220">
    <ele>466.3</ele>
   </trkpt>
   <trkpt lat="60.1404350" lon="10.5974730">
    <ele>466.3</ele>
   </trkpt>
   <trkpt lat="60.1405570" lon="10.5977580">
    <ele>466.4</ele>
   </trkpt>
   <trkpt lat="60.1405780" lon="10.5978040">
    <ele>466.3</ele>
   </trkpt>
   <trkpt lat="60.1406450" lon="10.5979620">
    <ele>466.1</ele>
   </trkpt>
   <trkpt lat="60.1407520" lon="10.5981680">
    <ele>465.4</ele>
   </trkpt>
   <trkpt lat="60.1408910" lon="10.5984760">
    <ele>464.3</ele>
   </trkpt>
   <trkpt lat="60.1409120" lon="10.5985290">
    <ele>464.1</ele>
   </trkpt>
   <trkpt lat="60.1409330" lon="10.5985810">
    <ele>463.9</ele>
   </trkpt>
   <trkpt lat="60.1410470" lon="10.5989240">
    <ele>462.8</ele>
   </trkpt>
   <trkpt lat="60.1411660" lon="10.5992450">
    <ele>461.9</ele>
   </trkpt>
   <trkpt lat="60.1412180" lon="10.5994890">
    <ele>461.6</ele>
   </trkpt>
   <trkpt lat="60.1412360" lon="10.5996130">
    <ele>461.6</ele>
   </trkpt>
   <trkpt lat="60.1412870" lon="10.5999930">
    <ele>461.7</ele>
   </trkpt>
   <trkpt lat="60.1412970" lon="10.6000550">
    <ele>461.8</ele>
   </trkpt>
   <trkpt lat="60.1413330" lon="10.6004360">
    <ele>462.1</ele>
   </trkpt>
   <trkpt lat="60.1413410" lon="10.6004970">
    <ele>462.1</ele>
   </trkpt>
   <trkpt lat="60.1414100" lon="10.6008590">
    <ele>462.2</ele>
   </trkpt>
   <trkpt lat="60.1414850" lon="10.6012230">
    <ele>462.3</ele>
   </trkpt>
   <trkpt lat="60.1415070" lon="10.6013420">
    <ele>462.3</ele>
   </trkpt>
   <trkpt lat="60.1415980" lon="10.6016640">
    <ele>462.4</ele>
   </trkpt>
   <trkpt lat="60.1416190" lon="10.6017170">
    <ele>462.5</ele>
   </trkpt>
   <trkpt lat="60.1416760" lon="10.6018330">
    <ele>462.6</ele>
   </trkpt>
   <trkpt lat="60.1417210" lon="10.6018920">
    <ele>462.7</ele>
   </trkpt>
   <trkpt lat="60.1418680" lon="10.6020810">
    <ele>463.2</ele>
   </trkpt>
   <trkpt lat="60.1420250" lon="10.6021120">
    <ele>463.5</ele>
   </trkpt>
   <trkpt lat="60.1421400" lon="10.6020520">
    <ele>463.6</ele>
   </trkpt>
   <trkpt lat="60.1421690" lon="10.6020330">
    <ele>463.6</ele>
   </trkpt>
   <trkpt lat="60.1423590" lon="10.6019330">
    <ele>463.8</ele>
   </trkpt>
   <trkpt lat="60.1423910" lon="10.6019180">
    <ele>463.8</ele>
   </trkpt>
   <trkpt lat="60.1425760" lon="10.6019080">
    <ele>464.0</ele>
   </trkpt>
   <trkpt lat="60.1426040" lon="10.6019060">
    <ele>464.0</ele>
   </trkpt>
   <trkpt lat="60.1427570" lon="10.6018700">
    <ele>464.1</ele>
   </trkpt>
   <trkpt lat="60.1428460" lon="10.6018510">
    <ele>464.1</ele>
   </trkpt>
   <trkpt lat="60.1430450" lon="10.6018190">
    <ele>464.1</ele>
   </trkpt>
   <trkpt lat="60.1430760" lon="10.6018010">
    <ele>464.0</ele>
   </trkpt>
   <trkpt lat="60.1432560" lon="10.6017170">
    <ele>463.7</ele>
   </trkpt>
   <trkpt lat="60.1433140" lon="10.6016820">
    <ele>463.5</ele>
   </trkpt>
   <trkpt lat="60.1434780" lon="10.6015540">
    <ele>462.9</ele>
   </trkpt>
   <trkpt lat="60.1436180" lon="10.6014130">
    <ele>462.5</ele>
   </trkpt>
   <trkpt lat="60.1436430" lon="10.6013850">
    <ele>462.4</ele>
   </trkpt>
   <trkpt lat="60.1436960" lon="10.6013130">
    <ele>462.3</ele>
   </trkpt>
   <trkpt lat="60.1437980" lon="10.6011540">
    <ele>462.1</ele>
   </trkpt>
   <trkpt lat="60.1438720" lon="10.6010090">
    <ele>461.9</ele>
   </trkpt>
   <trkpt lat="60.1440060" lon="10.6007590">
    <ele>461.5</ele>
   </trkpt>
   <trkpt lat="60.1441690" lon="10.6005120">
    <ele>461.0</ele>
   </trkpt>
   <trkpt lat="60.1441930" lon="10.6004850">
    <ele>461.0</ele>
   </trkpt>
   <trkpt lat="60.1443650" lon="10.6002770">
    <ele>460.5</ele>
   </trkpt>
   <trkpt lat="60.1444520" lon="10.6001730">
    <ele>460.2</ele>
   </trkpt>
   <trkpt lat="60.1445430" lon="10.6000950">
    <ele>460.1</ele>
   </trkpt>
   <trkpt lat="60.1446580" lon="10.5999700">
    <ele>459.8</ele>
   </trkpt>
   <trkpt lat="60.1447160" lon="10.5999140">
    <ele>459.7</ele>
   </trkpt>
   <trkpt lat="60.1447460" lon="10.5998850">
    <ele>459.6</ele>
   </trkpt>
   <trkpt lat="60.1448320" lon="10.5997990">
    <ele>459.5</ele>
   </trkpt>
   <trkpt lat="60.1449180" lon="10.5997040">
    <ele>459.3</ele>
   </trkpt>
   <trkpt lat="60.1449460" lon="10.5996720">
    <ele>459.3</ele>
   </trkpt>
   <trkpt lat="60.1450390" lon="10.5995750">
    <ele>459.3</ele>
   </trkpt>
   <trkpt lat="60.1451550" lon="10.5994840">
    <ele>459.4</ele>
   </trkpt>
   <trkpt lat="60.1453240" lon="10.5993340">
    <ele>459.8</ele>
   </trkpt>
   <trkpt lat="60.1453480" lon="10.5993160">
    <ele>459.9</ele>
   </trkpt>
   <trkpt lat="60.1455050" lon="10.5992080">
    <ele>460.4</ele>
   </trkpt>
   <trkpt lat="60.1456160" lon="10.5990930">
    <ele>460.8</ele>
   </trkpt>
   <trkpt lat="60.1456550" lon="10.5990370">
    <ele>460.9</ele>
   </trkpt>
   <trkpt lat="60.1458060" lon="10.5988990">
    <ele>461.1</ele>
   </trkpt>
   <trkpt lat="60.1459020" lon="10.5987980">
    <ele>461.1</ele>
   </trkpt>
   <trkpt lat="60.1460050" lon="10.5986390">
    <ele>461.0</ele>
   </trkpt>
   <trkpt lat="60.1460310" lon="10.5986000">
    <ele>460.9</ele>
   </trkpt>
   <trkpt lat="60.1460600" lon="10.5985640">
    <ele>460.9</ele>
   </trkpt>
   <trkpt lat="60.1461620" lon="10.5983980">
    <ele>460.7</ele>
   </trkpt>
   <trkpt lat="60.1462700" lon="10.5981560">
    <ele>460.7</ele>
   </trkpt>
   <trkpt lat="60.1463110" lon="10.5980640">
    <ele>460.7</ele>
   </trkpt>
   <trkpt lat="60.1464220" lon="10.5977750">
    <ele>460.8</ele>
   </trkpt>
   <trkpt lat="60.1464620" lon="10.5976750">
    <ele>460.8</ele>
   </trkpt>
   <trkpt lat="60.1465150" lon="10.5974970">
    <ele>460.9</ele>
   </trkpt>
   <trkpt lat="60.1465340" lon="10.5974460">
    <ele>460.9</ele>
   </trkpt>
   <trkpt lat="60.1465490" lon="10.5974020">
    <ele>461.0</ele>
   </trkpt>
   <trkpt lat="60.1466580" lon="10.5971140">
    <ele>461.2</ele>
   </trkpt>
   <trkpt lat="60.1467020" lon="10.5970210">
    <ele>461.4</ele>
   </trkpt>
   <trkpt lat="60.1467910" lon="10.5968430">
    <ele>461.8</ele>
   </trkpt>
   <trkpt lat="60.1468470" lon="10.5967740">
    <ele>462.0</ele>
   </trkpt>
   <trkpt lat="60.1470260" lon="10.5966320">
    <ele>462.7</ele>
   </trkpt>
   <trkpt lat="60.1470570" lon="10.5966230">
    <ele>462.9</ele>
   </trkpt>
   <trkpt lat="60.1472100" lon="10.5965170">
    <ele>463.7</ele>
   </trkpt>
   <trkpt lat="60.1472680" lon="10.5964920">
    <ele>464.0</ele>
   </trkpt>
   <trkpt lat="60.1474550" lon="10.5964390">
    <ele>465.1</ele>
   </trkpt>
   <trkpt lat="60.1474840" lon="10.5964190">
    <ele>465.3</ele>
   </trkpt>
   <trkpt lat="60.1475820" lon="10.5963560">
    <ele>466.1</ele>
   </trkpt>
   <trkpt lat="60.1476390" lon="10.5963440">
    <ele>466.6</ele>
   </trkpt>
   <trkpt lat="60.1477390" lon="10.5963190">
    <ele>467.5</ele>
   </trkpt>
   <trkpt lat="60.1477580" lon="10.5963190">
    <ele>467.7</ele>
   </trkpt>
   <trkpt lat="60.1477800" lon="10.5963270">
    <ele>467.9</ele>
   </trkpt>
   <trkpt lat="60.1478090" lon="10.5963220">
    <ele>468.1</ele>
   </trkpt>
   <trkpt lat="60.1478600" lon="10.5963100">
    <ele>468.6</ele>
   </trkpt>
   <trkpt lat="60.1479170" lon="10.5962960">
    <ele>469.2</ele>
   </trkpt>
   <trkpt lat="60.1479400" lon="10.5963000">
    <ele>469.4</ele>
   </trkpt>
   <trkpt lat="60.1480510" lon="10.5962990">
    <ele>470.6</ele>
   </trkpt>
   <trkpt lat="60.1480740" lon="10.5962930">
    <ele>470.8</ele>
   </trkpt>
   <trkpt lat="60.1482150" lon="10.5962580">
    <ele>472.2</ele>
   </trkpt>
   <trkpt lat="60.1483370" lon="10.5961940">
    <ele>473.3</ele>
   </trkpt>
   <trkpt lat="60.1484900" lon="10.5961860">
    <ele>474.5</ele>
   </trkpt>
   <trkpt lat="60.1485460" lon="10.5961610">
    <ele>474.9</ele>
   </trkpt>
   <trkpt lat="60.1486590" lon="10.5961320">
    <ele>475.5</ele>
   </trkpt>
   <trkpt lat="60.1487920" lon="10.5960670">
    <ele>476.2</ele>
   </trkpt>
   <trkpt lat="60.1488400" lon="10.5960450">
    <ele>476.4</ele>
   </trkpt>
   <trkpt lat="60.1489710" lon="10.5960290">
    <ele>476.8</ele>
   </trkpt>
   <trkpt lat="60.1491760" lon="10.5959900">
    <ele>476.8</ele>
   </trkpt>
   <trkpt lat="60.1493500" lon="10.5960700">
    <ele>476.2</ele>
   </trkpt>
   <trkpt lat="60.1493840" lon="10.5960820">
    <ele>476.1</ele>
   </trkpt>
   <trkpt lat="60.1495550" lon="10.5962920">
    <ele>475.2</ele>
   </trkpt>
   <trkpt lat="60.1495930" lon="10.5963150">
    <ele>475.0</ele>
   </trkpt>
   <trkpt lat="60.1497480" lon="10.5964730">
    <ele>474.3</ele>
   </trkpt>
   <trkpt lat="60.1499350" lon="10.5965810">
    <ele>473.4</ele>
   </trkpt>
   <trkpt lat="60.1501300" lon="10.5966500">
    <ele>472.3</ele>
   </trkpt>
   <trkpt lat="60.1501970" lon="10.5966530">
    <ele>471.9</ele>
   </trkpt>
   <trkpt lat="60.1503990" lon="10.5966580">
    <ele>471.0</ele>
   </trkpt>
   <trkpt lat="60.1504670" lon="10.5966570">
    <ele>470.8</ele>
   </trkpt>
   <trkpt lat="60.1506600" lon="10.5966520">
    <ele>470.6</ele>
   </trkpt>
   <trkpt lat="60.1507560" lon="10.5966650">
    <ele>470.6</ele>
   </trkpt>
   <trkpt lat="60.1509130" lon="10.5967190">
    <ele>470.6</ele>
   </trkpt>
   <trkpt lat="60.1509510" lon="10.5967710">
    <ele>470.6</ele>
   </trkpt>
   <trkpt lat="60.1509640" lon="10.5967930">
    <ele>470.6</ele>
   </trkpt>
   <trkpt lat="60.1509600" lon="10.5967930">
    <ele>470.6</ele>
   </trkpt>
   <trkpt lat="60.1509690" lon="10.5968100">
    <ele>470.6</ele>
   </trkpt>
   <trkpt lat="60.1510050" lon="10.5967930">
    <ele>470.7</ele>
   </trkpt>
   <trkpt lat="60.1510290" lon="10.5967760">
    <ele>470.7</ele>
   </trkpt>
   <trkpt lat="60.1511180" lon="10.5967490">
    <ele>470.7</ele>
   </trkpt>
   <trkpt lat="60.1511470" lon="10.5967420">
    <ele>470.7</ele>
   </trkpt>
   <trkpt lat="60.1511770" lon="10.5967430">
    <ele>470.9</ele>
   </trkpt>
   <trkpt lat="60.1512360" lon="10.5967440">
    <ele>471.1</ele>
   </trkpt>
   <trkpt lat="60.1513160" lon="10.5967410">
    <ele>471.6</ele>
   </trkpt>
   <trkpt lat="60.1513450" lon="10.5967260">
    <ele>471.7</ele>
   </trkpt>
   <trkpt lat="60.1513730" lon="10.5966980">
    <ele>471.9</ele>
   </trkpt>
   <trkpt lat="60.1514210" lon="10.5966470">
    <ele>472.2</ele>
   </trkpt>
   <trkpt lat="60.1514730" lon="10.5966020">
    <ele>472.5</ele>
   </trkpt>
   <trkpt lat="60.1515930" lon="10.5963700">
    <ele>473.3</ele>
   </trkpt>
   <trkpt lat="60.1516120" lon="10.5963190">
    <ele>473.5</ele>
   </trkpt>
   <trkpt lat="60.1517220" lon="10.5959930">
    <ele>474.7</ele>
   </trkpt>
   <trkpt lat="60.1517410" lon="10.5959470">
    <ele>474.9</ele>
   </trkpt>
   <trkpt lat="60.1518400" lon="10.5956770">
    <ele>476.5</ele>
   </trkpt>
   <trkpt lat="60.1518690" lon="10.5956020">
    <ele>477.0</ele>
   </trkpt>
   <trkpt lat="60.1519110" lon="10.5954970">
    <ele>477.6</ele>
   </trkpt>
   <trkpt lat="60.1519550" lon="10.5953820">
    <ele>478.3</ele>
   </trkpt>
   <trkpt lat="60.1520080" lon="10.5952060">
    <ele>479.4</ele>
   </trkpt>
   <trkpt lat="60.1520540" lon="10.5950800">
    <ele>480.2</ele>
   </trkpt>
   <trkpt lat="60.1521240" lon="10.5949370">
    <ele>481.2</ele>
   </trkpt>
   <trkpt lat="60.1521650" lon="10.5948850">
    <ele>481.6</ele>
   </trkpt>
   <trkpt lat="60.1522210" lon="10.5948040">
    <ele>482.2</ele>
   </trkpt>
   <trkpt lat="60.1522610" lon="10.5947560">
    <ele>482.6</ele>
   </trkpt>
   <trkpt lat="60.1522810" lon="10.5947230">
    <ele>482.8</ele>
   </trkpt>
   <trkpt lat="60.1523230" lon="10.5946680">
    <ele>483.1</ele>
   </trkpt>
   <trkpt lat="60.1523690" lon="10.5946180">
    <ele>483.5</ele>
   </trkpt>
   <trkpt lat="60.1524830" lon="10.5945260">
    <ele>484.4</ele>
   </trkpt>
   <trkpt lat="60.1525060" lon="10.5944970">
    <ele>484.6</ele>
   </trkpt>
   <trkpt lat="60.1526090" lon="10.5943750">
    <ele>485.4</ele>
   </trkpt>
   <trkpt lat="60.1526500" lon="10.5943350">
    <ele>485.7</ele>
   </trkpt>
   <trkpt lat="60.1527170" lon="10.5942850">
    <ele>486.2</ele>
   </trkpt>
   <trkpt lat="60.1528170" lon="10.5941660">
    <ele>487.1</ele>
   </trkpt>
   <trkpt lat="60.1528380" lon="10.5941490">
    <ele>487.2</ele>
   </trkpt>
   <trkpt lat="60.1529190" lon="10.5940210">
    <ele>487.9</ele>
   </trkpt>
   <trkpt lat="60.1529810" lon="10.5939160">
    <ele>488.5</ele>
   </trkpt>
   <trkpt lat="60.1530060" lon="10.5938850">
    <ele>488.6</ele>
   </trkpt>
   <trkpt lat="60.1530940" lon="10.5937790">
    <ele>489.2</ele>
   </trkpt>
   <trkpt lat="60.1531170" lon="10.5937600">
    <ele>489.4</ele>
   </trkpt>
   <trkpt lat="60.1532660" lon="10.5937100">
    <ele>490.3</ele>
   </trkpt>
   <trkpt lat="60.1534260" lon="10.5937000">
    <ele>491.2</ele>
   </trkpt>
   <trkpt lat="60.1534530" lon="10.5937180">
    <ele>491.4</ele>
   </trkpt>
   <trkpt lat="60.1535550" lon="10.5936790">
    <ele>492.0</ele>
   </trkpt>
   <trkpt lat="60.1536380" lon="10.5936170">
    <ele>492.4</ele>
   </trkpt>
   <trkpt lat="60.1537020" lon="10.5935820">
    <ele>492.8</ele>
   </trkpt>
   <trkpt lat="60.1537250" lon="10.5935610">
    <ele>492.9</ele>
   </trkpt>
   <trkpt lat="60.1537480" lon="10.5935480">
    <ele>493.0</ele>
   </trkpt>
   <trkpt lat="60.1537910" lon="10.5935390">
    <ele>493.2</ele>
   </trkpt>
   <trkpt lat="60.1538900" lon="10.5935000">
    <ele>493.8</ele>
   </trkpt>
   <trkpt lat="60.1539210" lon="10.5934890">
    <ele>493.9</ele>
   </trkpt>
   <trkpt lat="60.1540410" lon="10.5934610">
    <ele>494.7</ele>
   </trkpt>
   <trkpt lat="60.1540880" lon="10.5934520">
    <ele>495.0</ele>
   </trkpt>
   <trkpt lat="60.1541610" lon="10.5934160">
    <ele>495.5</ele>
   </trkpt>
   <trkpt lat="60.1541890" lon="10.5934130">
    <ele>495.7</ele>
   </trkpt>
   <trkpt lat="60.1542430" lon="10.5934070">
    <ele>496.1</ele>
   </trkpt>
   <trkpt lat="60.1543250" lon="10.5933730">
    <ele>496.6</ele>
   </trkpt>
   <trkpt lat="60.1543800" lon="10.5933580">
    <ele>497.0</ele>
   </trkpt>
   <trkpt lat="60.1544790" lon="10.5933170">
    <ele>497.7</ele>
   </trkpt>
   <trkpt lat="60.1545070" lon="10.5933110">
    <ele>497.9</ele>
   </trkpt>
   <trkpt lat="60.1545880" lon="10.5932860">
    <ele>498.5</ele>
   </trkpt>
   <trkpt lat="60.1546390" lon="10.5932550">
    <ele>498.9</ele>
   </trkpt>
   <trkpt lat="60.1547040" lon="10.5932100">
    <ele>499.4</ele>
   </trkpt>
   <trkpt lat="60.1547990" lon="10.5931440">
    <ele>500.0</ele>
   </trkpt>
   <trkpt lat="60.1548190" lon="10.5931190">
    <ele>500.2</ele>
   </trkpt>
   <trkpt lat="60.1549220" lon="10.5930500">
    <ele>500.9</ele>
   </trkpt>
   <trkpt lat="60.1549380" lon="10.5929920">
    <ele>501.1</ele>
   </trkpt>
   <trkpt lat="60.1549640" lon="10.5929730">
    <ele>501.2</ele>
   </trkpt>
   <trkpt lat="60.1550630" lon="10.5929080">
    <ele>501.9</ele>
   </trkpt>
   <trkpt lat="60.1551360" lon="10.5928450">
    <ele>502.4</ele>
   </trkpt>
   <trkpt lat="60.1552720" lon="10.5927820">
    <ele>503.3</ele>
   </trkpt>
   <trkpt lat="60.1552990" lon="10.5927630">
    <ele>503.5</ele>
   </trkpt>
   <trkpt lat="60.1554360" lon="10.5927280">
    <ele>504.3</ele>
   </trkpt>
   <trkpt lat="60.1554920" lon="10.5927080">
    <ele>504.7</ele>
   </trkpt>
   <trkpt lat="60.1555880" lon="10.5926480">
    <ele>505.3</ele>
   </trkpt>
   <trkpt lat="60.1556570" lon="10.5925600">
    <ele>505.8</ele>
   </trkpt>
   <trkpt lat="60.1557350" lon="10.5924700">
    <ele>506.3</ele>
   </trkpt>
   <trkpt lat="60.1557580" lon="10.5924430">
    <ele>506.4</ele>
   </trkpt>
   <trkpt lat="60.1558430" lon="10.5923280">
    <ele>506.7</ele>
   </trkpt>
   <trkpt lat="60.1558880" lon="10.5922880">
    <ele>506.8</ele>
   </trkpt>
   <trkpt lat="60.1559590" lon="10.5921850">
    <ele>506.8</ele>
   </trkpt>
   <trkpt lat="60.1560220" lon="10.5920870">
    <ele>506.6</ele>
   </trkpt>
   <trkpt lat="60.1561410" lon="10.5918620">
    <ele>506.1</ele>
   </trkpt>
   <trkpt lat="60.1561590" lon="10.5918310">
    <ele>506.0</ele>
   </trkpt>
   <trkpt lat="60.1561920" lon="10.5917170">
    <ele>505.7</ele>
   </trkpt>
   <trkpt lat="60.1562060" lon="10.5916620">
    <ele>505.5</ele>
   </trkpt>
   <trkpt lat="60.1562480" lon="10.5915030">
    <ele>505.1</ele>
   </trkpt>
   <trkpt lat="60.1562630" lon="10.5914520">
    <ele>505.0</ele>
   </trkpt>
   <trkpt lat="60.1563570" lon="10.5911440">
    <ele>503.9</ele>
   </trkpt>
   <trkpt lat="60.1563750" lon="10.5910900">
    <ele>503.7</ele>
   </trkpt>
   <trkpt lat="60.1565000" lon="10.5908850">
    <ele>502.5</ele>
   </trkpt>
   <trkpt lat="60.1566570" lon="10.5907120">
    <ele>501.6</ele>
   </trkpt>
   <trkpt lat="60.1567530" lon="10.5906390">
    <ele>501.2</ele>
   </trkpt>
   <trkpt lat="60.1568690" lon="10.5904860">
    <ele>500.8</ele>
   </trkpt>
   <trkpt lat="60.1570260" lon="10.5902890">
    <ele>500.6</ele>
   </trkpt>
   <trkpt lat="60.1570590" lon="10.5902500">
    <ele>500.5</ele>
   </trkpt>
   <trkpt lat="60.1572080" lon="10.5900420">
    <ele>500.3</ele>
   </trkpt>
   <trkpt lat="60.1572390" lon="10.5900130">
    <ele>500.3</ele>
   </trkpt>
   <trkpt lat="60.1574080" lon="10.5897600">
    <ele>500.1</ele>
   </trkpt>
   <trkpt lat="60.1575450" lon="10.5894700">
    <ele>500.3</ele>
   </trkpt>
   <trkpt lat="60.1575810" lon="10.5893050">
    <ele>500.4</ele>
   </trkpt>
   <trkpt lat="60.1576170" lon="10.5891390">
    <ele>500.4</ele>
   </trkpt>
   <trkpt lat="60.1577220" lon="10.5887990">
    <ele>500.2</ele>
   </trkpt>
   <trkpt lat="60.1577630" lon="10.5886900">
    <ele>500.2</ele>
   </trkpt>
   <trkpt lat="60.1578970" lon="10.5883660">
    <ele>500.2</ele>
   </trkpt>
   <trkpt lat="60.1579400" lon="10.5882650">
    <ele>500.1</ele>
   </trkpt>
   <trkpt lat="60.1580660" lon="10.5879620">
    <ele>499.9</ele>
   </trkpt>
   <trkpt lat="60.1580890" lon="10.5879210">
    <ele>499.8</ele>
   </trkpt>
   <trkpt lat="60.1582320" lon="10.5876640">
    <ele>499.3</ele>
   </trkpt>
   <trkpt lat="60.1582890" lon="10.5875850">
    <ele>499.0</ele>
   </trkpt>
   <trkpt lat="60.1583980" lon="10.5874240">
    <ele>498.4</ele>
   </trkpt>
   <trkpt lat="60.1585500" lon="10.5872740">
    <ele>497.6</ele>
   </trkpt>
   <trkpt lat="60.1585800" lon="10.5872460">
    <ele>497.4</ele>
   </trkpt>
   <trkpt lat="60.1587510" lon="10.5871050">
    <ele>496.0</ele>
   </trkpt>
   <trkpt lat="60.1587850" lon="10.5870740">
    <ele>495.7</ele>
   </trkpt>
   <trkpt lat="60.1588460" lon="10.5870160">
    <ele>495.1</ele>
   </trkpt>
   <trkpt lat="60.1588680" lon="10.5869680">
    <ele>494.8</ele>
   </trkpt>
   <trkpt lat="60.1588970" lon="10.5869260">
    <ele>494.5</ele>
   </trkpt>
   <trkpt lat="60.1590810" lon="10.5867110">
    <ele>492.6</ele>
   </trkpt>
   <trkpt lat="60.1591770" lon="10.5866180">
    <ele>491.7</ele>
   </trkpt>
   <trkpt lat="60.1593190" lon="10.5865100">
    <ele>490.4</ele>
   </trkpt>
   <trkpt lat="60.1594710" lon="10.5863770">
    <ele>488.7</ele>
   </trkpt>
   <trkpt lat="60.1596620" lon="10.5864410">
    <ele>486.7</ele>
   </trkpt>
   <trkpt lat="60.1597280" lon="10.5864970">
    <ele>485.9</ele>
   </trkpt>
   <trkpt lat="60.1598190" lon="10.5866110">
    <ele>484.9</ele>
   </trkpt>
   <trkpt lat="60.1600000" lon="10.5867760">
    <ele>482.9</ele>
   </trkpt>
   <trkpt lat="60.1600270" lon="10.5867930">
    <ele>482.6</ele>
   </trkpt>
   <trkpt lat="60.1601660" lon="10.5867850">
    <ele>481.3</ele>
   </trkpt>
   <trkpt lat="60.1602310" lon="10.5867700">
    <ele>480.9</ele>
   </trkpt>
   <trkpt lat="60.1603540" lon="10.5866760">
    <ele>480.3</ele>
   </trkpt>
   <trkpt lat="60.1604160" lon="10.5865410">
    <ele>480.4</ele>
   </trkpt>
   <trkpt lat="60.1604290" lon="10.5864240">
    <ele>480.7</ele>
   </trkpt>
   <trkpt lat="60.1604430" lon="10.5860830">
    <ele>481.3</ele>
   </trkpt>
   <trkpt lat="60.1603690" lon="10.5857180">
    <ele>481.9</ele>
   </trkpt>
   <trkpt lat="60.1602850" lon="10.5854870">
    <ele>482.1</ele>
   </trkpt>
   <trkpt lat="60.1602200" lon="10.5853420">
    <ele>482.0</ele>
   </trkpt>
   <trkpt lat="60.1600760" lon="10.5850550">
    <ele>481.4</ele>
   </trkpt>
   <trkpt lat="60.1600490" lon="10.5847920">
    <ele>480.8</ele>
   </trkpt>
   <trkpt lat="60.1600970" lon="10.5845110">
    <ele>480.4</ele>
   </trkpt>
   <trkpt lat="60.1601090" lon="10.5844490">
    <ele>480.4</ele>
   </trkpt>
   <trkpt lat="60.1601620" lon="10.5841520">
    <ele>481.1</ele>
   </trkpt>
   <trkpt lat="60.1601680" lon="10.5839610">
    <ele>482.6</ele>
   </trkpt>
   <trkpt lat="60.1601680" lon="10.5839100">
    <ele>483.0</ele>
   </trkpt>
   <trkpt lat="60.1601710" lon="10.5838650">
    <ele>483.3</ele>
   </trkpt>
   <trkpt lat="60.1601910" lon="10.5836560">
    <ele>484.4</ele>
   </trkpt>
   <trkpt lat="60.1602470" lon="10.5834900">
    <ele>485.1</ele>
   </trkpt>
   <trkpt lat="60.1603660" lon="10.5833450">
    <ele>486.4</ele>
   </trkpt>
   <trkpt lat="60.1604500" lon="10.5833670">
    <ele>487.5</ele>
   </trkpt>
   <trkpt lat="60.1604890" lon="10.5834160">
    <ele>488.1</ele>
   </trkpt>
   <trkpt lat="60.1605080" lon="10.5834330">
    <ele>488.4</ele>
   </trkpt>
   <trkpt lat="60.1605860" lon="10.5834750">
    <ele>489.5</ele>
   </trkpt>
   <trkpt lat="60.1605960" lon="10.5834870">
    <ele>489.6</ele>
   </trkpt>
   <trkpt lat="60.1606730" lon="10.5835150">
    <ele>490.5</ele>
   </trkpt>
   <trkpt lat="60.1607120" lon="10.5835110">
    <ele>490.9</ele>
   </trkpt>
   <trkpt lat="60.1607170" lon="10.5835120">
    <ele>491.0</ele>
   </trkpt>
   <trkpt lat="60.1607350" lon="10.5834880">
    <ele>491.1</ele>
   </trkpt>
   <trkpt lat="60.1607460" lon="10.5834600">
    <ele>491.3</ele>
   </trkpt>
   <trkpt lat="60.1607600" lon="10.5834310">
    <ele>491.4</ele>
   </trkpt>
   <trkpt lat="60.1607490" lon="10.5834900">
    <ele>491.5</ele>
   </trkpt>
   <trkpt lat="60.1607490" lon="10.5836490">
    <ele>491.8</ele>
   </trkpt>
   <trkpt lat="60.1607640" lon="10.5836780">
    <ele>491.9</ele>
   </trkpt>
   <trkpt lat="60.1608230" lon="10.5837530">
    <ele>492.2</ele>
   </trkpt>
   <trkpt lat="60.1608650" lon="10.5837790">
    <ele>492.4</ele>
   </trkpt>
   <trkpt lat="60.1609070" lon="10.5838020">
    <ele>492.6</ele>
   </trkpt>
   <trkpt lat="60.1609980" lon="10.5838270">
    <ele>493.1</ele>
   </trkpt>
   <trkpt lat="60.1611260" lon="10.5837530">
    <ele>493.8</ele>
   </trkpt>
   <trkpt lat="60.1611440" lon="10.5837560">
    <ele>493.9</ele>
   </trkpt>
   <trkpt lat="60.1612200" lon="10.5837440">
    <ele>494.4</ele>
   </trkpt>
   <trkpt lat="60.1612350" lon="10.5837240">
    <ele>494.5</ele>
   </trkpt>
   <trkpt lat="60.1612530" lon="10.5837100">
    <ele>494.6</ele>
   </trkpt>
   <trkpt lat="60.1613790" lon="10.5836330">
    <ele>495.3</ele>
   </trkpt>
   <trkpt lat="60.1614000" lon="10.5836360">
    <ele>495.3</ele>
   </trkpt>
   <trkpt lat="60.1614690" lon="10.5836830">
    <ele>495.6</ele>
   </trkpt>
   <trkpt lat="60.1615760" lon="10.5837020">
    <ele>495.8</ele>
   </trkpt>
   <trkpt lat="60.1616370" lon="10.5837530">
    <ele>495.8</ele>
   </trkpt>
   <trkpt lat="60.1616930" lon="10.5838350">
    <ele>495.8</ele>
   </trkpt>
   <trkpt lat="60.1617090" lon="10.5838610">
    <ele>495.7</ele>
   </trkpt>
   <trkpt lat="60.1617300" lon="10.5838680">
    <ele>495.7</ele>
   </trkpt>
   <trkpt lat="60.1617700" lon="10.5838520">
    <ele>495.6</ele>
   </trkpt>
   <trkpt lat="60.1618650" lon="10.5839210">
    <ele>495.4</ele>
   </trkpt>
   <trkpt lat="60.1619630" lon="10.5838840">
    <ele>495.3</ele>
   </trkpt>
   <trkpt lat="60.1620420" lon="10.5838450">
    <ele>495.3</ele>
   </trkpt>
   <trkpt lat="60.1620640" lon="10.5838050">
    <ele>495.4</ele>
   </trkpt>
   <trkpt lat="60.1620910" lon="10.5837480">
    <ele>495.5</ele>
   </trkpt>
   <trkpt lat="60.1621430" lon="10.5836950">
    <ele>495.7</ele>
   </trkpt>
   <trkpt lat="60.1621710" lon="10.5836650">
    <ele>495.8</ele>
   </trkpt>
   <trkpt lat="60.1621730" lon="10.5836380">
    <ele>495.9</ele>
   </trkpt>
   <trkpt lat="60.1621680" lon="10.5835880">
    <ele>496.0</ele>
   </trkpt>
   <trkpt lat="60.1621710" lon="10.5835200">
    <ele>496.2</ele>
   </trkpt>
   <trkpt lat="60.1621800" lon="10.5834930">
    <ele>496.3</ele>
   </trkpt>
   <trkpt lat="60.1621910" lon="10.5834320">
    <ele>496.5</ele>
   </trkpt>
   <trkpt lat="60.1621980" lon="10.5834010">
    <ele>496.6</ele>
   </trkpt>
   <trkpt lat="60.1622120" lon="10.5833810">
    <ele>496.7</ele>
   </trkpt>
   <trkpt lat="60.1622480" lon="10.5833440">
    <ele>496.9</ele>
   </trkpt>
   <trkpt lat="60.1623600" lon="10.5832930">
    <ele>497.3</ele>
   </trkpt>
   <trkpt lat="60.1623900" lon="10.5832730">
    <ele>497.3</ele>
   </trkpt>
   <trkpt lat="60.1624150" lon="10.5832550">
    <ele>497.4</ele>
   </trkpt>
   <trkpt lat="60.1625070" lon="10.5831920">
    <ele>497.6</ele>
   </trkpt>
   <trkpt lat="60.1626020" lon="10.5833300">
    <ele>497.4</ele>
   </trkpt>
   <trkpt lat="60.1626370" lon="10.5834930">
    <ele>496.9</ele>
   </trkpt>
   <trkpt lat="60.1626420" lon="10.5835850">
    <ele>496.8</ele>
   </trkpt>
   <trkpt lat="60.1626510" lon="10.5836860">
    <ele>496.7</ele>
   </trkpt>
   <trkpt lat="60.1626600" lon="10.5837010">
    <ele>496.8</ele>
   </trkpt>
   <trkpt lat="60.1627000" lon="10.5837280">
    <ele>496.8</ele>
   </trkpt>
   <trkpt lat="60.1627990" lon="10.5838460">
    <ele>497.0</ele>
   </trkpt>
   <trkpt lat="60.1629550" lon="10.5838840">
    <ele>497.1</ele>
   </trkpt>
   <trkpt lat="60.1630770" lon="10.5839080">
    <ele>497.3</ele>
   </trkpt>
   <trkpt lat="60.1631910" lon="10.5838910">
    <ele>497.4</ele>
   </trkpt>
   <trkpt lat="60.1632480" lon="10.5839130">
    <ele>497.5</ele>
   </trkpt>
   <trkpt lat="60.1633410" lon="10.5841090">
    <ele>497.8</ele>
   </trkpt>
   <trkpt lat="60.1634240" lon="10.5842740">
    <ele>498.1</ele>
   </trkpt>
   <trkpt lat="60.1634440" lon="10.5842970">
    <ele>498.2</ele>
   </trkpt>
   <trkpt lat="60.1635380" lon="10.5843300">
    <ele>498.4</ele>
   </trkpt>
   <trkpt lat="60.1636770" lon="10.5843910">
    <ele>498.6</ele>
   </trkpt>
   <trkpt lat="60.1638080" lon="10.5844220">
    <ele>498.5</ele>
   </trkpt>
   <trkpt lat="60.1639230" lon="10.5845700">
    <ele>498.4</ele>
   </trkpt>
   <trkpt lat="60.1640530" lon="10.5846890">
    <ele>498.6</ele>
   </trkpt>
   <trkpt lat="60.1640790" lon="10.5847140">
    <ele>498.8</ele>
   </trkpt>
   <trkpt lat="60.1642310" lon="10.5848110">
    <ele>499.9</ele>
   </trkpt>
   <trkpt lat="60.1643630" lon="10.5848910">
    <ele>501.0</ele>
   </trkpt>
   <trkpt lat="60.1644970" lon="10.5849590">
    <ele>502.0</ele>
   </trkpt>
   <trkpt lat="60.1645550" lon="10.5850070">
    <ele>502.5</ele>
   </trkpt>
   <trkpt lat="60.1646120" lon="10.5851380">
    <ele>503.1</ele>
   </trkpt>
   <trkpt lat="60.1646290" lon="10.5851460">
    <ele>503.3</ele>
   </trkpt>
   <trkpt lat="60.1646450" lon="10.5851690">
    <ele>503.4</ele>
   </trkpt>
   <trkpt lat="60.1646550" lon="10.5851910">
    <ele>503.5</ele>
   </trkpt>
   <trkpt lat="60.1647010" lon="10.5852600">
    <ele>504.0</ele>
   </trkpt>
   <trkpt lat="60.1647380" lon="10.5853220">
    <ele>504.4</ele>
   </trkpt>
   <trkpt lat="60.1648190" lon="10.5854680">
    <ele>505.3</ele>
   </trkpt>
   <trkpt lat="60.1648380" lon="10.5854930">
    <ele>505.5</ele>
   </trkpt>
   <trkpt lat="60.1648720" lon="10.5855250">
    <ele>505.8</ele>
   </trkpt>
   <trkpt lat="60.1649780" lon="10.5856180">
    <ele>506.7</ele>
   </trkpt>
   <trkpt lat="60.1650590" lon="10.5857120">
    <ele>507.4</ele>
   </trkpt>
   <trkpt lat="60.1651510" lon="10.5858160">
    <ele>508.3</ele>
   </trkpt>
   <trkpt lat="60.1651670" lon="10.5858370">
    <ele>508.4</ele>
   </trkpt>
   <trkpt lat="60.1652790" lon="10.5858980">
    <ele>509.1</ele>
   </trkpt>
   <trkpt lat="60.1653230" lon="10.5859970">
    <ele>509.3</ele>
   </trkpt>
   <trkpt lat="60.1653820" lon="10.5860790">
    <ele>509.6</ele>
   </trkpt>
   <trkpt lat="60.1654150" lon="10.5861280">
    <ele>509.9</ele>
   </trkpt>
   <trkpt lat="60.1654530" lon="10.5861300">
    <ele>510.1</ele>
   </trkpt>
   <trkpt lat="60.1654700" lon="10.5861250">
    <ele>510.2</ele>
   </trkpt>
   <trkpt lat="60.1656010" lon="10.5861860">
    <ele>511.1</ele>
   </trkpt>
   <trkpt lat="60.1656400" lon="10.5862030">
    <ele>511.4</ele>
   </trkpt>
   <trkpt lat="60.1656780" lon="10.5862190">
    <ele>511.6</ele>
   </trkpt>
   <trkpt lat="60.1657010" lon="10.5862270">
    <ele>511.8</ele>
   </trkpt>
   <trkpt lat="60.1657760" lon="10.5862740">
    <ele>512.2</ele>
   </trkpt>
   <trkpt lat="60.1657970" lon="10.5862900">
    <ele>512.3</ele>
   </trkpt>
   <trkpt lat="60.1659410" lon="10.5863510">
    <ele>513.3</ele>
   </trkpt>
   <trkpt lat="60.1659610" lon="10.5863530">
    <ele>513.5</ele>
   </trkpt>
   <trkpt lat="60.1659730" lon="10.5863590">
    <ele>513.7</ele>
   </trkpt>
   <trkpt lat="60.1659860" lon="10.5863640">
    <ele>513.9</ele>
   </trkpt>
   <trkpt lat="60.1659950" lon="10.5863710">
    <ele>514.0</ele>
   </trkpt>
   <trkpt lat="60.1659990" lon="10.5863880">
    <ele>514.1</ele>
   </trkpt>
   <trkpt lat="60.1660060" lon="10.5864030">
    <ele>514.3</ele>
   </trkpt>
   <trkpt lat="60.1660360" lon="10.5864550">
    <ele>515.0</ele>
   </trkpt>
   <trkpt lat="60.1660530" lon="10.5865050">
    <ele>515.6</ele>
   </trkpt>
   <trkpt lat="60.1660690" lon="10.5865200">
    <ele>515.9</ele>
   </trkpt>
   <trkpt lat="60.1660820" lon="10.5865410">
    <ele>516.3</ele>
   </trkpt>
   <trkpt lat="60.1660830" lon="10.5865590">
    <ele>516.4</ele>
   </trkpt>
   <trkpt lat="60.1660890" lon="10.5865900">
    <ele>516.8</ele>
   </trkpt>
   <trkpt lat="60.1661060" lon="10.5866390">
    <ele>517.4</ele>
   </trkpt>
   <trkpt lat="60.1661520" lon="10.5867150">
    <ele>518.6</ele>
   </trkpt>
   <trkpt lat="60.1661750" lon="10.5867360">
    <ele>519.0</ele>
   </trkpt>
   <trkpt lat="60.1662000" lon="10.5867360">
    <ele>519.4</ele>
   </trkpt>
   <trkpt lat="60.1662090" lon="10.5867560">
    <ele>519.6</ele>
   </trkpt>
   <trkpt lat="60.1662400" lon="10.5868020">
    <ele>520.2</ele>
   </trkpt>
   <trkpt lat="60.1662550" lon="10.5868260">
    <ele>520.5</ele>
   </trkpt>
   <trkpt lat="60.1663020" lon="10.5869010">
    <ele>521.3</ele>
   </trkpt>
   <trkpt lat="60.1663190" lon="10.5869060">
    <ele>521.5</ele>
   </trkpt>
   <trkpt lat="60.1664330" lon="10.5869830">
    <ele>523.1</ele>
   </trkpt>
   <trkpt lat="60.1664650" lon="10.5869830">
    <ele>523.5</ele>
   </trkpt>
   <trkpt lat="60.1665450" lon="10.5870300">
    <ele>524.3</ele>
   </trkpt>
   <trkpt lat="60.1666180" lon="10.5871820">
    <ele>524.8</ele>
   </trkpt>
   <trkpt lat="60.1666510" lon="10.5873060">
    <ele>524.9</ele>
   </trkpt>
   <trkpt lat="60.1666570" lon="10.5873930">
    <ele>524.9</ele>
   </trkpt>
   <trkpt lat="60.1666720" lon="10.5874430">
    <ele>524.9</ele>
   </trkpt>
   <trkpt lat="60.1667230" lon="10.5875140">
    <ele>525.0</ele>
   </trkpt>
   <trkpt lat="60.1667660" lon="10.5875240">
    <ele>525.1</ele>
   </trkpt>
   <trkpt lat="60.1668410" lon="10.5875370">
    <ele>525.6</ele>
   </trkpt>
   <trkpt lat="60.1668690" lon="10.5875420">
    <ele>525.8</ele>
   </trkpt>
   <trkpt lat="60.1669810" lon="10.5875980">
    <ele>526.1</ele>
   </trkpt>
   <trkpt lat="60.1670030" lon="10.5876320">
    <ele>526.1</ele>
   </trkpt>
   <trkpt lat="60.1670280" lon="10.5877460">
    <ele>525.9</ele>
   </trkpt>
   <trkpt lat="60.1670410" lon="10.5877690">
    <ele>525.9</ele>
   </trkpt>
   <trkpt lat="60.1670580" lon="10.5877780">
    <ele>525.8</ele>
   </trkpt>
   <trkpt lat="60.1671630" lon="10.5878060">
    <ele>525.3</ele>
   </trkpt>
   <trkpt lat="60.1671880" lon="10.5878180">
    <ele>525.2</ele>
   </trkpt>
   <trkpt lat="60.1673080" lon="10.5878300">
    <ele>525.0</ele>
   </trkpt>
   <trkpt lat="60.1673250" lon="10.5878190">
    <ele>525.0</ele>
   </trkpt>
   <trkpt lat="60.1673540" lon="10.5878150">
    <ele>525.3</ele>
   </trkpt>
   <trkpt lat="60.1673810" lon="10.5878430">
    <ele>525.6</ele>
   </trkpt>
   <trkpt lat="60.1674050" lon="10.5878810">
    <ele>526.2</ele>
   </trkpt>
   <trkpt lat="60.1674260" lon="10.5878790">
    <ele>526.7</ele>
   </trkpt>
   <trkpt lat="60.1674280" lon="10.5878910">
    <ele>526.8</ele>
   </trkpt>
   <trkpt lat="60.1674450" lon="10.5879230">
    <ele>527.4</ele>
   </trkpt>
   <trkpt lat="60.1674490" lon="10.5879150">
    <ele>527.6</ele>
   </trkpt>
   <trkpt lat="60.1674490" lon="10.5879400">
    <ele>527.9</ele>
   </trkpt>
   <trkpt lat="60.1674620" lon="10.5879630">
    <ele>528.4</ele>
   </trkpt>
   <trkpt lat="60.1674840" lon="10.5880100">
    <ele>529.4</ele>
   </trkpt>
   <trkpt lat="60.1674940" lon="10.5880170">
    <ele>529.7</ele>
   </trkpt>
   <trkpt lat="60.1675010" lon="10.5880230">
    <ele>530.0</ele>
   </trkpt>
   <trkpt lat="60.1675150" lon="10.5880220">
    <ele>530.4</ele>
   </trkpt>
   <trkpt lat="60.1675700" lon="10.5880220">
    <ele>532.1</ele>
   </trkpt>
   <trkpt lat="60.1675890" lon="10.5880380">
    <ele>532.7</ele>
   </trkpt>
   <trkpt lat="60.1676270" lon="10.5880730">
    <ele>533.9</ele>
   </trkpt>
   <trkpt lat="60.1676930" lon="10.5880590">
    <ele>535.7</ele>
   </trkpt>
   <trkpt lat="60.1677510" lon="10.5880300">
    <ele>537.3</ele>
   </trkpt>
   <trkpt lat="60.1677710" lon="10.5880300">
    <ele>537.8</ele>
   </trkpt>
   <trkpt lat="60.1677800" lon="10.5880290">
    <ele>538.0</ele>
   </trkpt>
   <trkpt lat="60.1678130" lon="10.5880320">
    <ele>538.8</ele>
   </trkpt>
   <trkpt lat="60.1678490" lon="10.5880230">
    <ele>539.6</ele>
   </trkpt>
   <trkpt lat="60.1678630" lon="10.5880030">
    <ele>540.0</ele>
   </trkpt>
   <trkpt lat="60.1679540" lon="10.5879730">
    <ele>541.9</ele>
   </trkpt>
   <trkpt lat="60.1679980" lon="10.5879170">
    <ele>542.8</ele>
   </trkpt>
   <trkpt lat="60.1680020" lon="10.5879020">
    <ele>542.9</ele>
   </trkpt>
   <trkpt lat="60.1680120" lon="10.5879360">
    <ele>543.2</ele>
   </trkpt>
   <trkpt lat="60.1680350" lon="10.5879870">
    <ele>543.7</ele>
   </trkpt>
   <trkpt lat="60.1680480" lon="10.5880120">
    <ele>544.0</ele>
   </trkpt>
   <trkpt lat="60.1680760" lon="10.5880550">
    <ele>544.5</ele>
   </trkpt>
   <trkpt lat="60.1681040" lon="10.5880830">
    <ele>545.0</ele>
   </trkpt>
   <trkpt lat="60.1681190" lon="10.5880850">
    <ele>545.2</ele>
   </trkpt>
   <trkpt lat="60.1681380" lon="10.5880810">
    <ele>545.5</ele>
   </trkpt>
   <trkpt lat="60.1681960" lon="10.5880640">
    <ele>546.5</ele>
   </trkpt>
   <trkpt lat="60.1682330" lon="10.5880330">
    <ele>547.2</ele>
   </trkpt>
   <trkpt lat="60.1682770" lon="10.5880260">
    <ele>547.8</ele>
   </trkpt>
   <trkpt lat="60.1683120" lon="10.5880380">
    <ele>548.3</ele>
   </trkpt>
   <trkpt lat="60.1683380" lon="10.5880350">
    <ele>548.6</ele>
   </trkpt>
   <trkpt lat="60.1683800" lon="10.5880200">
    <ele>549.1</ele>
   </trkpt>
   <trkpt lat="60.1683980" lon="10.5879970">
    <ele>549.3</ele>
   </trkpt>
   <trkpt lat="60.1684360" lon="10.5879490">
    <ele>549.8</ele>
   </trkpt>
   <trkpt lat="60.1684780" lon="10.5879360">
    <ele>550.1</ele>
   </trkpt>
   <trkpt lat="60.1685160" lon="10.5879170">
    <ele>550.5</ele>
   </trkpt>
   <trkpt lat="60.1686080" lon="10.5878840">
    <ele>551.3</ele>
   </trkpt>
   <trkpt lat="60.1687100" lon="10.5879160">
    <ele>552.2</ele>
   </trkpt>
   <trkpt lat="60.1687260" lon="10.5879190">
    <ele>552.3</ele>
   </trkpt>
   <trkpt lat="60.1688330" lon="10.5879220">
    <ele>553.2</ele>
   </trkpt>
   <trkpt lat="60.1689540" lon="10.5878590">
    <ele>554.6</ele>
   </trkpt>
   <trkpt lat="60.1689940" lon="10.5878570">
    <ele>555.2</ele>
   </trkpt>
   <trkpt lat="60.1690600" lon="10.5878760">
    <ele>556.1</ele>
   </trkpt>
   <trkpt lat="60.1690870" lon="10.5878760">
    <ele>556.5</ele>
   </trkpt>
   <trkpt lat="60.1691490" lon="10.5878650">
    <ele>557.3</ele>
   </trkpt>
   <trkpt lat="60.1691890" lon="10.5878680">
    <ele>557.8</ele>
   </trkpt>
   <trkpt lat="60.1692080" lon="10.5878670">
    <ele>558.0</ele>
   </trkpt>
   <trkpt lat="60.1692530" lon="10.5878490">
    <ele>558.4</ele>
   </trkpt>
   <trkpt lat="60.1693030" lon="10.5878220">
    <ele>558.8</ele>
   </trkpt>
   <trkpt lat="60.1693490" lon="10.5878270">
    <ele>559.1</ele>
   </trkpt>
   <trkpt lat="60.1693860" lon="10.5878330">
    <ele>559.3</ele>
   </trkpt>
   <trkpt lat="60.1694650" lon="10.5878200">
    <ele>559.7</ele>
   </trkpt>
   <trkpt lat="60.1695370" lon="10.5878020">
    <ele>560.1</ele>
   </trkpt>
   <trkpt lat="60.1695780" lon="10.5878040">
    <ele>560.3</ele>
   </trkpt>
   <trkpt lat="60.1696870" lon="10.5877620">
    <ele>560.9</ele>
   </trkpt>
   <trkpt lat="60.1697110" lon="10.5877650">
    <ele>561.0</ele>
   </trkpt>
   <trkpt lat="60.1697600" lon="10.5877750">
    <ele>561.2</ele>
   </trkpt>
   <trkpt lat="60.1698250" lon="10.5877720">
    <ele>561.4</ele>
   </trkpt>
   <trkpt lat="60.1699380" lon="10.5877970">
    <ele>561.4</ele>
   </trkpt>
   <trkpt lat="60.1699620" lon="10.5878130">
    <ele>561.4</ele>
   </trkpt>
   <trkpt lat="60.1699860" lon="10.5878310">
    <ele>561.3</ele>
   </trkpt>
   <trkpt lat="60.1700340" lon="10.5878670">
    <ele>561.2</ele>
   </trkpt>
   <trkpt lat="60.1700600" lon="10.5878630">
    <ele>561.2</ele>
   </trkpt>
   <trkpt lat="60.1701150" lon="10.5878640">
    <ele>561.0</ele>
   </trkpt>
   <trkpt lat="60.1702160" lon="10.5878800">
    <ele>560.8</ele>
   </trkpt>
   <trkpt lat="60.1702570" lon="10.5879280">
    <ele>560.8</ele>
   </trkpt>
   <trkpt lat="60.1702900" lon="10.5879800">
    <ele>560.8</ele>
   </trkpt>
   <trkpt lat="60.1703060" lon="10.5879990">
    <ele>560.9</ele>
   </trkpt>
   <trkpt lat="60.1703060" lon="10.5879980">
    <ele>560.9</ele>
   </trkpt>
   <trkpt lat="60.1703470" lon="10.5879710">
    <ele>561.0</ele>
   </trkpt>
   <trkpt lat="60.1704110" lon="10.5879490">
    <ele>561.2</ele>
   </trkpt>
   <trkpt lat="60.1704270" lon="10.5879470">
    <ele>561.3</ele>
   </trkpt>
   <trkpt lat="60.1704720" lon="10.5879610">
    <ele>561.5</ele>
   </trkpt>
   <trkpt lat="60.1704980" lon="10.5880280">
    <ele>561.8</ele>
   </trkpt>
   <trkpt lat="60.1705070" lon="10.5880530">
    <ele>561.9</ele>
   </trkpt>
   <trkpt lat="60.1705780" lon="10.5881240">
    <ele>562.4</ele>
   </trkpt>
   <trkpt lat="60.1705950" lon="10.5881290">
    <ele>562.5</ele>
   </trkpt>
   <trkpt lat="60.1706400" lon="10.5881100">
    <ele>562.8</ele>
   </trkpt>
   <trkpt lat="60.1706830" lon="10.5880800">
    <ele>563.1</ele>
   </trkpt>
   <trkpt lat="60.1707960" lon="10.5880390">
    <ele>563.7</ele>
   </trkpt>
   <trkpt lat="60.1708150" lon="10.5880280">
    <ele>563.8</ele>
   </trkpt>
   <trkpt lat="60.1708880" lon="10.5880760">
    <ele>564.1</ele>
   </trkpt>
   <trkpt lat="60.1709180" lon="10.5881090">
    <ele>564.3</ele>
   </trkpt>
   <trkpt lat="60.1709880" lon="10.5881680">
    <ele>564.7</ele>
   </trkpt>
   <trkpt lat="60.1710230" lon="10.5882020">
    <ele>564.8</ele>
   </trkpt>
   <trkpt lat="60.1710910" lon="10.5882770">
    <ele>565.2</ele>
   </trkpt>
   <trkpt lat="60.1711120" lon="10.5882790">
    <ele>565.2</ele>
   </trkpt>
   <trkpt lat="60.1711660" lon="10.5882530">
    <ele>565.4</ele>
   </trkpt>
   <trkpt lat="60.1711910" lon="10.5882430">
    <ele>565.5</ele>
   </trkpt>
   <trkpt lat="60.1712890" lon="10.5882330">
    <ele>565.8</ele>
   </trkpt>
   <trkpt lat="60.1713370" lon="10.5882360">
    <ele>565.9</ele>
   </trkpt>
   <trkpt lat="60.1713590" lon="10.5882490">
    <ele>566.0</ele>
   </trkpt>
   <trkpt lat="60.1714170" lon="10.5882910">
    <ele>566.2</ele>
   </trkpt>
   <trkpt lat="60.1714620" lon="10.5882570">
    <ele>566.3</ele>
   </trkpt>
   <trkpt lat="60.1714890" lon="10.5882540">
    <ele>566.3</ele>
   </trkpt>
   <trkpt lat="60.1715120" lon="10.5882610">
    <ele>566.4</ele>
   </trkpt>
   <trkpt lat="60.1715610" lon="10.5883010">
    <ele>566.6</ele>
   </trkpt>
   <trkpt lat="60.1715840" lon="10.5883250">
    <ele>566.7</ele>
   </trkpt>
   <trkpt lat="60.1716210" lon="10.5883730">
    <ele>566.9</ele>
   </trkpt>
   <trkpt lat="60.1716860" lon="10.5884060">
    <ele>567.3</ele>
   </trkpt>
   <trkpt lat="60.1717820" lon="10.5883830">
    <ele>567.8</ele>
   </trkpt>
   <trkpt lat="60.1718470" lon="10.5883810">
    <ele>567.9</ele>
   </trkpt>
   <trkpt lat="60.1719440" lon="10.5884220">
    <ele>567.6</ele>
   </trkpt>
   <trkpt lat="60.1719790" lon="10.5884370">
    <ele>567.3</ele>
   </trkpt>
   <trkpt lat="60.1720030" lon="10.5884840">
    <ele>567.1</ele>
   </trkpt>
   <trkpt lat="60.1720050" lon="10.5885610">
    <ele>566.8</ele>
   </trkpt>
   <trkpt lat="60.1720080" lon="10.5885960">
    <ele>566.6</ele>
   </trkpt>
   <trkpt lat="60.1720430" lon="10.5886330">
    <ele>566.3</ele>
   </trkpt>
   <trkpt lat="60.1720600" lon="10.5886230">
    <ele>566.1</ele>
   </trkpt>
   <trkpt lat="60.1720850" lon="10.5886270">
    <ele>565.9</ele>
   </trkpt>
   <trkpt lat="60.1721650" lon="10.5886590">
    <ele>565.2</ele>
   </trkpt>
   <trkpt lat="60.1722840" lon="10.5886720">
    <ele>564.0</ele>
   </trkpt>
   <trkpt lat="60.1723070" lon="10.5887110">
    <ele>563.6</ele>
   </trkpt>
   <trkpt lat="60.1723510" lon="10.5887520">
    <ele>563.0</ele>
   </trkpt>
   <trkpt lat="60.1723870" lon="10.5887470">
    <ele>562.6</ele>
   </trkpt>
   <trkpt lat="60.1724030" lon="10.5887600">
    <ele>562.4</ele>
   </trkpt>
   <trkpt lat="60.1724560" lon="10.5887840">
    <ele>561.7</ele>
   </trkpt>
   <trkpt lat="60.1724740" lon="10.5887790">
    <ele>561.5</ele>
   </trkpt>
   <trkpt lat="60.1724960" lon="10.5887730">
    <ele>561.2</ele>
   </trkpt>
   <trkpt lat="60.1725450" lon="10.5887700">
    <ele>560.7</ele>
   </trkpt>
   <trkpt lat="60.1726240" lon="10.5887140">
    <ele>559.8</ele>
   </trkpt>
   <trkpt lat="60.1726740" lon="10.5886650">
    <ele>559.2</ele>
   </trkpt>
   <trkpt lat="60.1728090" lon="10.5885710">
    <ele>557.6</ele>
   </trkpt>
   <trkpt lat="60.1728620" lon="10.5885310">
    <ele>556.7</ele>
   </trkpt>
   <trkpt lat="60.1729300" lon="10.5884750">
    <ele>555.4</ele>
   </trkpt>
   <trkpt lat="60.1729570" lon="10.5883680">
    <ele>554.2</ele>
   </trkpt>
   <trkpt lat="60.1729720" lon="10.5883520">
    <ele>553.8</ele>
   </trkpt>
   <trkpt lat="60.1730060" lon="10.5883420">
    <ele>553.2</ele>
   </trkpt>
   <trkpt lat="60.1730590" lon="10.5882780">
    <ele>552.3</ele>
   </trkpt>
   <trkpt lat="60.1730740" lon="10.5882600">
    <ele>552.0</ele>
   </trkpt>
   <trkpt lat="60.1730940" lon="10.5882570">
    <ele>551.8</ele>
   </trkpt>
   <trkpt lat="60.1731360" lon="10.5882920">
    <ele>551.3</ele>
   </trkpt>
   <trkpt lat="60.1731730" lon="10.5883490">
    <ele>550.8</ele>
   </trkpt>
   <trkpt lat="60.1731960" lon="10.5883700">
    <ele>550.6</ele>
   </trkpt>
   <trkpt lat="60.1732740" lon="10.5884010">
    <ele>549.6</ele>
   </trkpt>
   <trkpt lat="60.1733000" lon="10.5884090">
    <ele>549.2</ele>
   </trkpt>
   <trkpt lat="60.1734190" lon="10.5884380">
    <ele>547.0</ele>
   </trkpt>
   <trkpt lat="60.1734360" lon="10.5884670">
    <ele>546.6</ele>
   </trkpt>
   <trkpt lat="60.1735040" lon="10.5885090">
    <ele>545.0</ele>
   </trkpt>
   <trkpt lat="60.1735500" lon="10.5884910">
    <ele>544.1</ele>
   </trkpt>
   <trkpt lat="60.1736080" lon="10.5884790">
    <ele>542.8</ele>
   </trkpt>
   <trkpt lat="60.1736380" lon="10.5884620">
    <ele>542.1</ele>
   </trkpt>
   <trkpt lat="60.1736660" lon="10.5884430">
    <ele>541.5</ele>
   </trkpt>
   <trkpt lat="60.1737040" lon="10.5884080">
    <ele>540.5</ele>
   </trkpt>
   <trkpt lat="60.1737210" lon="10.5884020">
    <ele>540.1</ele>
   </trkpt>
   <trkpt lat="60.1737370" lon="10.5884120">
    <ele>539.7</ele>
   </trkpt>
   <trkpt lat="60.1737530" lon="10.5884290">
    <ele>539.3</ele>
   </trkpt>
   <trkpt lat="60.1738260" lon="10.5884590">
    <ele>537.6</ele>
   </trkpt>
   <trkpt lat="60.1738820" lon="10.5884520">
    <ele>536.4</ele>
   </trkpt>
   <trkpt lat="60.1739310" lon="10.5884490">
    <ele>535.4</ele>
   </trkpt>
   <trkpt lat="60.1739780" lon="10.5884380">
    <ele>534.4</ele>
   </trkpt>
   <trkpt lat="60.1740080" lon="10.5884280">
    <ele>533.7</ele>
   </trkpt>
   <trkpt lat="60.1740380" lon="10.5884180">
    <ele>533.0</ele>
   </trkpt>
   <trkpt lat="60.1741290" lon="10.5884220">
    <ele>531.1</ele>
   </trkpt>
   <trkpt lat="60.1741570" lon="10.5884300">
    <ele>530.5</ele>
   </trkpt>
   <trkpt lat="60.1741860" lon="10.5884370">
    <ele>529.9</ele>
   </trkpt>
   <trkpt lat="60.1742120" lon="10.5884400">
    <ele>529.4</ele>
   </trkpt>
   <trkpt lat="60.1742350" lon="10.5884440">
    <ele>529.0</ele>
   </trkpt>
   <trkpt lat="60.1742810" lon="10.5884610">
    <ele>528.2</ele>
   </trkpt>
   <trkpt lat="60.1743250" lon="10.5884490">
    <ele>527.6</ele>
   </trkpt>
   <trkpt lat="60.1743620" lon="10.5884010">
    <ele>526.9</ele>
   </trkpt>
   <trkpt lat="60.1743830" lon="10.5883870">
    <ele>526.6</ele>
   </trkpt>
   <trkpt lat="60.1744010" lon="10.5883730">
    <ele>526.3</ele>
   </trkpt>
   <trkpt lat="60.1744450" lon="10.5882820">
    <ele>525.4</ele>
   </trkpt>
   <trkpt lat="60.1744610" lon="10.5882480">
    <ele>525.0</ele>
   </trkpt>
   <trkpt lat="60.1744920" lon="10.5881820">
    <ele>524.2</ele>
   </trkpt>
   <trkpt lat="60.1745130" lon="10.5881100">
    <ele>523.5</ele>
   </trkpt>
   <trkpt lat="60.1745280" lon="10.5880600">
    <ele>522.9</ele>
   </trkpt>
   <trkpt lat="60.1745480" lon="10.5880080">
    <ele>522.3</ele>
   </trkpt>
   <trkpt lat="60.1745810" lon="10.5879370">
    <ele>521.3</ele>
   </trkpt>
   <trkpt lat="60.1746010" lon="10.5878680">
    <ele>520.5</ele>
   </trkpt>
   <trkpt lat="60.1746190" lon="10.5878120">
    <ele>519.9</ele>
   </trkpt>
   <trkpt lat="60.1746550" lon="10.5877120">
    <ele>518.8</ele>
   </trkpt>
   <trkpt lat="60.1746720" lon="10.5876840">
    <ele>518.4</ele>
   </trkpt>
   <trkpt lat="60.1747670" lon="10.5875840">
    <ele>516.9</ele>
   </trkpt>
   <trkpt lat="60.1748120" lon="10.5875560">
    <ele>516.4</ele>
   </trkpt>
   <trkpt lat="60.1748550" lon="10.5874970">
    <ele>515.9</ele>
   </trkpt>
   <trkpt lat="60.1749360" lon="10.5873940">
    <ele>514.9</ele>
   </trkpt>
   <trkpt lat="60.1749600" lon="10.5873420">
    <ele>514.6</ele>
   </trkpt>
   <trkpt lat="60.1750640" lon="10.5871520">
    <ele>513.6</ele>
   </trkpt>
   <trkpt lat="60.1751280" lon="10.5870170">
    <ele>512.9</ele>
   </trkpt>
   <trkpt lat="60.1751510" lon="10.5869800">
    <ele>512.6</ele>
   </trkpt>
   <trkpt lat="60.1752010" lon="10.5868800">
    <ele>511.9</ele>
   </trkpt>
   <trkpt lat="60.1752180" lon="10.5868370">
    <ele>511.5</ele>
   </trkpt>
   <trkpt lat="60.1753140" lon="10.5866220">
    <ele>509.7</ele>
   </trkpt>
   <trkpt lat="60.1753510" lon="10.5865400">
    <ele>508.9</ele>
   </trkpt>
   <trkpt lat="60.1753660" lon="10.5864930">
    <ele>508.6</ele>
   </trkpt>
   <trkpt lat="60.1753810" lon="10.5864490">
    <ele>508.2</ele>
   </trkpt>
   <trkpt lat="60.1754180" lon="10.5862870">
    <ele>507.1</ele>
   </trkpt>
   <trkpt lat="60.1754770" lon="10.5861730">
    <ele>506.3</ele>
   </trkpt>
   <trkpt lat="60.1755230" lon="10.5861150">
    <ele>505.9</ele>
   </trkpt>
   <trkpt lat="60.1755480" lon="10.5860830">
    <ele>505.8</ele>
   </trkpt>
   <trkpt lat="60.1756330" lon="10.5859420">
    <ele>505.6</ele>
   </trkpt>
   <trkpt lat="60.1756800" lon="10.5858880">
    <ele>505.7</ele>
   </trkpt>
   <trkpt lat="60.1757650" lon="10.5856910">
    <ele>505.9</ele>
   </trkpt>
   <trkpt lat="60.1758280" lon="10.5855990">
    <ele>505.8</ele>
   </trkpt>
   <trkpt lat="60.1758770" lon="10.5854880">
    <ele>505.4</ele>
   </trkpt>
   <trkpt lat="60.1758990" lon="10.5854560">
    <ele>505.2</ele>
   </trkpt>
   <trkpt lat="60.1760140" lon="10.5853070">
    <ele>503.6</ele>
   </trkpt>
   <trkpt lat="60.1760940" lon="10.5851440">
    <ele>501.9</ele>
   </trkpt>
   <trkpt lat="60.1761080" lon="10.5851020">
    <ele>501.5</ele>
   </trkpt>
   <trkpt lat="60.1761390" lon="10.5850510">
    <ele>500.9</ele>
   </trkpt>
   <trkpt lat="60.1761690" lon="10.5849610">
    <ele>500.3</ele>
   </trkpt>
   <trkpt lat="60.1761940" lon="10.5848710">
    <ele>499.9</ele>
   </trkpt>
   <trkpt lat="60.1762250" lon="10.5847880">
    <ele>499.6</ele>
   </trkpt>
   <trkpt lat="60.1762740" lon="10.5845950">
    <ele>499.4</ele>
   </trkpt>
   <trkpt lat="60.1763610" lon="10.5843360">
    <ele>498.8</ele>
   </trkpt>
   <trkpt lat="60.1763700" lon="10.5843030">
    <ele>498.7</ele>
   </trkpt>
   <trkpt lat="60.1764270" lon="10.5842380">
    <ele>498.1</ele>
   </trkpt>
   <trkpt lat="60.1764740" lon="10.5841950">
    <ele>497.7</ele>
   </trkpt>
   <trkpt lat="60.1765330" lon="10.5841240">
    <ele>497.2</ele>
   </trkpt>
   <trkpt lat="60.1765470" lon="10.5840970">
    <ele>497.0</ele>
   </trkpt>
   <trkpt lat="60.1765500" lon="10.5840630">
    <ele>496.9</ele>
   </trkpt>
   <trkpt lat="60.1765680" lon="10.5839770">
    <ele>496.6</ele>
   </trkpt>
   <trkpt lat="60.1765730" lon="10.5839450">
    <ele>496.5</ele>
   </trkpt>
   <trkpt lat="60.1765950" lon="10.5838970">
    <ele>496.3</ele>
   </trkpt>
   <trkpt lat="60.1765680" lon="10.5839470">
    <ele>496.0</ele>
   </trkpt>
   <trkpt lat="60.1766050" lon="10.5840140">
    <ele>495.7</ele>
   </trkpt>
   <trkpt lat="60.1767530" lon="10.5840840">
    <ele>495.0</ele>
   </trkpt>
   <trkpt lat="60.1768620" lon="10.5841360">
    <ele>495.1</ele>
   </trkpt>
   <trkpt lat="60.1769440" lon="10.5842130">
    <ele>495.3</ele>
   </trkpt>
   <trkpt lat="60.1769690" lon="10.5842130">
    <ele>495.4</ele>
   </trkpt>
   <trkpt lat="60.1770520" lon="10.5841220">
    <ele>495.6</ele>
   </trkpt>
   <trkpt lat="60.1771320" lon="10.5839970">
    <ele>495.8</ele>
   </trkpt>
   <trkpt lat="60.1771520" lon="10.5839760">
    <ele>495.9</ele>
   </trkpt>
   <trkpt lat="60.1772630" lon="10.5838900">
    <ele>495.9</ele>
   </trkpt>
   <trkpt lat="60.1773600" lon="10.5837730">
    <ele>495.9</ele>
   </trkpt>
   <trkpt lat="60.1773930" lon="10.5836030">
    <ele>495.9</ele>
   </trkpt>
   <trkpt lat="60.1774130" lon="10.5835650">
    <ele>495.9</ele>
   </trkpt>
   <trkpt lat="60.1774290" lon="10.5835210">
    <ele>496.0</ele>
   </trkpt>
   <trkpt lat="60.1775160" lon="10.5834360">
    <ele>496.0</ele>
   </trkpt>
   <trkpt lat="60.1775480" lon="10.5834020">
    <ele>496.1</ele>
   </trkpt>
   <trkpt lat="60.1776220" lon="10.5833290">
    <ele>496.2</ele>
   </trkpt>
   <trkpt lat="60.1776330" lon="10.5833090">
    <ele>496.3</ele>
   </trkpt>
   <trkpt lat="60.1776520" lon="10.5832600">
    <ele>496.4</ele>
   </trkpt>
   <trkpt lat="60.1776610" lon="10.5832260">
    <ele>496.5</ele>
   </trkpt>
   <trkpt lat="60.1776760" lon="10.5831640">
    <ele>496.6</ele>
   </trkpt>
   <trkpt lat="60.1777080" lon="10.5830980">
    <ele>496.8</ele>
   </trkpt>
   <trkpt lat="60.1777230" lon="10.5830830">
    <ele>496.9</ele>
   </trkpt>
   <trkpt lat="60.1777820" lon="10.5830710">
    <ele>497.2</ele>
   </trkpt>
   <trkpt lat="60.1778600" lon="10.5830850">
    <ele>497.5</ele>
   </trkpt>
   <trkpt lat="60.1778680" lon="10.5830840">
    <ele>497.5</ele>
   </trkpt>
   <trkpt lat="60.1778990" lon="10.5830920">
    <ele>497.6</ele>
   </trkpt>
   <trkpt lat="60.1779210" lon="10.5830980">
    <ele>497.7</ele>
   </trkpt>
   <trkpt lat="60.1779790" lon="10.5831900">
    <ele>498.0</ele>
   </trkpt>
   <trkpt lat="60.1780050" lon="10.5832270">
    <ele>498.2</ele>
   </trkpt>
   <trkpt lat="60.1780070" lon="10.5833440">
    <ele>498.8</ele>
   </trkpt>
   <trkpt lat="60.1779750" lon="10.5835580">
    <ele>500.6</ele>
   </trkpt>
   <trkpt lat="60.1779690" lon="10.5837490">
    <ele>502.4</ele>
   </trkpt>
   <trkpt lat="60.1780690" lon="10.5838590">
    <ele>504.2</ele>
   </trkpt>
   <trkpt lat="60.1781890" lon="10.5838290">
    <ele>505.8</ele>
   </trkpt>
   <trkpt lat="60.1782390" lon="10.5838220">
    <ele>506.4</ele>
   </trkpt>
   <trkpt lat="60.1782640" lon="10.5838200">
    <ele>506.7</ele>
   </trkpt>
   <trkpt lat="60.1782720" lon="10.5838150">
    <ele>506.8</ele>
   </trkpt>
   <trkpt lat="60.1782840" lon="10.5837970">
    <ele>506.9</ele>
   </trkpt>
   <trkpt lat="60.1783330" lon="10.5837370">
    <ele>507.5</ele>
   </trkpt>
   <trkpt lat="60.1783730" lon="10.5837200">
    <ele>507.9</ele>
   </trkpt>
   <trkpt lat="60.1784110" lon="10.5836910">
    <ele>508.2</ele>
   </trkpt>
   <trkpt lat="60.1784920" lon="10.5836330">
    <ele>509.0</ele>
   </trkpt>
   <trkpt lat="60.1785600" lon="10.5835800">
    <ele>509.6</ele>
   </trkpt>
   <trkpt lat="60.1786250" lon="10.5835650">
    <ele>510.1</ele>
   </trkpt>
   <trkpt lat="60.1786510" lon="10.5835830">
    <ele>510.3</ele>
   </trkpt>
   <trkpt lat="60.1787290" lon="10.5835960">
    <ele>511.1</ele>
   </trkpt>
   <trkpt lat="60.1788210" lon="10.5835400">
    <ele>511.6</ele>
   </trkpt>
   <trkpt lat="60.1789320" lon="10.5834260">
    <ele>512.3</ele>
   </trkpt>
   <trkpt lat="60.1790520" lon="10.5833680">
    <ele>513.2</ele>
   </trkpt>
   <trkpt lat="60.1791540" lon="10.5832330">
    <ele>513.9</ele>
   </trkpt>
   <trkpt lat="60.1792570" lon="10.5830810">
    <ele>514.2</ele>
   </trkpt>
   <trkpt lat="60.1792690" lon="10.5830500">
    <ele>514.1</ele>
   </trkpt>
   <trkpt lat="60.1793320" lon="10.5828930">
    <ele>513.5</ele>
   </trkpt>
   <trkpt lat="60.1793480" lon="10.5828580">
    <ele>513.3</ele>
   </trkpt>
   <trkpt lat="60.1794120" lon="10.5827860">
    <ele>512.6</ele>
   </trkpt>
   <trkpt lat="60.1794370" lon="10.5827720">
    <ele>512.3</ele>
   </trkpt>
   <trkpt lat="60.1794640" lon="10.5827670">
    <ele>512.0</ele>
   </trkpt>
   <trkpt lat="60.1795880" lon="10.5826630">
    <ele>510.9</ele>
   </trkpt>
   <trkpt lat="60.1796100" lon="10.5825780">
    <ele>510.6</ele>
   </trkpt>
   <trkpt lat="60.1796180" lon="10.5825350">
    <ele>510.5</ele>
   </trkpt>
   <trkpt lat="60.1796640" lon="10.5824250">
    <ele>509.9</ele>
   </trkpt>
   <trkpt lat="60.1796950" lon="10.5822090">
    <ele>508.9</ele>
   </trkpt>
   <trkpt lat="60.1797050" lon="10.5821650">
    <ele>508.8</ele>
   </trkpt>
   <trkpt lat="60.1797640" lon="10.5819600">
    <ele>508.3</ele>
   </trkpt>
   <trkpt lat="60.1798100" lon="10.5818280">
    <ele>508.1</ele>
   </trkpt>
   <trkpt lat="60.1798020" lon="10.5817280">
    <ele>507.9</ele>
   </trkpt>
   <trkpt lat="60.1798210" lon="10.5813920">
    <ele>507.3</ele>
   </trkpt>
   <trkpt lat="60.1798120" lon="10.5813060">
    <ele>507.1</ele>
   </trkpt>
   <trkpt lat="60.1797980" lon="10.5812070">
    <ele>506.9</ele>
   </trkpt>
   <trkpt lat="60.1797960" lon="10.5811560">
    <ele>506.8</ele>
   </trkpt>
   <trkpt lat="60.1798360" lon="10.5809030">
    <ele>506.4</ele>
   </trkpt>
   <trkpt lat="60.1798770" lon="10.5807360">
    <ele>506.1</ele>
   </trkpt>
   <trkpt lat="60.1799330" lon="10.5804820">
    <ele>505.1</ele>
   </trkpt>
   <trkpt lat="60.1799800" lon="10.5802640">
    <ele>504.2</ele>
   </trkpt>
   <trkpt lat="60.1799770" lon="10.5802100">
    <ele>504.1</ele>
   </trkpt>
   <trkpt lat="60.1799520" lon="10.5799990">
    <ele>503.5</ele>
   </trkpt>
   <trkpt lat="60.1799590" lon="10.5797080">
    <ele>502.9</ele>
   </trkpt>
   <trkpt lat="60.1800390" lon="10.5794580">
    <ele>502.7</ele>
   </trkpt>
   <trkpt lat="60.1800880" lon="10.5792120">
    <ele>502.7</ele>
   </trkpt>
   <trkpt lat="60.1801030" lon="10.5791800">
    <ele>502.7</ele>
   </trkpt>
   <trkpt lat="60.1801500" lon="10.5791490">
    <ele>502.8</ele>
   </trkpt>
   <trkpt lat="60.1802570" lon="10.5791150">
    <ele>502.8</ele>
   </trkpt>
   <trkpt lat="60.1802790" lon="10.5791240">
    <ele>502.8</ele>
   </trkpt>
   <trkpt lat="60.1803190" lon="10.5791220">
    <ele>502.7</ele>
   </trkpt>
   <trkpt lat="60.1803280" lon="10.5791290">
    <ele>502.7</ele>
   </trkpt>
   <trkpt lat="60.1803850" lon="10.5791210">
    <ele>502.7</ele>
   </trkpt>
   <trkpt lat="60.1804340" lon="10.5791010">
    <ele>502.7</ele>
   </trkpt>
   <trkpt lat="60.1805430" lon="10.5791320">
    <ele>503.0</ele>
   </trkpt>
   <trkpt lat="60.1805960" lon="10.5791790">
    <ele>503.1</ele>
   </trkpt>
   <trkpt lat="60.1806300" lon="10.5791630">
    <ele>503.2</ele>
   </trkpt>
   <trkpt lat="60.1807270" lon="10.5790610">
    <ele>503.6</ele>
   </trkpt>
   <trkpt lat="60.1808090" lon="10.5790430">
    <ele>503.9</ele>
   </trkpt>
   <trkpt lat="60.1808460" lon="10.5790510">
    <ele>504.1</ele>
   </trkpt>
   <trkpt lat="60.1809530" lon="10.5790370">
    <ele>504.7</ele>
   </trkpt>
   <trkpt lat="60.1809740" lon="10.5790220">
    <ele>504.8</ele>
   </trkpt>
   <trkpt lat="60.1810380" lon="10.5789890">
    <ele>505.2</ele>
   </trkpt>
   <trkpt lat="60.1810630" lon="10.5789720">
    <ele>505.4</ele>
   </trkpt>
   <trkpt lat="60.1811880" lon="10.5789240">
    <ele>506.2</ele>
   </trkpt>
   <trkpt lat="60.1813740" lon="10.5788200">
    <ele>507.2</ele>
   </trkpt>
   <trkpt lat="60.1815190" lon="10.5786410">
    <ele>507.1</ele>
   </trkpt>
   <trkpt lat="60.1815180" lon="10.5785690">
    <ele>506.9</ele>
   </trkpt>
   <trkpt lat="60.1815250" lon="10.5784630">
    <ele>506.5</ele>
   </trkpt>
   <trkpt lat="60.1816050" lon="10.5782460">
    <ele>505.2</ele>
   </trkpt>
   <trkpt lat="60.1816790" lon="10.5781060">
    <ele>504.0</ele>
   </trkpt>
   <trkpt lat="60.1816870" lon="10.5780740">
    <ele>503.7</ele>
   </trkpt>
   <trkpt lat="60.1817500" lon="10.5779210">
    <ele>502.1</ele>
   </trkpt>
   <trkpt lat="60.1817640" lon="10.5778770">
    <ele>501.7</ele>
   </trkpt>
   <trkpt lat="60.1818320" lon="10.5777270">
    <ele>500.4</ele>
   </trkpt>
   <trkpt lat="60.1818520" lon="10.5776790">
    <ele>500.5</ele>
   </trkpt>
   <trkpt lat="60.1819630" lon="10.5774610">
    <ele>500.7</ele>
   </trkpt>
   <trkpt lat="60.1820830" lon="10.5772850">
    <ele>500.8</ele>
   </trkpt>
   <trkpt lat="60.1821100" lon="10.5772610">
    <ele>501.2</ele>
   </trkpt>
   <trkpt lat="60.1821530" lon="10.5772130">
    <ele>501.5</ele>
   </trkpt>
   <trkpt lat="60.1822330" lon="10.5771380">
    <ele>501.9</ele>
   </trkpt>
   <trkpt lat="60.1823170" lon="10.5769940">
    <ele>502.1</ele>
   </trkpt>
   <trkpt lat="60.1823860" lon="10.5768940">
    <ele>502.5</ele>
   </trkpt>
   <trkpt lat="60.1824070" lon="10.5768700">
    <ele>502.6</ele>
   </trkpt>
   <trkpt lat="60.1824270" lon="10.5768410">
    <ele>502.8</ele>
   </trkpt>
   <trkpt lat="60.1824430" lon="10.5768140">
    <ele>502.9</ele>
   </trkpt>
   <trkpt lat="60.1825400" lon="10.5766470">
    <ele>503.5</ele>
   </trkpt>
   <trkpt lat="60.1826080" lon="10.5765500">
    <ele>503.6</ele>
   </trkpt>
   <trkpt lat="60.1826750" lon="10.5764890">
    <ele>503.5</ele>
   </trkpt>
   <trkpt lat="60.1828500" lon="10.5763360">
    <ele>503.2</ele>
   </trkpt>
   <trkpt lat="60.1829540" lon="10.5762070">
    <ele>503.2</ele>
   </trkpt>
   <trkpt lat="60.1829840" lon="10.5761790">
    <ele>503.2</ele>
   </trkpt>
   <trkpt lat="60.1831080" lon="10.5760480">
    <ele>503.1</ele>
   </trkpt>
   <trkpt lat="60.1831560" lon="10.5759940">
    <ele>503.1</ele>
   </trkpt>
   <trkpt lat="60.1832080" lon="10.5758900">
    <ele>502.9</ele>
   </trkpt>
   <trkpt lat="60.1832250" lon="10.5758700">
    <ele>502.9</ele>
   </trkpt>
   <trkpt lat="60.1832710" lon="10.5758440">
    <ele>502.7</ele>
   </trkpt>
   <trkpt lat="60.1833170" lon="10.5758340">
    <ele>502.5</ele>
   </trkpt>
   <trkpt lat="60.1833470" lon="10.5757310">
    <ele>502.2</ele>
   </trkpt>
   <trkpt lat="60.1833540" lon="10.5756310">
    <ele>502.0</ele>
   </trkpt>
   <trkpt lat="60.1833890" lon="10.5755420">
    <ele>501.8</ele>
   </trkpt>
   <trkpt lat="60.1833990" lon="10.5755200">
    <ele>501.8</ele>
   </trkpt>
   <trkpt lat="60.1834050" lon="10.5754970">
    <ele>501.8</ele>
   </trkpt>
   <trkpt lat="60.1834310" lon="10.5754330">
    <ele>501.6</ele>
   </trkpt>
   <trkpt lat="60.1834730" lon="10.5753450">
    <ele>501.5</ele>
   </trkpt>
   <trkpt lat="60.1835000" lon="10.5753050">
    <ele>501.4</ele>
   </trkpt>
   <trkpt lat="60.1835440" lon="10.5752260">
    <ele>501.3</ele>
   </trkpt>
   <trkpt lat="60.1835740" lon="10.5751380">
    <ele>501.3</ele>
   </trkpt>
   <trkpt lat="60.1835970" lon="10.5751070">
    <ele>501.7</ele>
   </trkpt>
   <trkpt lat="60.1836970" lon="10.5750240">
    <ele>503.0</ele>
   </trkpt>
   <trkpt lat="60.1837610" lon="10.5749260">
    <ele>504.1</ele>
   </trkpt>
   <trkpt lat="60.1837740" lon="10.5749070">
    <ele>504.4</ele>
   </trkpt>
   <trkpt lat="60.1837860" lon="10.5748960">
    <ele>504.6</ele>
   </trkpt>
   <trkpt lat="60.1838270" lon="10.5748240">
    <ele>505.3</ele>
   </trkpt>
   <trkpt lat="60.1838610" lon="10.5747620">
    <ele>505.9</ele>
   </trkpt>
   <trkpt lat="60.1838820" lon="10.5747370">
    <ele>506.2</ele>
   </trkpt>
   <trkpt lat="60.1838990" lon="10.5747190">
    <ele>506.5</ele>
   </trkpt>
   <trkpt lat="60.1839090" lon="10.5747130">
    <ele>506.6</ele>
   </trkpt>
   <trkpt lat="60.1839220" lon="10.5746890">
    <ele>506.8</ele>
   </trkpt>
   <trkpt lat="60.1839300" lon="10.5746720">
    <ele>507.0</ele>
   </trkpt>
   <trkpt lat="60.1839550" lon="10.5746490">
    <ele>507.3</ele>
   </trkpt>
   <trkpt lat="60.1839950" lon="10.5746210">
    <ele>507.7</ele>
   </trkpt>
   <trkpt lat="60.1840710" lon="10.5745660">
    <ele>508.8</ele>
   </trkpt>
   <trkpt lat="60.1840820" lon="10.5745590">
    <ele>508.9</ele>
   </trkpt>
   <trkpt lat="60.1840930" lon="10.5745600">
    <ele>509.0</ele>
   </trkpt>
   <trkpt lat="60.1841250" lon="10.5745180">
    <ele>509.5</ele>
   </trkpt>
   <trkpt lat="60.1841400" lon="10.5745000">
    <ele>509.8</ele>
   </trkpt>
   <trkpt lat="60.1841660" lon="10.5744720">
    <ele>510.2</ele>
   </trkpt>
   <trkpt lat="60.1841920" lon="10.5744610">
    <ele>510.5</ele>
   </trkpt>
   <trkpt lat="60.1842110" lon="10.5744410">
    <ele>510.8</ele>
   </trkpt>
   <trkpt lat="60.1842650" lon="10.5743610">
    <ele>511.7</ele>
   </trkpt>
   <trkpt lat="60.1842810" lon="10.5743390">
    <ele>512.0</ele>
   </trkpt>
   <trkpt lat="60.1843140" lon="10.5743130">
    <ele>512.5</ele>
   </trkpt>
   <trkpt lat="60.1843650" lon="10.5742480">
    <ele>513.5</ele>
   </trkpt>
   <trkpt lat="60.1843910" lon="10.5742340">
    <ele>514.0</ele>
   </trkpt>
   <trkpt lat="60.1844330" lon="10.5741740">
    <ele>514.9</ele>
   </trkpt>
   <trkpt lat="60.1844630" lon="10.5740970">
    <ele>515.8</ele>
   </trkpt>
   <trkpt lat="60.1844830" lon="10.5740800">
    <ele>516.1</ele>
   </trkpt>
   <trkpt lat="60.1845000" lon="10.5740630">
    <ele>516.5</ele>
   </trkpt>
   <trkpt lat="60.1845300" lon="10.5740110">
    <ele>517.1</ele>
   </trkpt>
   <trkpt lat="60.1845400" lon="10.5740140">
    <ele>517.3</ele>
   </trkpt>
   <trkpt lat="60.1846210" lon="10.5739860">
    <ele>518.7</ele>
   </trkpt>
   <trkpt lat="60.1846430" lon="10.5739810">
    <ele>519.0</ele>
   </trkpt>
   <trkpt lat="60.1847340" lon="10.5739160">
    <ele>520.5</ele>
   </trkpt>
   <trkpt lat="60.1847620" lon="10.5738920">
    <ele>520.9</ele>
   </trkpt>
   <trkpt lat="60.1848050" lon="10.5738340">
    <ele>521.5</ele>
   </trkpt>
   <trkpt lat="60.1848290" lon="10.5738170">
    <ele>521.8</ele>
   </trkpt>
   <trkpt lat="60.1848940" lon="10.5737480">
    <ele>522.8</ele>
   </trkpt>
   <trkpt lat="60.1849110" lon="10.5737240">
    <ele>523.1</ele>
   </trkpt>
   <trkpt lat="60.1849270" lon="10.5737040">
    <ele>523.4</ele>
   </trkpt>
   <trkpt lat="60.1849580" lon="10.5736220">
    <ele>524.1</ele>
   </trkpt>
   <trkpt lat="60.1849830" lon="10.5735780">
    <ele>524.6</ele>
   </trkpt>
   <trkpt lat="60.1850120" lon="10.5735330">
    <ele>525.1</ele>
   </trkpt>
   <trkpt lat="60.1850580" lon="10.5734810">
    <ele>525.8</ele>
   </trkpt>
   <trkpt lat="60.1850680" lon="10.5734790">
    <ele>525.9</ele>
   </trkpt>
   <trkpt lat="60.1851350" lon="10.5734400">
    <ele>526.7</ele>
   </trkpt>
   <trkpt lat="60.1851350" lon="10.5734400">
    <ele>526.7</ele>
   </trkpt>
   <trkpt lat="60.1851750" lon="10.5733990">
    <ele>527.0</ele>
   </trkpt>
   <trkpt lat="60.1851950" lon="10.5733720">
    <ele>527.2</ele>
   </trkpt>
   <trkpt lat="60.1852540" lon="10.5733000">
    <ele>527.5</ele>
   </trkpt>
   <trkpt lat="60.1852740" lon="10.5732830">
    <ele>527.6</ele>
   </trkpt>
   <trkpt lat="60.1853560" lon="10.5731710">
    <ele>527.8</ele>
   </trkpt>
   <trkpt lat="60.1854090" lon="10.5731400">
    <ele>527.8</ele>
   </trkpt>
   <trkpt lat="60.1854490" lon="10.5731110">
    <ele>527.6</ele>
   </trkpt>
   <trkpt lat="60.1855450" lon="10.5730600">
    <ele>527.0</ele>
   </trkpt>
   <trkpt lat="60.1856020" lon="10.5730270">
    <ele>526.3</ele>
   </trkpt>
   <trkpt lat="60.1856220" lon="10.5730180">
    <ele>526.1</ele>
   </trkpt>
   <trkpt lat="60.1856570" lon="10.5729940">
    <ele>525.4</ele>
   </trkpt>
   <trkpt lat="60.1856740" lon="10.5729730">
    <ele>525.1</ele>
   </trkpt>
   <trkpt lat="60.1857230" lon="10.5729180">
    <ele>524.0</ele>
   </trkpt>
   <trkpt lat="60.1857300" lon="10.5729170">
    <ele>523.8</ele>
   </trkpt>
   <trkpt lat="60.1857350" lon="10.5729250">
    <ele>523.7</ele>
   </trkpt>
   <trkpt lat="60.1857860" lon="10.5729370">
    <ele>522.5</ele>
   </trkpt>
   <trkpt lat="60.1858210" lon="10.5729260">
    <ele>521.7</ele>
   </trkpt>
   <trkpt lat="60.1858550" lon="10.5728950">
    <ele>520.7</ele>
   </trkpt>
   <trkpt lat="60.1858920" lon="10.5728610">
    <ele>519.7</ele>
   </trkpt>
   <trkpt lat="60.1859270" lon="10.5728570">
    <ele>518.9</ele>
   </trkpt>
   <trkpt lat="60.1859650" lon="10.5728980">
    <ele>518.0</ele>
   </trkpt>
   <trkpt lat="60.1860090" lon="10.5729500">
    <ele>517.1</ele>
   </trkpt>
   <trkpt lat="60.1860090" lon="10.5729500">
    <ele>517.1</ele>
   </trkpt>
   <trkpt lat="60.1860460" lon="10.5729700">
    <ele>516.5</ele>
   </trkpt>
   <trkpt lat="60.1861360" lon="10.5729930">
    <ele>515.7</ele>
   </trkpt>
   <trkpt lat="60.1863450" lon="10.5728950">
    <ele>514.8</ele>
   </trkpt>
   <trkpt lat="60.1864820" lon="10.5727720">
    <ele>513.3</ele>
   </trkpt>
   <trkpt lat="60.1865850" lon="10.5727060">
    <ele>512.1</ele>
   </trkpt>
   <trkpt lat="60.1866550" lon="10.5727200">
    <ele>511.5</ele>
   </trkpt>
   <trkpt lat="60.1867180" lon="10.5726930">
    <ele>511.3</ele>
   </trkpt>
   <trkpt lat="60.1868560" lon="10.5726590">
    <ele>510.9</ele>
   </trkpt>
   <trkpt lat="60.1869310" lon="10.5726140">
    <ele>510.6</ele>
   </trkpt>
   <trkpt lat="60.1870000" lon="10.5725230">
    <ele>510.3</ele>
   </trkpt>
   <trkpt lat="60.1870370" lon="10.5724260">
    <ele>510.2</ele>
   </trkpt>
   <trkpt lat="60.1871480" lon="10.5722740">
    <ele>510.4</ele>
   </trkpt>
   <trkpt lat="60.1871750" lon="10.5722450">
    <ele>510.6</ele>
   </trkpt>
   <trkpt lat="60.1872710" lon="10.5721520">
    <ele>511.4</ele>
   </trkpt>
   <trkpt lat="60.1873590" lon="10.5721190">
    <ele>512.2</ele>
   </trkpt>
   <trkpt lat="60.1874040" lon="10.5720320">
    <ele>512.6</ele>
   </trkpt>
   <trkpt lat="60.1875000" lon="10.5719630">
    <ele>513.4</ele>
   </trkpt>
   <trkpt lat="60.1875110" lon="10.5719410">
    <ele>513.6</ele>
   </trkpt>
   <trkpt lat="60.1875720" lon="10.5719100">
    <ele>514.3</ele>
   </trkpt>
   <trkpt lat="60.1875950" lon="10.5718960">
    <ele>514.5</ele>
   </trkpt>
   <trkpt lat="60.1876360" lon="10.5718840">
    <ele>514.9</ele>
   </trkpt>
   <trkpt lat="60.1877760" lon="10.5718500">
    <ele>515.8</ele>
   </trkpt>
   <trkpt lat="60.1879100" lon="10.5718190">
    <ele>516.3</ele>
   </trkpt>
   <trkpt lat="60.1879440" lon="10.5718050">
    <ele>516.4</ele>
   </trkpt>
   <trkpt lat="60.1880520" lon="10.5717500">
    <ele>516.3</ele>
   </trkpt>
   <trkpt lat="60.1881660" lon="10.5716720">
    <ele>515.8</ele>
   </trkpt>
   <trkpt lat="60.1882200" lon="10.5716450">
    <ele>515.6</ele>
   </trkpt>
   <trkpt lat="60.1882440" lon="10.5716270">
    <ele>515.4</ele>
   </trkpt>
   <trkpt lat="60.1883370" lon="10.5715780">
    <ele>515.3</ele>
   </trkpt>
   <trkpt lat="60.1885080" lon="10.5715470">
    <ele>516.2</ele>
   </trkpt>
   <trkpt lat="60.1885720" lon="10.5714930">
    <ele>516.7</ele>
   </trkpt>
   <trkpt lat="60.1886170" lon="10.5714460">
    <ele>517.1</ele>
   </trkpt>
   <trkpt lat="60.1887480" lon="10.5712070">
    <ele>517.6</ele>
   </trkpt>
   <trkpt lat="60.1888440" lon="10.5709480">
    <ele>517.2</ele>
   </trkpt>
   <trkpt lat="60.1889530" lon="10.5706750">
    <ele>517.5</ele>
   </trkpt>
   <trkpt lat="60.1890120" lon="10.5704820">
    <ele>518.0</ele>
   </trkpt>
   <trkpt lat="60.1891100" lon="10.5703190">
    <ele>517.7</ele>
   </trkpt>
   <trkpt lat="60.1892550" lon="10.5702330">
    <ele>516.3</ele>
   </trkpt>
   <trkpt lat="60.1893980" lon="10.5700830">
    <ele>514.2</ele>
   </trkpt>
   <trkpt lat="60.1894220" lon="10.5700600">
    <ele>513.9</ele>
   </trkpt>
   <trkpt lat="60.1895340" lon="10.5699010">
    <ele>512.1</ele>
   </trkpt>
   <trkpt lat="60.1896500" lon="10.5698230">
    <ele>510.1</ele>
   </trkpt>
   <trkpt lat="60.1896620" lon="10.5698080">
    <ele>509.8</ele>
   </trkpt>
   <trkpt lat="60.1897550" lon="10.5697040">
    <ele>508.4</ele>
   </trkpt>
   <trkpt lat="60.1899300" lon="10.5695370">
    <ele>506.9</ele>
   </trkpt>
   <trkpt lat="60.1900320" lon="10.5694600">
    <ele>506.1</ele>
   </trkpt>
   <trkpt lat="60.1900970" lon="10.5694290">
    <ele>505.4</ele>
   </trkpt>
   <trkpt lat="60.1901170" lon="10.5694190">
    <ele>505.1</ele>
   </trkpt>
   <trkpt lat="60.1901480" lon="10.5694130">
    <ele>504.7</ele>
   </trkpt>
   <trkpt lat="60.1902430" lon="10.5693570">
    <ele>503.5</ele>
   </trkpt>
   <trkpt lat="60.1903030" lon="10.5692980">
    <ele>502.6</ele>
   </trkpt>
   <trkpt lat="60.1903430" lon="10.5692390">
    <ele>502.0</ele>
   </trkpt>
   <trkpt lat="60.1904630" lon="10.5691670">
    <ele>499.8</ele>
   </trkpt>
   <trkpt lat="60.1905080" lon="10.5691740">
    <ele>498.9</ele>
   </trkpt>
   <trkpt lat="60.1906200" lon="10.5691540">
    <ele>497.1</ele>
   </trkpt>
   <trkpt lat="60.1907100" lon="10.5691500">
    <ele>495.9</ele>
   </trkpt>
   <trkpt lat="60.1907390" lon="10.5691250">
    <ele>495.7</ele>
   </trkpt>
   <trkpt lat="60.1907580" lon="10.5690930">
    <ele>495.6</ele>
   </trkpt>
   <trkpt lat="60.1908720" lon="10.5690040">
    <ele>494.4</ele>
   </trkpt>
   <trkpt lat="60.1908990" lon="10.5689990">
    <ele>494.0</ele>
   </trkpt>
   <trkpt lat="60.1909430" lon="10.5689940">
    <ele>493.4</ele>
   </trkpt>
   <trkpt lat="60.1909640" lon="10.5689970">
    <ele>493.1</ele>
   </trkpt>
   <trkpt lat="60.1910810" lon="10.5690870">
    <ele>491.7</ele>
   </trkpt>
   <trkpt lat="60.1911370" lon="10.5691050">
    <ele>491.5</ele>
   </trkpt>
   <trkpt lat="60.1911760" lon="10.5690280">
    <ele>491.6</ele>
   </trkpt>
   <trkpt lat="60.1912100" lon="10.5689580">
    <ele>491.8</ele>
   </trkpt>
   <trkpt lat="60.1912380" lon="10.5688640">
    <ele>492.1</ele>
   </trkpt>
   <trkpt lat="60.1912520" lon="10.5688400">
    <ele>492.2</ele>
   </trkpt>
   <trkpt lat="60.1913080" lon="10.5687350">
    <ele>492.6</ele>
   </trkpt>
   <trkpt lat="60.1913210" lon="10.5687180">
    <ele>492.7</ele>
   </trkpt>
   <trkpt lat="60.1913710" lon="10.5686720">
    <ele>493.0</ele>
   </trkpt>
   <trkpt lat="60.1914070" lon="10.5685830">
    <ele>493.3</ele>
   </trkpt>
   <trkpt lat="60.1914180" lon="10.5685470">
    <ele>493.5</ele>
   </trkpt>
   <trkpt lat="60.1914280" lon="10.5685040">
    <ele>493.6</ele>
   </trkpt>
   <trkpt lat="60.1914410" lon="10.5684630">
    <ele>493.8</ele>
   </trkpt>
   <trkpt lat="60.1914620" lon="10.5684210">
    <ele>494.1</ele>
   </trkpt>
   <trkpt lat="60.1914950" lon="10.5683740">
    <ele>494.5</ele>
   </trkpt>
   <trkpt lat="60.1915310" lon="10.5683390">
    <ele>495.0</ele>
   </trkpt>
   <trkpt lat="60.1915430" lon="10.5683370">
    <ele>495.2</ele>
   </trkpt>
   <trkpt lat="60.1915460" lon="10.5683260">
    <ele>495.3</ele>
   </trkpt>
   <trkpt lat="60.1915870" lon="10.5682900">
    <ele>495.9</ele>
   </trkpt>
   <trkpt lat="60.1916150" lon="10.5682450">
    <ele>496.5</ele>
   </trkpt>
   <trkpt lat="60.1916430" lon="10.5682020">
    <ele>497.0</ele>
   </trkpt>
   <trkpt lat="60.1917110" lon="10.5681110">
    <ele>498.0</ele>
   </trkpt>
   <trkpt lat="60.1917510" lon="10.5680670">
    <ele>498.5</ele>
   </trkpt>
   <trkpt lat="60.1918110" lon="10.5679590">
    <ele>499.5</ele>
   </trkpt>
   <trkpt lat="60.1918480" lon="10.5679090">
    <ele>500.1</ele>
   </trkpt>
   <trkpt lat="60.1918660" lon="10.5678540">
    <ele>500.7</ele>
   </trkpt>
   <trkpt lat="60.1918730" lon="10.5678440">
    <ele>500.8</ele>
   </trkpt>
   <trkpt lat="60.1918850" lon="10.5678020">
    <ele>501.2</ele>
   </trkpt>
   <trkpt lat="60.1919150" lon="10.5677350">
    <ele>502.0</ele>
   </trkpt>
   <trkpt lat="60.1919450" lon="10.5676990">
    <ele>502.6</ele>
   </trkpt>
   <trkpt lat="60.1919820" lon="10.5676070">
    <ele>503.6</ele>
   </trkpt>
   <trkpt lat="60.1920910" lon="10.5674690">
    <ele>505.1</ele>
   </trkpt>
   <trkpt lat="60.1921070" lon="10.5674420">
    <ele>505.2</ele>
   </trkpt>
   <trkpt lat="60.1921920" lon="10.5673230">
    <ele>505.5</ele>
   </trkpt>
   <trkpt lat="60.1922870" lon="10.5672150">
    <ele>505.5</ele>
   </trkpt>
   <trkpt lat="60.1923130" lon="10.5671620">
    <ele>505.5</ele>
   </trkpt>
   <trkpt lat="60.1923520" lon="10.5670750">
    <ele>505.5</ele>
   </trkpt>
   <trkpt lat="60.1923890" lon="10.5669930">
    <ele>505.5</ele>
   </trkpt>
   <trkpt lat="60.1923990" lon="10.5669550">
    <ele>505.6</ele>
   </trkpt>
   <trkpt lat="60.1924180" lon="10.5668480">
    <ele>505.7</ele>
   </trkpt>
   <trkpt lat="60.1924600" lon="10.5666120">
    <ele>505.9</ele>
   </trkpt>
   <trkpt lat="60.1925160" lon="10.5664360">
    <ele>506.1</ele>
   </trkpt>
   <trkpt lat="60.1925130" lon="10.5663550">
    <ele>506.1</ele>
   </trkpt>
   <trkpt lat="60.1924870" lon="10.5662810">
    <ele>506.2</ele>
   </trkpt>
   <trkpt lat="60.1924830" lon="10.5662560">
    <ele>506.2</ele>
   </trkpt>
   <trkpt lat="60.1924770" lon="10.5661810">
    <ele>506.3</ele>
   </trkpt>
   <trkpt lat="60.1924880" lon="10.5661470">
    <ele>506.4</ele>
   </trkpt>
   <trkpt lat="60.1925080" lon="10.5660430">
    <ele>506.6</ele>
   </trkpt>
   <trkpt lat="60.1925140" lon="10.5659520">
    <ele>506.9</ele>
   </trkpt>
   <trkpt lat="60.1925410" lon="10.5658920">
    <ele>507.2</ele>
   </trkpt>
   <trkpt lat="60.1925550" lon="10.5658480">
    <ele>507.4</ele>
   </trkpt>
   <trkpt lat="60.1925630" lon="10.5658110">
    <ele>507.5</ele>
   </trkpt>
   <trkpt lat="60.1925750" lon="10.5657900">
    <ele>507.6</ele>
   </trkpt>
   <trkpt lat="60.1925950" lon="10.5657480">
    <ele>507.8</ele>
   </trkpt>
   <trkpt lat="60.1926130" lon="10.5656720">
    <ele>508.1</ele>
   </trkpt>
   <trkpt lat="60.1926600" lon="10.5653920">
    <ele>508.6</ele>
   </trkpt>
   <trkpt lat="60.1926660" lon="10.5653550">
    <ele>508.6</ele>
   </trkpt>
   <trkpt lat="60.1927360" lon="10.5652020">
    <ele>508.8</ele>
   </trkpt>
   <trkpt lat="60.1928160" lon="10.5651240">
    <ele>508.9</ele>
   </trkpt>
   <trkpt lat="60.1928380" lon="10.5651030">
    <ele>508.9</ele>
   </trkpt>
   <trkpt lat="60.1928970" lon="10.5650910">
    <ele>509.0</ele>
   </trkpt>
   <trkpt lat="60.1929630" lon="10.5650920">
    <ele>509.3</ele>
   </trkpt>
   <trkpt lat="60.1930790" lon="10.5650340">
    <ele>510.5</ele>
   </trkpt>
   <trkpt lat="60.1931440" lon="10.5649940">
    <ele>511.5</ele>
   </trkpt>
   <trkpt lat="60.1932140" lon="10.5649550">
    <ele>512.7</ele>
   </trkpt>
   <trkpt lat="60.1932390" lon="10.5649430">
    <ele>513.2</ele>
   </trkpt>
   <trkpt lat="60.1932570" lon="10.5649360">
    <ele>513.6</ele>
   </trkpt>
   <trkpt lat="60.1933260" lon="10.5649220">
    <ele>514.9</ele>
   </trkpt>
   <trkpt lat="60.1933620" lon="10.5649270">
    <ele>515.6</ele>
   </trkpt>
   <trkpt lat="60.1934160" lon="10.5649100">
    <ele>516.6</ele>
   </trkpt>
   <trkpt lat="60.1934510" lon="10.5648730">
    <ele>517.4</ele>
   </trkpt>
   <trkpt lat="60.1934860" lon="10.5648410">
    <ele>518.1</ele>
   </trkpt>
   <trkpt lat="60.1935440" lon="10.5647500">
    <ele>519.8</ele>
   </trkpt>
   <trkpt lat="60.1935480" lon="10.5647340">
    <ele>520.0</ele>
   </trkpt>
   <trkpt lat="60.1935820" lon="10.5647000">
    <ele>520.9</ele>
   </trkpt>
   <trkpt lat="60.1935890" lon="10.5646940">
    <ele>521.1</ele>
   </trkpt>
   <trkpt lat="60.1936430" lon="10.5646840">
    <ele>522.4</ele>
   </trkpt>
   <trkpt lat="60.1936550" lon="10.5646860">
    <ele>522.7</ele>
   </trkpt>
   <trkpt lat="60.1936800" lon="10.5646910">
    <ele>523.3</ele>
   </trkpt>
   <trkpt lat="60.1937310" lon="10.5647300">
    <ele>524.6</ele>
   </trkpt>
   <trkpt lat="60.1938170" lon="10.5647100">
    <ele>526.7</ele>
   </trkpt>
   <trkpt lat="60.1938470" lon="10.5647050">
    <ele>527.5</ele>
   </trkpt>
   <trkpt lat="60.1938580" lon="10.5646960">
    <ele>527.8</ele>
   </trkpt>
   <trkpt lat="60.1938950" lon="10.5646710">
    <ele>528.8</ele>
   </trkpt>
   <trkpt lat="60.1939330" lon="10.5646530">
    <ele>529.5</ele>
   </trkpt>
   <trkpt lat="60.1939800" lon="10.5646250">
    <ele>530.2</ele>
   </trkpt>
   <trkpt lat="60.1939890" lon="10.5646140">
    <ele>530.3</ele>
   </trkpt>
   <trkpt lat="60.1940300" lon="10.5645750">
    <ele>530.4</ele>
   </trkpt>
   <trkpt lat="60.1940400" lon="10.5645580">
    <ele>530.4</ele>
   </trkpt>
   <trkpt lat="60.1940700" lon="10.5645300">
    <ele>530.4</ele>
   </trkpt>
   <trkpt lat="60.1941220" lon="10.5644770">
    <ele>530.3</ele>
   </trkpt>
   <trkpt lat="60.1941660" lon="10.5644370">
    <ele>530.3</ele>
   </trkpt>
   <trkpt lat="60.1942060" lon="10.5644080">
    <ele>530.3</ele>
   </trkpt>
   <trkpt lat="60.1942730" lon="10.5643650">
    <ele>530.3</ele>
   </trkpt>
   <trkpt lat="60.1943120" lon="10.5643180">
    <ele>530.3</ele>
   </trkpt>
   <trkpt lat="60.1943680" lon="10.5642500">
    <ele>530.3</ele>
   </trkpt>
   <trkpt lat="60.1944000" lon="10.5642120">
    <ele>530.3</ele>
   </trkpt>
   <trkpt lat="60.1944450" lon="10.5640680">
    <ele>530.3</ele>
   </trkpt>
   <trkpt lat="60.1944660" lon="10.5639790">
    <ele>530.3</ele>
   </trkpt>
   <trkpt lat="60.1945020" lon="10.5639050">
    <ele>530.3</ele>
   </trkpt>
   <trkpt lat="60.1945240" lon="10.5638740">
    <ele>530.3</ele>
   </trkpt>
   <trkpt lat="60.1945490" lon="10.5638440">
    <ele>530.2</ele>
   </trkpt>
   <trkpt lat="60.1946150" lon="10.5638000">
    <ele>530.2</ele>
   </trkpt>
   <trkpt lat="60.1946460" lon="10.5637790">
    <ele>530.2</ele>
   </trkpt>
   <trkpt lat="60.1947080" lon="10.5636800">
    <ele>530.2</ele>
   </trkpt>
   <trkpt lat="60.1948120" lon="10.5634610">
    <ele>530.2</ele>
   </trkpt>
   <trkpt lat="60.1948500" lon="10.5632490">
    <ele>530.2</ele>
   </trkpt>
   <trkpt lat="60.1948700" lon="10.5632190">
    <ele>530.2</ele>
   </trkpt>
   <trkpt lat="60.1949040" lon="10.5631530">
    <ele>530.2</ele>
   </trkpt>
   <trkpt lat="60.1949120" lon="10.5630860">
    <ele>530.1</ele>
   </trkpt>
   <trkpt lat="60.1949850" lon="10.5628820">
    <ele>530.1</ele>
   </trkpt>
   <trkpt lat="60.1950620" lon="10.5626950">
    <ele>530.1</ele>
   </trkpt>
   <trkpt lat="60.1951280" lon="10.5624740">
    <ele>530.1</ele>
   </trkpt>
   <trkpt lat="60.1951940" lon="10.5622930">
    <ele>530.1</ele>
   </trkpt>
   <trkpt lat="60.1952210" lon="10.5622560">
    <ele>530.1</ele>
   </trkpt>
   <trkpt lat="60.1953210" lon="10.5620530">
    <ele>530.0</ele>
   </trkpt>
   <trkpt lat="60.1953700" lon="10.5619600">
    <ele>530.0</ele>
   </trkpt>
   <trkpt lat="60.1954320" lon="10.5618970">
    <ele>530.0</ele>
   </trkpt>
   <trkpt lat="60.1955350" lon="10.5617530">
    <ele>530.0</ele>
   </trkpt>
   <trkpt lat="60.1955620" lon="10.5617170">
    <ele>530.0</ele>
   </trkpt>
   <trkpt lat="60.1956140" lon="10.5615370">
    <ele>530.0</ele>
   </trkpt>
   <trkpt lat="60.1956300" lon="10.5614990">
    <ele>530.0</ele>
   </trkpt>
   <trkpt lat="60.1956410" lon="10.5612930">
    <ele>529.9</ele>
   </trkpt>
   <trkpt lat="60.1956400" lon="10.5611180">
    <ele>529.9</ele>
   </trkpt>
   <trkpt lat="60.1956540" lon="10.5610680">
    <ele>529.9</ele>
   </trkpt>
   <trkpt lat="60.1956650" lon="10.5610150">
    <ele>529.9</ele>
   </trkpt>
   <trkpt lat="60.1957120" lon="10.5607940">
    <ele>529.9</ele>
   </trkpt>
   <trkpt lat="60.1958060" lon="10.5605650">
    <ele>529.9</ele>
   </trkpt>
   <trkpt lat="60.1958500" lon="10.5605030">
    <ele>529.9</ele>
   </trkpt>
   <trkpt lat="60.1959060" lon="10.5603960">
    <ele>529.8</ele>
   </trkpt>
   <trkpt lat="60.1959400" lon="10.5603050">
    <ele>529.8</ele>
   </trkpt>
   <trkpt lat="60.1959570" lon="10.5602210">
    <ele>529.8</ele>
   </trkpt>
   <trkpt lat="60.1960570" lon="10.5600500">
    <ele>529.8</ele>
   </trkpt>
   <trkpt lat="60.1961010" lon="10.5598680">
    <ele>529.8</ele>
   </trkpt>
   <trkpt lat="60.1961270" lon="10.5597970">
    <ele>529.8</ele>
   </trkpt>
   <trkpt lat="60.1961940" lon="10.5595320">
    <ele>529.7</ele>
   </trkpt>
   <trkpt lat="60.1962700" lon="10.5593360">
    <ele>529.7</ele>
   </trkpt>
   <trkpt lat="60.1962960" lon="10.5592790">
    <ele>529.7</ele>
   </trkpt>
   <trkpt lat="60.1964560" lon="10.5590820">
    <ele>529.7</ele>
   </trkpt>
   <trkpt lat="60.1965910" lon="10.5589610">
    <ele>529.7</ele>
   </trkpt>
   <trkpt lat="60.1966410" lon="10.5588880">
    <ele>529.6</ele>
   </trkpt>
   <trkpt lat="60.1966960" lon="10.5587680">
    <ele>529.6</ele>
   </trkpt>
   <trkpt lat="60.1967840" lon="10.5586460">
    <ele>529.6</ele>
   </trkpt>
   <trkpt lat="60.1968790" lon="10.5585580">
    <ele>529.6</ele>
   </trkpt>
   <trkpt lat="60.1969590" lon="10.5584900">
    <ele>529.6</ele>
   </trkpt>
   <trkpt lat="60.1970570" lon="10.5583290">
    <ele>529.6</ele>
   </trkpt>
   <trkpt lat="60.1970690" lon="10.5582960">
    <ele>529.6</ele>
   </trkpt>
   <trkpt lat="60.1971270" lon="10.5581840">
    <ele>529.5</ele>
   </trkpt>
   <trkpt lat="60.1972810" lon="10.5580230">
    <ele>529.5</ele>
   </trkpt>
   <trkpt lat="60.1973770" lon="10.5577350">
    <ele>529.5</ele>
   </trkpt>
   <trkpt lat="60.1974750" lon="10.5575100">
    <ele>529.4</ele>
   </trkpt>
   <trkpt lat="60.1975110" lon="10.5574460">
    <ele>529.4</ele>
   </trkpt>
   <trkpt lat="60.1975260" lon="10.5574120">
    <ele>529.4</ele>
   </trkpt>
   <trkpt lat="60.1975540" lon="10.5573490">
    <ele>529.4</ele>
   </trkpt>
   <trkpt lat="60.1975740" lon="10.5573280">
    <ele>529.4</ele>
   </trkpt>
   <trkpt lat="60.1976330" lon="10.5572700">
    <ele>529.4</ele>
   </trkpt>
   <trkpt lat="60.1976790" lon="10.5572420">
    <ele>529.4</ele>
   </trkpt>
   <trkpt lat="60.1976980" lon="10.5572370">
    <ele>529.4</ele>
   </trkpt>
   <trkpt lat="60.1977700" lon="10.5571480">
    <ele>529.3</ele>
   </trkpt>
   <trkpt lat="60.1978140" lon="10.5570580">
    <ele>529.3</ele>
   </trkpt>
   <trkpt lat="60.1978740" lon="10.5570720">
    <ele>529.3</ele>
   </trkpt>
   <trkpt lat="60.1979060" lon="10.5570630">
    <ele>529.3</ele>
   </trkpt>
   <trkpt lat="60.1979590" lon="10.5570400">
    <ele>529.3</ele>
   </trkpt>
   <trkpt lat="60.1979650" lon="10.5570350">
    <ele>529.3</ele>
   </trkpt>
   <trkpt lat="60.1980060" lon="10.5570200">
    <ele>529.3</ele>
   </trkpt>
   <trkpt lat="60.1980170" lon="10.5570260">
    <ele>529.3</ele>
   </trkpt>
   <trkpt lat="60.1981020" lon="10.5570690">
    <ele>529.3</ele>
   </trkpt>
   <trkpt lat="60.1981880" lon="10.5571050">
    <ele>529.2</ele>
   </trkpt>
   <trkpt lat="60.1982260" lon="10.5571140">
    <ele>529.2</ele>
   </trkpt>
   <trkpt lat="60.1982830" lon="10.5571230">
    <ele>529.2</ele>
   </trkpt>
   <trkpt lat="60.1982950" lon="10.5571200">
    <ele>529.2</ele>
   </trkpt>
   <trkpt lat="60.1983210" lon="10.5570990">
    <ele>529.2</ele>
   </trkpt>
   <trkpt lat="60.1983580" lon="10.5570520">
    <ele>529.2</ele>
   </trkpt>
   <trkpt lat="60.1983870" lon="10.5570020">
    <ele>529.2</ele>
   </trkpt>
   <trkpt lat="60.1984060" lon="10.5569570">
    <ele>529.2</ele>
   </trkpt>
   <trkpt lat="60.1984270" lon="10.5568720">
    <ele>530.9</ele>
   </trkpt>
   <trkpt lat="60.1984460" lon="10.5568160">
    <ele>532.1</ele>
   </trkpt>
   <trkpt lat="60.1984590" lon="10.5567750">
    <ele>533.0</ele>
   </trkpt>
   <trkpt lat="60.1984950" lon="10.5566990">
    <ele>534.8</ele>
   </trkpt>
   <trkpt lat="60.1985010" lon="10.5566810">
    <ele>535.3</ele>
   </trkpt>
   <trkpt lat="60.1985320" lon="10.5566390">
    <ele>536.5</ele>
   </trkpt>
   <trkpt lat="60.1985610" lon="10.5566200">
    <ele>537.0</ele>
   </trkpt>
   <trkpt lat="60.1985980" lon="10.5565860">
    <ele>538.3</ele>
   </trkpt>
   <trkpt lat="60.1986110" lon="10.5565740">
    <ele>538.8</ele>
   </trkpt>
   <trkpt lat="60.1986660" lon="10.5565220">
    <ele>540.7</ele>
   </trkpt>
   <trkpt lat="60.1986800" lon="10.5564930">
    <ele>541.2</ele>
   </trkpt>
   <trkpt lat="60.1986940" lon="10.5564650">
    <ele>542.3</ele>
   </trkpt>
   <trkpt lat="60.1987440" lon="10.5563540">
    <ele>544.4</ele>
   </trkpt>
   <trkpt lat="60.1987480" lon="10.5563300">
    <ele>544.8</ele>
   </trkpt>
   <trkpt lat="60.1987750" lon="10.5562450">
    <ele>546.2</ele>
   </trkpt>
   <trkpt lat="60.1987840" lon="10.5562270">
    <ele>547.0</ele>
   </trkpt>
   <trkpt lat="60.1988020" lon="10.5561950">
    <ele>547.4</ele>
   </trkpt>
   <trkpt lat="60.1988500" lon="10.5561010">
    <ele>548.9</ele>
   </trkpt>
   <trkpt lat="60.1988860" lon="10.5560650">
    <ele>549.1</ele>
   </trkpt>
   <trkpt lat="60.1989210" lon="10.5560190">
    <ele>549.9</ele>
   </trkpt>
   <trkpt lat="60.1989720" lon="10.5559740">
    <ele>550.4</ele>
   </trkpt>
   <trkpt lat="60.1990460" lon="10.5559190">
    <ele>551.2</ele>
   </trkpt>
   <trkpt lat="60.1990820" lon="10.5558640">
    <ele>551.7</ele>
   </trkpt>
   <trkpt lat="60.1991130" lon="10.5558260">
    <ele>552.4</ele>
   </trkpt>
   <trkpt lat="60.1991330" lon="10.5558030">
    <ele>552.7</ele>
   </trkpt>
   <trkpt lat="60.1991840" lon="10.5556920">
    <ele>553.8</ele>
   </trkpt>
   <trkpt lat="60.1991970" lon="10.5556560">
    <ele>554.4</ele>
   </trkpt>
   <trkpt lat="60.1991980" lon="10.5556170">
    <ele>555.2</ele>
   </trkpt>
   <trkpt lat="60.1991820" lon="10.5555230">
    <ele>556.8</ele>
   </trkpt>
   <trkpt lat="60.1991690" lon="10.5554580">
    <ele>558.1</ele>
   </trkpt>
   <trkpt lat="60.1991700" lon="10.5553780">
    <ele>557.6</ele>
   </trkpt>
   <trkpt lat="60.1992970" lon="10.5553430">
    <ele>556.4</ele>
   </trkpt>
   <trkpt lat="60.1994680" lon="10.5552550">
    <ele>555.5</ele>
   </trkpt>
   <trkpt lat="60.1994930" lon="10.5552200">
    <ele>555.3</ele>
   </trkpt>
   <trkpt lat="60.1996040" lon="10.5550430">
    <ele>553.9</ele>
   </trkpt>
   <trkpt lat="60.1997770" lon="10.5547850">
    <ele>551.3</ele>
   </trkpt>
   <trkpt lat="60.1998030" lon="10.5547380">
    <ele>550.9</ele>
   </trkpt>
   <trkpt lat="60.1999000" lon="10.5545200">
    <ele>549.3</ele>
   </trkpt>
   <trkpt lat="60.1999230" lon="10.5544570">
    <ele>548.9</ele>
   </trkpt>
   <trkpt lat="60.2000100" lon="10.5542300">
    <ele>547.0</ele>
   </trkpt>
   <trkpt lat="60.2000410" lon="10.5541380">
    <ele>546.2</ele>
   </trkpt>
   <trkpt lat="60.2000870" lon="10.5540550">
    <ele>545.1</ele>
   </trkpt>
   <trkpt lat="60.2001110" lon="10.5540270">
    <ele>544.7</ele>
   </trkpt>
   <trkpt lat="60.2001380" lon="10.5540080">
    <ele>544.2</ele>
   </trkpt>
   <trkpt lat="60.2001700" lon="10.5539900">
    <ele>543.7</ele>
   </trkpt>
   <trkpt lat="60.2002020" lon="10.5539870">
    <ele>543.2</ele>
   </trkpt>
   <trkpt lat="60.2002360" lon="10.5539880">
    <ele>542.7</ele>
   </trkpt>
   <trkpt lat="60.2002740" lon="10.5539920">
    <ele>542.2</ele>
   </trkpt>
   <trkpt lat="60.2003100" lon="10.5539910">
    <ele>541.7</ele>
   </trkpt>
   <trkpt lat="60.2003570" lon="10.5539880">
    <ele>541.2</ele>
   </trkpt>
   <trkpt lat="60.2003970" lon="10.5539800">
    <ele>540.7</ele>
   </trkpt>
   <trkpt lat="60.2004420" lon="10.5539740">
    <ele>540.3</ele>
   </trkpt>
   <trkpt lat="60.2004850" lon="10.5539730">
    <ele>540.0</ele>
   </trkpt>
   <trkpt lat="60.2005510" lon="10.5539540">
    <ele>539.5</ele>
   </trkpt>
   <trkpt lat="60.2005900" lon="10.5539410">
    <ele>539.2</ele>
   </trkpt>
   <trkpt lat="60.2006800" lon="10.5539010">
    <ele>538.8</ele>
   </trkpt>
   <trkpt lat="60.2007800" lon="10.5538720">
    <ele>538.5</ele>
   </trkpt>
   <trkpt lat="60.2008800" lon="10.5540000">
    <ele>538.2</ele>
   </trkpt>
   <trkpt lat="60.2009970" lon="10.5541870">
    <ele>538.0</ele>
   </trkpt>
   <trkpt lat="60.2011700" lon="10.5541810">
    <ele>537.8</ele>
   </trkpt>
   <trkpt lat="60.2012430" lon="10.5541490">
    <ele>537.6</ele>
   </trkpt>
   <trkpt lat="60.2013490" lon="10.5540460">
    <ele>537.0</ele>
   </trkpt>
   <trkpt lat="60.2015040" lon="10.5537870">
    <ele>535.5</ele>
   </trkpt>
   <trkpt lat="60.2016240" lon="10.5534800">
    <ele>533.9</ele>
   </trkpt>
   <trkpt lat="60.2016680" lon="10.5533500">
    <ele>533.1</ele>
   </trkpt>
   <trkpt lat="60.2016800" lon="10.5532800">
    <ele>532.8</ele>
   </trkpt>
   <trkpt lat="60.2017130" lon="10.5531520">
    <ele>532.2</ele>
   </trkpt>
   <trkpt lat="60.2017650" lon="10.5528120">
    <ele>530.9</ele>
   </trkpt>
   <trkpt lat="60.2017680" lon="10.5527450">
    <ele>530.6</ele>
   </trkpt>
   <trkpt lat="60.2018230" lon="10.5524450">
    <ele>529.2</ele>
   </trkpt>
   <trkpt lat="60.2018510" lon="10.5523270">
    <ele>528.6</ele>
   </trkpt>
   <trkpt lat="60.2018840" lon="10.5521360">
    <ele>527.6</ele>
   </trkpt>
   <trkpt lat="60.2018910" lon="10.5520660">
    <ele>527.2</ele>
   </trkpt>
   <trkpt lat="60.2019180" lon="10.5519390">
    <ele>526.3</ele>
   </trkpt>
   <trkpt lat="60.2019660" lon="10.5517420">
    <ele>524.8</ele>
   </trkpt>
   <trkpt lat="60.2019900" lon="10.5516890">
    <ele>524.4</ele>
   </trkpt>
   <trkpt lat="60.2020520" lon="10.5515970">
    <ele>523.7</ele>
   </trkpt>
   <trkpt lat="60.2021130" lon="10.5515160">
    <ele>523.3</ele>
   </trkpt>
   <trkpt lat="60.2022060" lon="10.5513820">
    <ele>522.8</ele>
   </trkpt>
   <trkpt lat="60.2022720" lon="10.5512830">
    <ele>522.6</ele>
   </trkpt>
   <trkpt lat="60.2023380" lon="10.5511070">
    <ele>522.2</ele>
   </trkpt>
   <trkpt lat="60.2024840" lon="10.5508400">
    <ele>521.3</ele>
   </trkpt>
   <trkpt lat="60.2026240" lon="10.5505540">
    <ele>520.5</ele>
   </trkpt>
   <trkpt lat="60.2026650" lon="10.5504110">
    <ele>520.2</ele>
   </trkpt>
   <trkpt lat="60.2027850" lon="10.5501510">
    <ele>519.6</ele>
   </trkpt>
   <trkpt lat="60.2029340" lon="10.5499450">
    <ele>518.3</ele>
   </trkpt>
   <trkpt lat="60.2029940" lon="10.5498590">
    <ele>517.7</ele>
   </trkpt>
   <trkpt lat="60.2031460" lon="10.5496730">
    <ele>516.2</ele>
   </trkpt>
   <trkpt lat="60.2031710" lon="10.5496230">
    <ele>515.8</ele>
   </trkpt>
   <trkpt lat="60.2033280" lon="10.5494800">
    <ele>514.2</ele>
   </trkpt>
   <trkpt lat="60.2034180" lon="10.5494530">
    <ele>513.4</ele>
   </trkpt>
   <trkpt lat="60.2034560" lon="10.5494320">
    <ele>513.0</ele>
   </trkpt>
   <trkpt lat="60.2035250" lon="10.5493930">
    <ele>512.4</ele>
   </trkpt>
   <trkpt lat="60.2036220" lon="10.5493020">
    <ele>511.5</ele>
   </trkpt>
   <trkpt lat="60.2036970" lon="10.5492570">
    <ele>510.9</ele>
   </trkpt>
   <trkpt lat="60.2037370" lon="10.5492400">
    <ele>510.7</ele>
   </trkpt>
   <trkpt lat="60.2038720" lon="10.5491540">
    <ele>509.9</ele>
   </trkpt>
   <trkpt lat="60.2039470" lon="10.5490990">
    <ele>509.3</ele>
   </trkpt>
   <trkpt lat="60.2039750" lon="10.5490620">
    <ele>509.1</ele>
   </trkpt>
   <trkpt lat="60.2041090" lon="10.5489360">
    <ele>508.0</ele>
   </trkpt>
   <trkpt lat="60.2041440" lon="10.5489070">
    <ele>507.7</ele>
   </trkpt>
   <trkpt lat="60.2043310" lon="10.5487150">
    <ele>506.5</ele>
   </trkpt>
   <trkpt lat="60.2044230" lon="10.5485750">
    <ele>505.9</ele>
   </trkpt>
   <trkpt lat="60.2044640" lon="10.5485170">
    <ele>505.8</ele>
   </trkpt>
   <trkpt lat="60.2045770" lon="10.5483110">
    <ele>506.5</ele>
   </trkpt>
   <trkpt lat="60.2046140" lon="10.5479790">
    <ele>507.6</ele>
   </trkpt>
   <trkpt lat="60.2047390" lon="10.5477010">
    <ele>508.8</ele>
   </trkpt>
   <trkpt lat="60.2048570" lon="10.5473970">
    <ele>510.4</ele>
   </trkpt>
   <trkpt lat="60.2048890" lon="10.5473150">
    <ele>510.9</ele>
   </trkpt>
   <trkpt lat="60.2049800" lon="10.5470650">
    <ele>512.2</ele>
   </trkpt>
   <trkpt lat="60.2050220" lon="10.5467250">
    <ele>513.6</ele>
   </trkpt>
   <trkpt lat="60.2050790" lon="10.5464020">
    <ele>514.6</ele>
   </trkpt>
   <trkpt lat="60.2051860" lon="10.5461480">
    <ele>515.4</ele>
   </trkpt>
   <trkpt lat="60.2052840" lon="10.5458830">
    <ele>516.1</ele>
   </trkpt>
   <trkpt lat="60.2053860" lon="10.5456700">
    <ele>516.6</ele>
   </trkpt>
   <trkpt lat="60.2054480" lon="10.5455350">
    <ele>517.0</ele>
   </trkpt>
   <trkpt lat="60.2054920" lon="10.5453790">
    <ele>517.3</ele>
   </trkpt>
   <trkpt lat="60.2055910" lon="10.5450640">
    <ele>517.9</ele>
   </trkpt>
   <trkpt lat="60.2056780" lon="10.5447110">
    <ele>518.6</ele>
   </trkpt>
   <trkpt lat="60.2057460" lon="10.5443720">
    <ele>519.2</ele>
   </trkpt>
   <trkpt lat="60.2058670" lon="10.5440740">
    <ele>519.9</ele>
   </trkpt>
   <trkpt lat="60.2059980" lon="10.5438000">
    <ele>520.6</ele>
   </trkpt>
   <trkpt lat="60.2060360" lon="10.5437200">
    <ele>520.8</ele>
   </trkpt>
   <trkpt lat="60.2061730" lon="10.5434300">
    <ele>521.5</ele>
   </trkpt>
   <trkpt lat="60.2062130" lon="10.5433440">
    <ele>521.7</ele>
   </trkpt>
   <trkpt lat="60.2063040" lon="10.5431050">
    <ele>522.2</ele>
   </trkpt>
   <trkpt lat="60.2064110" lon="10.5428150">
    <ele>522.9</ele>
   </trkpt>
   <trkpt lat="60.2064870" lon="10.5426560">
    <ele>523.3</ele>
   </trkpt>
   <trkpt lat="60.2065520" lon="10.5425210">
    <ele>523.7</ele>
   </trkpt>
   <trkpt lat="60.2066930" lon="10.5422950">
    <ele>524.2</ele>
   </trkpt>
   <trkpt lat="60.2067130" lon="10.5422510">
    <ele>524.3</ele>
   </trkpt>
   <trkpt lat="60.2067510" lon="10.5421640">
    <ele>524.4</ele>
   </trkpt>
   <trkpt lat="60.2068240" lon="10.5420460">
    <ele>524.6</ele>
   </trkpt>
   <trkpt lat="60.2069590" lon="10.5417910">
    <ele>525.2</ele>
   </trkpt>
   <trkpt lat="60.2069800" lon="10.5417500">
    <ele>525.3</ele>
   </trkpt>
   <trkpt lat="60.2070260" lon="10.5416830">
    <ele>525.4</ele>
   </trkpt>
   <trkpt lat="60.2070930" lon="10.5415120">
    <ele>525.8</ele>
   </trkpt>
   <trkpt lat="60.2071900" lon="10.5412100">
    <ele>526.4</ele>
   </trkpt>
   <trkpt lat="60.2072230" lon="10.5411170">
    <ele>526.5</ele>
   </trkpt>
   <trkpt lat="60.2073150" lon="10.5409180">
    <ele>527.0</ele>
   </trkpt>
   <trkpt lat="60.2074240" lon="10.5406290">
    <ele>527.5</ele>
   </trkpt>
   <trkpt lat="60.2074430" lon="10.5405980">
    <ele>527.5</ele>
   </trkpt>
   <trkpt lat="60.2074800" lon="10.5405400">
    <ele>527.5</ele>
   </trkpt>
   <trkpt lat="60.2074830" lon="10.5405340">
    <ele>527.5</ele>
   </trkpt>
   <trkpt lat="60.2074890" lon="10.5405640">
    <ele>527.5</ele>
   </trkpt>
   <trkpt lat="60.2074890" lon="10.5405720">
    <ele>527.5</ele>
   </trkpt>
   <trkpt lat="60.2074910" lon="10.5405790">
    <ele>527.5</ele>
   </trkpt>
   <trkpt lat="60.2074890" lon="10.5406080">
    <ele>527.4</ele>
   </trkpt>
   <trkpt lat="60.2074860" lon="10.5406060">
    <ele>527.4</ele>
   </trkpt>
   <trkpt lat="60.2074870" lon="10.5405990">
    <ele>527.4</ele>
   </trkpt>
   <trkpt lat="60.2074800" lon="10.5405940">
    <ele>527.4</ele>
   </trkpt>
   <trkpt lat="60.2074750" lon="10.5405960">
    <ele>527.4</ele>
   </trkpt>
   <trkpt lat="60.2074820" lon="10.5405850">
    <ele>527.4</ele>
   </trkpt>
   <trkpt lat="60.2074810" lon="10.5405830">
    <ele>527.4</ele>
   </trkpt>
   <trkpt lat="60.2074780" lon="10.5405690">
    <ele>527.4</ele>
   </trkpt>
   <trkpt lat="60.2074770" lon="10.5405660">
    <ele>527.4</ele>
   </trkpt>
   <trkpt lat="60.2074830" lon="10.5405680">
    <ele>527.4</ele>
   </trkpt>
   <trkpt lat="60.2074850" lon="10.5405790">
    <ele>527.4</ele>
   </trkpt>
   <trkpt lat="60.2074870" lon="10.5405780">
    <ele>527.4</ele>
   </trkpt>
   <trkpt lat="60.2074870" lon="10.5405770">
    <ele>527.4</ele>
   </trkpt>
   <trkpt lat="60.2074810" lon="10.5405840">
    <ele>527.4</ele>
   </trkpt>
   <trkpt lat="60.2074760" lon="10.5405860">
    <ele>527.4</ele>
   </trkpt>
   <trkpt lat="60.2074810" lon="10.5405770">
    <ele>527.4</ele>
   </trkpt>
   <trkpt lat="60.2074750" lon="10.5405730">
    <ele>527.4</ele>
   </trkpt>
   <trkpt lat="60.2074870" lon="10.5406060">
    <ele>527.4</ele>
   </trkpt>
   <trkpt lat="60.2074850" lon="10.5406300">
    <ele>527.4</ele>
   </trkpt>
   <trkpt lat="60.2075010" lon="10.5405910">
    <ele>527.4</ele>
   </trkpt>
   <trkpt lat="60.2075000" lon="10.5405870">
    <ele>527.4</ele>
   </trkpt>
   <trkpt lat="60.2074910" lon="10.5405710">
    <ele>527.4</ele>
   </trkpt>
   <trkpt lat="60.2074860" lon="10.5405620">
    <ele>527.4</ele>
   </trkpt>
   <trkpt lat="60.2074850" lon="10.5405640">
    <ele>527.4</ele>
   </trkpt>
   <trkpt lat="60.2074810" lon="10.5405680">
    <ele>527.4</ele>
   </trkpt>
   <trkpt lat="60.2074800" lon="10.5405660">
    <ele>527.4</ele>
   </trkpt>
   <trkpt lat="60.2074850" lon="10.5405580">
    <ele>527.4</ele>
   </trkpt>
   <trkpt lat="60.2074850" lon="10.5405740">
    <ele>527.4</ele>
   </trkpt>
   <trkpt lat="60.2074810" lon="10.5405750">
    <ele>527.4</ele>
   </trkpt>
   <trkpt lat="60.2074740" lon="10.5405840">
    <ele>527.4</ele>
   </trkpt>
   <trkpt lat="60.2074750" lon="10.5405870">
    <ele>527.4</ele>
   </trkpt>
   <trkpt lat="60.2074770" lon="10.5405780">
    <ele>527.4</ele>
   </trkpt>
   <trkpt lat="60.2074760" lon="10.5405770">
    <ele>527.4</ele>
   </trkpt>
   <trkpt lat="60.2074780" lon="10.5405760">
    <ele>527.4</ele>
   </trkpt>
   <trkpt lat="60.2074740" lon="10.5405610">
    <ele>527.4</ele>
   </trkpt>
   <trkpt lat="60.2074770" lon="10.5405610">
    <ele>527.4</ele>
   </trkpt>
   <trkpt lat="60.2074820" lon="10.5405760">
    <ele>527.4</ele>
   </trkpt>
   <trkpt lat="60.2074860" lon="10.5405760">
    <ele>527.4</ele>
   </trkpt>
   <trkpt lat="60.2074850" lon="10.5405790">
    <ele>527.4</ele>
   </trkpt>
   <trkpt lat="60.2074890" lon="10.5406080">
    <ele>527.4</ele>
   </trkpt>
   <trkpt lat="60.2074890" lon="10.5406210">
    <ele>527.4</ele>
   </trkpt>
   <trkpt lat="60.2074770" lon="10.5406020">
    <ele>527.4</ele>
   </trkpt>
   <trkpt lat="60.2074710" lon="10.5405960">
    <ele>527.5</ele>
   </trkpt>
   <trkpt lat="60.2074680" lon="10.5405840">
    <ele>527.5</ele>
   </trkpt>
   <trkpt lat="60.2074770" lon="10.5405800">
    <ele>527.5</ele>
   </trkpt>
   <trkpt lat="60.2074870" lon="10.5405750">
    <ele>527.5</ele>
   </trkpt>
   <trkpt lat="60.2074860" lon="10.5405790">
    <ele>527.5</ele>
   </trkpt>
   <trkpt lat="60.2074980" lon="10.5405700">
    <ele>527.5</ele>
   </trkpt>
   <trkpt lat="60.2074950" lon="10.5405820">
    <ele>527.5</ele>
   </trkpt>
   <trkpt lat="60.2074890" lon="10.5405860">
    <ele>527.5</ele>
   </trkpt>
   <trkpt lat="60.2074870" lon="10.5405870">
    <ele>527.5</ele>
   </trkpt>
   <trkpt lat="60.2074860" lon="10.5405890">
    <ele>527.5</ele>
   </trkpt>
   <trkpt lat="60.2074900" lon="10.5405810">
    <ele>527.5</ele>
   </trkpt>
   <trkpt lat="60.2074890" lon="10.5405890">
    <ele>527.5</ele>
   </trkpt>
   <trkpt lat="60.2074870" lon="10.5405930">
    <ele>527.5</ele>
   </trkpt>
   <trkpt lat="60.2074870" lon="10.5405940">
    <ele>527.5</ele>
   </trkpt>
   <trkpt lat="60.2074890" lon="10.5405930">
    <ele>527.5</ele>
   </trkpt>
   <trkpt lat="60.2074850" lon="10.5405930">
    <ele>527.5</ele>
   </trkpt>
   <trkpt lat="60.2074870" lon="10.5405910">
    <ele>527.5</ele>
   </trkpt>
   <trkpt lat="60.2074910" lon="10.5405890">
    <ele>527.5</ele>
   </trkpt>
   <trkpt lat="60.2074960" lon="10.5405990">
    <ele>527.5</ele>
   </trkpt>
   <trkpt lat="60.2074870" lon="10.5406010">
    <ele>527.5</ele>
   </trkpt>
   <trkpt lat="60.2074800" lon="10.5405920">
    <ele>527.5</ele>
   </trkpt>
   <trkpt lat="60.2074840" lon="10.5405930">
    <ele>527.5</ele>
   </trkpt>
   <trkpt lat="60.2074770" lon="10.5405850">
    <ele>527.5</ele>
   </trkpt>
   <trkpt lat="60.2074690" lon="10.5405740">
    <ele>527.6</ele>
   </trkpt>
   <trkpt lat="60.2074740" lon="10.5405680">
    <ele>527.6</ele>
   </trkpt>
   <trkpt lat="60.2075050" lon="10.5405870">
    <ele>527.6</ele>
   </trkpt>
   <trkpt lat="60.2075100" lon="10.5405990">
    <ele>527.6</ele>
   </trkpt>
   <trkpt lat="60.2075060" lon="10.5406110">
    <ele>527.6</ele>
   </trkpt>
   <trkpt lat="60.2075050" lon="10.5406200">
    <ele>527.6</ele>
   </trkpt>
   <trkpt lat="60.2074870" lon="10.5406540">
    <ele>527.7</ele>
   </trkpt>
   <trkpt lat="60.2075020" lon="10.5406560">
    <ele>527.7</ele>
   </trkpt>
   <trkpt lat="60.2074980" lon="10.5406600">
    <ele>527.7</ele>
   </trkpt>
   <trkpt lat="60.2074960" lon="10.5406590">
    <ele>527.7</ele>
   </trkpt>
   <trkpt lat="60.2075030" lon="10.5406550">
    <ele>527.7</ele>
   </trkpt>
   <trkpt lat="60.2075060" lon="10.5406520">
    <ele>527.7</ele>
   </trkpt>
   <trkpt lat="60.2074800" lon="10.5406350">
    <ele>527.8</ele>
   </trkpt>
   <trkpt lat="60.2074830" lon="10.5406330">
    <ele>527.8</ele>
   </trkpt>
   <trkpt lat="60.2074850" lon="10.5406330">
    <ele>527.8</ele>
   </trkpt>
   <trkpt lat="60.2074830" lon="10.5406360">
    <ele>527.8</ele>
   </trkpt>
   <trkpt lat="60.2074820" lon="10.5406340">
    <ele>527.8</ele>
   </trkpt>
   <trkpt lat="60.2074870" lon="10.5406180">
    <ele>527.8</ele>
   </trkpt>
   <trkpt lat="60.2074890" lon="10.5406230">
    <ele>527.8</ele>
   </trkpt>
   <trkpt lat="60.2074790" lon="10.5406100">
    <ele>527.8</ele>
   </trkpt>
   <trkpt lat="60.2074830" lon="10.5406060">
    <ele>527.8</ele>
   </trkpt>
   <trkpt lat="60.2074850" lon="10.5406050">
    <ele>527.8</ele>
   </trkpt>
   <trkpt lat="60.2074840" lon="10.5406000">
    <ele>527.8</ele>
   </trkpt>
   <trkpt lat="60.2074850" lon="10.5405940">
    <ele>527.9</ele>
   </trkpt>
   <trkpt lat="60.2074850" lon="10.5405890">
    <ele>527.9</ele>
   </trkpt>
   <trkpt lat="60.2074880" lon="10.5405850">
    <ele>527.9</ele>
   </trkpt>
   <trkpt lat="60.2074920" lon="10.5405860">
    <ele>527.9</ele>
   </trkpt>
   <trkpt lat="60.2074870" lon="10.5405850">
    <ele>527.9</ele>
   </trkpt>
   <trkpt lat="60.2074860" lon="10.5405800">
    <ele>527.9</ele>
   </trkpt>
   <trkpt lat="60.2075010" lon="10.5405570">
    <ele>527.9</ele>
   </trkpt>
   <trkpt lat="60.2075060" lon="10.5405560">
    <ele>527.9</ele>
   </trkpt>
   <trkpt lat="60.2075080" lon="10.5405430">
    <ele>527.9</ele>
   </trkpt>
   <trkpt lat="60.2075060" lon="10.5405520">
    <ele>528.0</ele>
   </trkpt>
   <trkpt lat="60.2074990" lon="10.5405540">
    <ele>528.0</ele>
   </trkpt>
   <trkpt lat="60.2075040" lon="10.5405550">
    <ele>528.0</ele>
   </trkpt>
   <trkpt lat="60.2075340" lon="10.5405470">
    <ele>528.1</ele>
   </trkpt>
   <trkpt lat="60.2075520" lon="10.5405280">
    <ele>528.1</ele>
   </trkpt>
   <trkpt lat="60.2076230" lon="10.5404630">
    <ele>528.3</ele>
   </trkpt>
   <trkpt lat="60.2076460" lon="10.5404420">
    <ele>528.4</ele>
   </trkpt>
   <trkpt lat="60.2076900" lon="10.5403880">
    <ele>528.5</ele>
   </trkpt>
   <trkpt lat="60.2077350" lon="10.5403240">
    <ele>528.6</ele>
   </trkpt>
   <trkpt lat="60.2077590" lon="10.5402920">
    <ele>528.7</ele>
   </trkpt>
   <trkpt lat="60.2077820" lon="10.5402620">
    <ele>528.8</ele>
   </trkpt>
   <trkpt lat="60.2078230" lon="10.5401950">
    <ele>528.9</ele>
   </trkpt>
   <trkpt lat="60.2078780" lon="10.5400940">
    <ele>529.1</ele>
   </trkpt>
   <trkpt lat="60.2079240" lon="10.5399730">
    <ele>529.2</ele>
   </trkpt>
   <trkpt lat="60.2079600" lon="10.5398930">
    <ele>529.3</ele>
   </trkpt>
   <trkpt lat="60.2080320" lon="10.5397750">
    <ele>529.3</ele>
   </trkpt>
   <trkpt lat="60.2080540" lon="10.5397300">
    <ele>529.4</ele>
   </trkpt>
   <trkpt lat="60.2081170" lon="10.5396040">
    <ele>529.4</ele>
   </trkpt>
   <trkpt lat="60.2081380" lon="10.5395650">
    <ele>529.4</ele>
   </trkpt>
   <trkpt lat="60.2081800" lon="10.5394820">
    <ele>529.5</ele>
   </trkpt>
   <trkpt lat="60.2082430" lon="10.5393600">
    <ele>529.6</ele>
   </trkpt>
   <trkpt lat="60.2083030" lon="10.5392450">
    <ele>529.6</ele>
   </trkpt>
   <trkpt lat="60.2083240" lon="10.5392070">
    <ele>529.6</ele>
   </trkpt>
   <trkpt lat="60.2083430" lon="10.5391680">
    <ele>529.6</ele>
   </trkpt>
   <trkpt lat="60.2084720" lon="10.5389990">
    <ele>529.7</ele>
   </trkpt>
   <trkpt lat="60.2086100" lon="10.5388260">
    <ele>529.8</ele>
   </trkpt>
   <trkpt lat="60.2086790" lon="10.5387010">
    <ele>529.8</ele>
   </trkpt>
   <trkpt lat="60.2087710" lon="10.5384470">
    <ele>529.9</ele>
   </trkpt>
   <trkpt lat="60.2088010" lon="10.5383410">
    <ele>530.0</ele>
   </trkpt>
   <trkpt lat="60.2088650" lon="10.5381430">
    <ele>530.2</ele>
   </trkpt>
   <trkpt lat="60.2089730" lon="10.5379240">
    <ele>530.5</ele>
   </trkpt>
   <trkpt lat="60.2090190" lon="10.5378450">
    <ele>530.7</ele>
   </trkpt>
   <trkpt lat="60.2091250" lon="10.5377360">
    <ele>530.9</ele>
   </trkpt>
   <trkpt lat="60.2092650" lon="10.5376610">
    <ele>531.3</ele>
   </trkpt>
   <trkpt lat="60.2093220" lon="10.5376180">
    <ele>531.4</ele>
   </trkpt>
   <trkpt lat="60.2093520" lon="10.5375960">
    <ele>531.5</ele>
   </trkpt>
   <trkpt lat="60.2094660" lon="10.5374600">
    <ele>531.7</ele>
   </trkpt>
   <trkpt lat="60.2094900" lon="10.5374170">
    <ele>531.8</ele>
   </trkpt>
   <trkpt lat="60.2096190" lon="10.5371790">
    <ele>532.2</ele>
   </trkpt>
   <trkpt lat="60.2097120" lon="10.5370200">
    <ele>532.5</ele>
   </trkpt>
   <trkpt lat="60.2097550" lon="10.5369590">
    <ele>532.6</ele>
   </trkpt>
   <trkpt lat="60.2098410" lon="10.5368470">
    <ele>532.8</ele>
   </trkpt>
   <trkpt lat="60.2098930" lon="10.5368050">
    <ele>532.9</ele>
   </trkpt>
   <trkpt lat="60.2100240" lon="10.5366830">
    <ele>533.1</ele>
   </trkpt>
   <trkpt lat="60.2100520" lon="10.5366640">
    <ele>533.2</ele>
   </trkpt>
   <trkpt lat="60.2101920" lon="10.5365570">
    <ele>533.2</ele>
   </trkpt>
   <trkpt lat="60.2102230" lon="10.5365380">
    <ele>533.2</ele>
   </trkpt>
   <trkpt lat="60.2103930" lon="10.5364050">
    <ele>532.9</ele>
   </trkpt>
   <trkpt lat="60.2104840" lon="10.5363540">
    <ele>532.6</ele>
   </trkpt>
   <trkpt lat="60.2105820" lon="10.5362950">
    <ele>532.3</ele>
   </trkpt>
   <trkpt lat="60.2107020" lon="10.5362190">
    <ele>531.8</ele>
   </trkpt>
   <trkpt lat="60.2108830" lon="10.5360840">
    <ele>531.1</ele>
   </trkpt>
   <trkpt lat="60.2109750" lon="10.5360070">
    <ele>530.9</ele>
   </trkpt>
   <trkpt lat="60.2111470" lon="10.5358270">
    <ele>530.5</ele>
   </trkpt>
   <trkpt lat="60.2111750" lon="10.5357990">
    <ele>530.5</ele>
   </trkpt>
   <trkpt lat="60.2112300" lon="10.5357510">
    <ele>530.4</ele>
   </trkpt>
   <trkpt lat="60.2113670" lon="10.5355900">
    <ele>530.3</ele>
   </trkpt>
   <trkpt lat="60.2113910" lon="10.5355400">
    <ele>530.3</ele>
   </trkpt>
   <trkpt lat="60.2115370" lon="10.5353240">
    <ele>530.7</ele>
   </trkpt>
   <trkpt lat="60.2116910" lon="10.5350720">
    <ele>531.6</ele>
   </trkpt>
   <trkpt lat="60.2117670" lon="10.5349070">
    <ele>532.2</ele>
   </trkpt>
   <trkpt lat="60.2117890" lon="10.5348750">
    <ele>532.3</ele>
   </trkpt>
   <trkpt lat="60.2118560" lon="10.5347690">
    <ele>532.8</ele>
   </trkpt>
   <trkpt lat="60.2119230" lon="10.5346630">
    <ele>533.3</ele>
   </trkpt>
   <trkpt lat="60.2120680" lon="10.5344010">
    <ele>534.2</ele>
   </trkpt>
   <trkpt lat="60.2121120" lon="10.5343460">
    <ele>534.4</ele>
   </trkpt>
   <trkpt lat="60.2121740" lon="10.5342630">
    <ele>534.8</ele>
   </trkpt>
   <trkpt lat="60.2122150" lon="10.5341960">
    <ele>535.1</ele>
   </trkpt>
   <trkpt lat="60.2122360" lon="10.5341710">
    <ele>535.2</ele>
   </trkpt>
   <trkpt lat="60.2123160" lon="10.5340580">
    <ele>535.6</ele>
   </trkpt>
   <trkpt lat="60.2123380" lon="10.5340300">
    <ele>535.8</ele>
   </trkpt>
   <trkpt lat="60.2123580" lon="10.5339980">
    <ele>535.9</ele>
   </trkpt>
   <trkpt lat="60.2124060" lon="10.5339400">
    <ele>536.1</ele>
   </trkpt>
   <trkpt lat="60.2124500" lon="10.5338880">
    <ele>536.4</ele>
   </trkpt>
   <trkpt lat="60.2124950" lon="10.5338180">
    <ele>536.6</ele>
   </trkpt>
   <trkpt lat="60.2125720" lon="10.5337260">
    <ele>536.9</ele>
   </trkpt>
   <trkpt lat="60.2126200" lon="10.5336700">
    <ele>537.1</ele>
   </trkpt>
   <trkpt lat="60.2127000" lon="10.5335570">
    <ele>537.5</ele>
   </trkpt>
   <trkpt lat="60.2127590" lon="10.5334760">
    <ele>537.7</ele>
   </trkpt>
   <trkpt lat="60.2128050" lon="10.5334200">
    <ele>537.9</ele>
   </trkpt>
   <trkpt lat="60.2129050" lon="10.5333550">
    <ele>538.3</ele>
   </trkpt>
   <trkpt lat="60.2130160" lon="10.5332940">
    <ele>538.6</ele>
   </trkpt>
   <trkpt lat="60.2130640" lon="10.5332610">
    <ele>538.7</ele>
   </trkpt>
   <trkpt lat="60.2131940" lon="10.5331570">
    <ele>539.1</ele>
   </trkpt>
   <trkpt lat="60.2133310" lon="10.5330640">
    <ele>539.5</ele>
   </trkpt>
   <trkpt lat="60.2134850" lon="10.5329330">
    <ele>540.1</ele>
   </trkpt>
   <trkpt lat="60.2136330" lon="10.5328050">
    <ele>540.6</ele>
   </trkpt>
   <trkpt lat="60.2138190" lon="10.5326350">
    <ele>541.0</ele>
   </trkpt>
   <trkpt lat="60.2140300" lon="10.5325610">
    <ele>541.0</ele>
   </trkpt>
   <trkpt lat="60.2142330" lon="10.5325590">
    <ele>540.7</ele>
   </trkpt>
   <trkpt lat="60.2143920" lon="10.5326140">
    <ele>540.2</ele>
   </trkpt>
   <trkpt lat="60.2145110" lon="10.5327390">
    <ele>539.5</ele>
   </trkpt>
   <trkpt lat="60.2146200" lon="10.5329250">
    <ele>538.5</ele>
   </trkpt>
   <trkpt lat="60.2146470" lon="10.5329770">
    <ele>538.2</ele>
   </trkpt>
   <trkpt lat="60.2146720" lon="10.5330360">
    <ele>538.0</ele>
   </trkpt>
   <trkpt lat="60.2147010" lon="10.5330900">
    <ele>537.7</ele>
   </trkpt>
   <trkpt lat="60.2148250" lon="10.5332770">
    <ele>537.0</ele>
   </trkpt>
   <trkpt lat="60.2148540" lon="10.5332870">
    <ele>537.0</ele>
   </trkpt>
   <trkpt lat="60.2150540" lon="10.5332580">
    <ele>536.9</ele>
   </trkpt>
   <trkpt lat="60.2152500" lon="10.5331630">
    <ele>537.1</ele>
   </trkpt>
   <trkpt lat="60.2153640" lon="10.5330800">
    <ele>537.2</ele>
   </trkpt>
   <trkpt lat="60.2154440" lon="10.5330010">
    <ele>537.2</ele>
   </trkpt>
   <trkpt lat="60.2156090" lon="10.5327520">
    <ele>537.3</ele>
   </trkpt>
   <trkpt lat="60.2156360" lon="10.5327240">
    <ele>537.3</ele>
   </trkpt>
   <trkpt lat="60.2157870" lon="10.5325320">
    <ele>537.5</ele>
   </trkpt>
   <trkpt lat="60.2158910" lon="10.5324110">
    <ele>537.7</ele>
   </trkpt>
   <trkpt lat="60.2159480" lon="10.5323470">
    <ele>537.8</ele>
   </trkpt>
   <trkpt lat="60.2161040" lon="10.5321470">
    <ele>538.1</ele>
   </trkpt>
   <trkpt lat="60.2162660" lon="10.5320160">
    <ele>538.3</ele>
   </trkpt>
   <trkpt lat="60.2164190" lon="10.5318290">
    <ele>538.5</ele>
   </trkpt>
   <trkpt lat="60.2165910" lon="10.5316380">
    <ele>538.7</ele>
   </trkpt>
   <trkpt lat="60.2166510" lon="10.5315860">
    <ele>538.8</ele>
   </trkpt>
   <trkpt lat="60.2168150" lon="10.5313950">
    <ele>538.9</ele>
   </trkpt>
   <trkpt lat="60.2169940" lon="10.5312320">
    <ele>539.3</ele>
   </trkpt>
   <trkpt lat="60.2170450" lon="10.5311770">
    <ele>539.3</ele>
   </trkpt>
   <trkpt lat="60.2172130" lon="10.5310460">
    <ele>539.6</ele>
   </trkpt>
   <trkpt lat="60.2172720" lon="10.5310060">
    <ele>539.7</ele>
   </trkpt>
   <trkpt lat="60.2174620" lon="10.5308830">
    <ele>540.1</ele>
   </trkpt>
   <trkpt lat="60.2176370" lon="10.5307980">
    <ele>540.4</ele>
   </trkpt>
   <trkpt lat="60.2176660" lon="10.5307690">
    <ele>540.4</ele>
   </trkpt>
   <trkpt lat="60.2177950" lon="10.5306720">
    <ele>540.6</ele>
   </trkpt>
   <trkpt lat="60.2179060" lon="10.5306190">
    <ele>540.7</ele>
   </trkpt>
   <trkpt lat="60.2179310" lon="10.5306010">
    <ele>540.7</ele>
   </trkpt>
   <trkpt lat="60.2179960" lon="10.5305690">
    <ele>540.7</ele>
   </trkpt>
   <trkpt lat="60.2181110" lon="10.5304990">
    <ele>540.7</ele>
   </trkpt>
   <trkpt lat="60.2181400" lon="10.5304850">
    <ele>540.6</ele>
   </trkpt>
   <trkpt lat="60.2182530" lon="10.5304320">
    <ele>540.5</ele>
   </trkpt>
   <trkpt lat="60.2183380" lon="10.5303820">
    <ele>540.3</ele>
   </trkpt>
   <trkpt lat="60.2183970" lon="10.5303440">
    <ele>540.1</ele>
   </trkpt>
   <trkpt lat="60.2184910" lon="10.5302990">
    <ele>539.8</ele>
   </trkpt>
   <trkpt lat="60.2185180" lon="10.5302870">
    <ele>539.7</ele>
   </trkpt>
   <trkpt lat="60.2185750" lon="10.5302590">
    <ele>539.5</ele>
   </trkpt>
   <trkpt lat="60.2187190" lon="10.5302260">
    <ele>538.9</ele>
   </trkpt>
   <trkpt lat="60.2189120" lon="10.5302670">
    <ele>538.2</ele>
   </trkpt>
   <trkpt lat="60.2189430" lon="10.5302700">
    <ele>538.0</ele>
   </trkpt>
   <trkpt lat="60.2191370" lon="10.5302110">
    <ele>537.2</ele>
   </trkpt>
   <trkpt lat="60.2191720" lon="10.5301990">
    <ele>537.0</ele>
   </trkpt>
   <trkpt lat="60.2192360" lon="10.5301590">
    <ele>536.8</ele>
   </trkpt>
   <trkpt lat="60.2192970" lon="10.5301180">
    <ele>536.6</ele>
   </trkpt>
   <trkpt lat="60.2193550" lon="10.5300740">
    <ele>536.4</ele>
   </trkpt>
   <trkpt lat="60.2194390" lon="10.5299990">
    <ele>536.1</ele>
   </trkpt>
   <trkpt lat="60.2195230" lon="10.5299160">
    <ele>535.8</ele>
   </trkpt>
   <trkpt lat="60.2195810" lon="10.5298490">
    <ele>535.6</ele>
   </trkpt>
   <trkpt lat="60.2196090" lon="10.5298160">
    <ele>535.6</ele>
   </trkpt>
   <trkpt lat="60.2197490" lon="10.5296860">
    <ele>535.2</ele>
   </trkpt>
   <trkpt lat="60.2197750" lon="10.5296570">
    <ele>535.1</ele>
   </trkpt>
   <trkpt lat="60.2199510" lon="10.5295520">
    <ele>534.7</ele>
   </trkpt>
   <trkpt lat="60.2199770" lon="10.5295300">
    <ele>534.7</ele>
   </trkpt>
   <trkpt lat="60.2201080" lon="10.5294290">
    <ele>534.3</ele>
   </trkpt>
   <trkpt lat="60.2202810" lon="10.5293460">
    <ele>533.9</ele>
   </trkpt>
   <trkpt lat="60.2204660" lon="10.5292580">
    <ele>533.5</ele>
   </trkpt>
   <trkpt lat="60.2206390" lon="10.5290990">
    <ele>533.3</ele>
   </trkpt>
   <trkpt lat="60.2206630" lon="10.5290630">
    <ele>533.3</ele>
   </trkpt>
   <trkpt lat="60.2207870" lon="10.5288820">
    <ele>533.3</ele>
   </trkpt>
   <trkpt lat="60.2209340" lon="10.5286760">
    <ele>533.6</ele>
   </trkpt>
   <trkpt lat="60.2210020" lon="10.5285580">
    <ele>533.7</ele>
   </trkpt>
   <trkpt lat="60.2210610" lon="10.5284380">
    <ele>533.9</ele>
   </trkpt>
   <trkpt lat="60.2211250" lon="10.5283100">
    <ele>534.1</ele>
   </trkpt>
   <trkpt lat="60.2211920" lon="10.5281870">
    <ele>534.3</ele>
   </trkpt>
   <trkpt lat="60.2213340" lon="10.5279570">
    <ele>534.7</ele>
   </trkpt>
   <trkpt lat="60.2214930" lon="10.5277810">
    <ele>535.0</ele>
   </trkpt>
   <trkpt lat="60.2215500" lon="10.5277280">
    <ele>535.0</ele>
   </trkpt>
   <trkpt lat="60.2216670" lon="10.5277020">
    <ele>534.9</ele>
   </trkpt>
   <trkpt lat="60.2218250" lon="10.5277260">
    <ele>534.6</ele>
   </trkpt>
   <trkpt lat="60.2218610" lon="10.5277430">
    <ele>534.5</ele>
   </trkpt>
   <trkpt lat="60.2220630" lon="10.5277740">
    <ele>534.2</ele>
   </trkpt>
   <trkpt lat="60.2220970" lon="10.5277710">
    <ele>534.1</ele>
   </trkpt>
   <trkpt lat="60.2222900" lon="10.5277870">
    <ele>534.0</ele>
   </trkpt>
   <trkpt lat="60.2223440" lon="10.5277820">
    <ele>534.1</ele>
   </trkpt>
   <trkpt lat="60.2225430" lon="10.5277470">
    <ele>534.4</ele>
   </trkpt>
   <trkpt lat="60.2227200" lon="10.5276930">
    <ele>534.8</ele>
   </trkpt>
   <trkpt lat="60.2228930" lon="10.5275880">
    <ele>535.1</ele>
   </trkpt>
   <trkpt lat="60.2230800" lon="10.5274170">
    <ele>535.8</ele>
   </trkpt>
   <trkpt lat="60.2232170" lon="10.5271600">
    <ele>536.5</ele>
   </trkpt>
   <trkpt lat="60.2233550" lon="10.5268520">
    <ele>537.3</ele>
   </trkpt>
   <trkpt lat="60.2234800" lon="10.5266090">
    <ele>538.0</ele>
   </trkpt>
   <trkpt lat="60.2236000" lon="10.5263950">
    <ele>538.6</ele>
   </trkpt>
   <trkpt lat="60.2237580" lon="10.5261620">
    <ele>539.2</ele>
   </trkpt>
   <trkpt lat="60.2239330" lon="10.5260210">
    <ele>539.7</ele>
   </trkpt>
   <trkpt lat="60.2240150" lon="10.5259930">
    <ele>539.9</ele>
   </trkpt>
   <trkpt lat="60.2241010" lon="10.5259900">
    <ele>540.1</ele>
   </trkpt>
   <trkpt lat="60.2241320" lon="10.5259910">
    <ele>540.2</ele>
   </trkpt>
   <trkpt lat="60.2241840" lon="10.5259910">
    <ele>540.3</ele>
   </trkpt>
   <trkpt lat="60.2242940" lon="10.5259580">
    <ele>540.5</ele>
   </trkpt>
   <trkpt lat="60.2243250" lon="10.5259460">
    <ele>540.6</ele>
   </trkpt>
   <trkpt lat="60.2245060" lon="10.5258880">
    <ele>540.9</ele>
   </trkpt>
   <trkpt lat="60.2245620" lon="10.5258730">
    <ele>541.0</ele>
   </trkpt>
   <trkpt lat="60.2246880" lon="10.5258270">
    <ele>541.3</ele>
   </trkpt>
   <trkpt lat="60.2248070" lon="10.5257620">
    <ele>541.5</ele>
   </trkpt>
   <trkpt lat="60.2249270" lon="10.5257210">
    <ele>541.8</ele>
   </trkpt>
   <trkpt lat="60.2251030" lon="10.5256620">
    <ele>542.2</ele>
   </trkpt>
   <trkpt lat="60.2251610" lon="10.5256400">
    <ele>542.4</ele>
   </trkpt>
   <trkpt lat="60.2252200" lon="10.5256010">
    <ele>542.5</ele>
   </trkpt>
   <trkpt lat="60.2252740" lon="10.5255540">
    <ele>542.7</ele>
   </trkpt>
   <trkpt lat="60.2254540" lon="10.5255200">
    <ele>543.2</ele>
   </trkpt>
   <trkpt lat="60.2254810" lon="10.5255160">
    <ele>543.2</ele>
   </trkpt>
   <trkpt lat="60.2256530" lon="10.5254890">
    <ele>543.7</ele>
   </trkpt>
   <trkpt lat="60.2257910" lon="10.5254520">
    <ele>543.9</ele>
   </trkpt>
   <trkpt lat="60.2259350" lon="10.5253800">
    <ele>544.1</ele>
   </trkpt>
   <trkpt lat="60.2260430" lon="10.5253510">
    <ele>544.3</ele>
   </trkpt>
   <trkpt lat="60.2262110" lon="10.5252900">
    <ele>544.6</ele>
   </trkpt>
   <trkpt lat="60.2262950" lon="10.5252870">
    <ele>544.7</ele>
   </trkpt>
   <trkpt lat="60.2263260" lon="10.5252760">
    <ele>544.8</ele>
   </trkpt>
   <trkpt lat="60.2264980" lon="10.5252270">
    <ele>545.0</ele>
   </trkpt>
   <trkpt lat="60.2266960" lon="10.5252360">
    <ele>544.9</ele>
   </trkpt>
   <trkpt lat="60.2268590" lon="10.5252260">
    <ele>544.5</ele>
   </trkpt>
   <trkpt lat="60.2268930" lon="10.5252140">
    <ele>544.4</ele>
   </trkpt>
   <trkpt lat="60.2271060" lon="10.5251610">
    <ele>543.5</ele>
   </trkpt>
   <trkpt lat="60.2271690" lon="10.5251430">
    <ele>543.2</ele>
   </trkpt>
   <trkpt lat="60.2272350" lon="10.5251230">
    <ele>542.9</ele>
   </trkpt>
   <trkpt lat="60.2273250" lon="10.5250950">
    <ele>542.3</ele>
   </trkpt>
   <trkpt lat="60.2274260" lon="10.5250540">
    <ele>541.7</ele>
   </trkpt>
   <trkpt lat="60.2274760" lon="10.5250400">
    <ele>541.4</ele>
   </trkpt>
   <trkpt lat="60.2276410" lon="10.5249440">
    <ele>540.2</ele>
   </trkpt>
   <trkpt lat="60.2278140" lon="10.5248500">
    <ele>539.1</ele>
   </trkpt>
   <trkpt lat="60.2279040" lon="10.5248050">
    <ele>538.6</ele>
   </trkpt>
   <trkpt lat="60.2281070" lon="10.5246990">
    <ele>537.5</ele>
   </trkpt>
   <trkpt lat="60.2282850" lon="10.5245460">
    <ele>536.3</ele>
   </trkpt>
   <trkpt lat="60.2283070" lon="10.5245000">
    <ele>536.2</ele>
   </trkpt>
   <trkpt lat="60.2284480" lon="10.5243490">
    <ele>535.6</ele>
   </trkpt>
   <trkpt lat="60.2286310" lon="10.5241590">
    <ele>534.7</ele>
   </trkpt>
   <trkpt lat="60.2286590" lon="10.5241310">
    <ele>534.7</ele>
   </trkpt>
   <trkpt lat="60.2288250" lon="10.5240480">
    <ele>534.4</ele>
   </trkpt>
   <trkpt lat="60.2289970" lon="10.5239360">
    <ele>534.4</ele>
   </trkpt>
   <trkpt lat="60.2290320" lon="10.5239100">
    <ele>534.4</ele>
   </trkpt>
   <trkpt lat="60.2291840" lon="10.5237450">
    <ele>534.6</ele>
   </trkpt>
   <trkpt lat="60.2292130" lon="10.5237090">
    <ele>534.6</ele>
   </trkpt>
   <trkpt lat="60.2293070" lon="10.5235400">
    <ele>534.7</ele>
   </trkpt>
   <trkpt lat="60.2293560" lon="10.5234650">
    <ele>534.8</ele>
   </trkpt>
   <trkpt lat="60.2294040" lon="10.5233900">
    <ele>534.8</ele>
   </trkpt>
   <trkpt lat="60.2295030" lon="10.5232340">
    <ele>535.0</ele>
   </trkpt>
   <trkpt lat="60.2296570" lon="10.5230530">
    <ele>535.4</ele>
   </trkpt>
   <trkpt lat="60.2298030" lon="10.5229380">
    <ele>535.9</ele>
   </trkpt>
   <trkpt lat="60.2299390" lon="10.5228340">
    <ele>536.4</ele>
   </trkpt>
   <trkpt lat="60.2300340" lon="10.5227880">
    <ele>536.9</ele>
   </trkpt>
   <trkpt lat="60.2300880" lon="10.5227900">
    <ele>537.2</ele>
   </trkpt>
   <trkpt lat="60.2302290" lon="10.5227530">
    <ele>538.0</ele>
   </trkpt>
   <trkpt lat="60.2304300" lon="10.5226430">
    <ele>539.0</ele>
   </trkpt>
   <trkpt lat="60.2304560" lon="10.5226210">
    <ele>539.2</ele>
   </trkpt>
   <trkpt lat="60.2305060" lon="10.5225740">
    <ele>539.4</ele>
   </trkpt>
   <trkpt lat="60.2306440" lon="10.5224350">
    <ele>540.1</ele>
   </trkpt>
   <trkpt lat="60.2307910" lon="10.5222560">
    <ele>540.9</ele>
   </trkpt>
   <trkpt lat="60.2308180" lon="10.5222360">
    <ele>541.0</ele>
   </trkpt>
   <trkpt lat="60.2309420" lon="10.5221020">
    <ele>541.7</ele>
   </trkpt>
   <trkpt lat="60.2310970" lon="10.5219030">
    <ele>542.7</ele>
   </trkpt>
   <trkpt lat="60.2311940" lon="10.5217810">
    <ele>543.3</ele>
   </trkpt>
   <trkpt lat="60.2313430" lon="10.5216440">
    <ele>544.0</ele>
   </trkpt>
   <trkpt lat="60.2315260" lon="10.5215280">
    <ele>545.0</ele>
   </trkpt>
   <trkpt lat="60.2315760" lon="10.5215370">
    <ele>545.2</ele>
   </trkpt>
   <trkpt lat="60.2317240" lon="10.5216000">
    <ele>545.9</ele>
   </trkpt>
   <trkpt lat="60.2317460" lon="10.5216060">
    <ele>546.0</ele>
   </trkpt>
   <trkpt lat="60.2319320" lon="10.5215950">
    <ele>546.8</ele>
   </trkpt>
   <trkpt lat="60.2320460" lon="10.5215300">
    <ele>547.2</ele>
   </trkpt>
   <trkpt lat="60.2321190" lon="10.5215050">
    <ele>547.4</ele>
   </trkpt>
   <trkpt lat="60.2322610" lon="10.5214620">
    <ele>547.9</ele>
   </trkpt>
   <trkpt lat="60.2324430" lon="10.5213900">
    <ele>548.5</ele>
   </trkpt>
   <trkpt lat="60.2325210" lon="10.5213230">
    <ele>548.8</ele>
   </trkpt>
   <trkpt lat="60.2326260" lon="10.5211990">
    <ele>549.2</ele>
   </trkpt>
   <trkpt lat="60.2327360" lon="10.5210690">
    <ele>549.7</ele>
   </trkpt>
   <trkpt lat="60.2327800" lon="10.5210040">
    <ele>549.9</ele>
   </trkpt>
   <trkpt lat="60.2328670" lon="10.5209130">
    <ele>550.2</ele>
   </trkpt>
   <trkpt lat="60.2329190" lon="10.5208510">
    <ele>550.4</ele>
   </trkpt>
   <trkpt lat="60.2330660" lon="10.5207990">
    <ele>551.0</ele>
   </trkpt>
   <trkpt lat="60.2331690" lon="10.5207980">
    <ele>551.3</ele>
   </trkpt>
   <trkpt lat="60.2332020" lon="10.5208210">
    <ele>551.5</ele>
   </trkpt>
   <trkpt lat="60.2332500" lon="10.5208550">
    <ele>551.6</ele>
   </trkpt>
   <trkpt lat="60.2332710" lon="10.5208770">
    <ele>551.7</ele>
   </trkpt>
   <trkpt lat="60.2333090" lon="10.5209180">
    <ele>551.8</ele>
   </trkpt>
   <trkpt lat="60.2333940" lon="10.5209790">
    <ele>552.0</ele>
   </trkpt>
   <trkpt lat="60.2335230" lon="10.5210920">
    <ele>552.2</ele>
   </trkpt>
   <trkpt lat="60.2335920" lon="10.5211290">
    <ele>552.3</ele>
   </trkpt>
   <trkpt lat="60.2336770" lon="10.5211220">
    <ele>553.9</ele>
   </trkpt>
   <trkpt lat="60.2337030" lon="10.5211050">
    <ele>554.1</ele>
   </trkpt>
   <trkpt lat="60.2337820" lon="10.5210830">
    <ele>554.7</ele>
   </trkpt>
   <trkpt lat="60.2338090" lon="10.5210730">
    <ele>554.9</ele>
   </trkpt>
   <trkpt lat="60.2338360" lon="10.5210680">
    <ele>555.1</ele>
   </trkpt>
   <trkpt lat="60.2339290" lon="10.5210770">
    <ele>555.8</ele>
   </trkpt>
   <trkpt lat="60.2339620" lon="10.5210970">
    <ele>556.1</ele>
   </trkpt>
   <trkpt lat="60.2340210" lon="10.5211410">
    <ele>556.5</ele>
   </trkpt>
   <trkpt lat="60.2341260" lon="10.5212660">
    <ele>557.4</ele>
   </trkpt>
   <trkpt lat="60.2342600" lon="10.5212540">
    <ele>558.4</ele>
   </trkpt>
   <trkpt lat="60.2342600" lon="10.5212540">
    <ele>558.4</ele>
   </trkpt>
   <trkpt lat="60.2344010" lon="10.5212200">
    <ele>559.5</ele>
   </trkpt>
   <trkpt lat="60.2344220" lon="10.5212190">
    <ele>559.6</ele>
   </trkpt>
   <trkpt lat="60.2344580" lon="10.5212100">
    <ele>559.9</ele>
   </trkpt>
   <trkpt lat="60.2345430" lon="10.5212460">
    <ele>560.6</ele>
   </trkpt>
   <trkpt lat="60.2345840" lon="10.5212620">
    <ele>560.9</ele>
   </trkpt>
   <trkpt lat="60.2346530" lon="10.5212770">
    <ele>561.4</ele>
   </trkpt>
   <trkpt lat="60.2346770" lon="10.5212840">
    <ele>561.6</ele>
   </trkpt>
   <trkpt lat="60.2347300" lon="10.5212440">
    <ele>562.0</ele>
   </trkpt>
   <trkpt lat="60.2347460" lon="10.5212360">
    <ele>562.1</ele>
   </trkpt>
   <trkpt lat="60.2348110" lon="10.5212080">
    <ele>562.6</ele>
   </trkpt>
   <trkpt lat="60.2348450" lon="10.5212080">
    <ele>562.9</ele>
   </trkpt>
   <trkpt lat="60.2349260" lon="10.5212840">
    <ele>563.5</ele>
   </trkpt>
   <trkpt lat="60.2349410" lon="10.5212990">
    <ele>563.7</ele>
   </trkpt>
   <trkpt lat="60.2349590" lon="10.5213100">
    <ele>563.8</ele>
   </trkpt>
   <trkpt lat="60.2350630" lon="10.5213390">
    <ele>564.6</ele>
   </trkpt>
   <trkpt lat="60.2350790" lon="10.5213550">
    <ele>564.7</ele>
   </trkpt>
   <trkpt lat="60.2351250" lon="10.5214130">
    <ele>565.1</ele>
   </trkpt>
   <trkpt lat="60.2352050" lon="10.5214430">
    <ele>565.7</ele>
   </trkpt>
   <trkpt lat="60.2352250" lon="10.5214530">
    <ele>565.9</ele>
   </trkpt>
   <trkpt lat="60.2353410" lon="10.5214950">
    <ele>566.8</ele>
   </trkpt>
   <trkpt lat="60.2353640" lon="10.5215040">
    <ele>566.9</ele>
   </trkpt>
   <trkpt lat="60.2354790" lon="10.5215600">
    <ele>567.8</ele>
   </trkpt>
   <trkpt lat="60.2355210" lon="10.5215870">
    <ele>568.1</ele>
   </trkpt>
   <trkpt lat="60.2355960" lon="10.5215490">
    <ele>568.7</ele>
   </trkpt>
   <trkpt lat="60.2356160" lon="10.5215230">
    <ele>568.9</ele>
   </trkpt>
   <trkpt lat="60.2356730" lon="10.5214520">
    <ele>569.4</ele>
   </trkpt>
   <trkpt lat="60.2356900" lon="10.5214250">
    <ele>569.6</ele>
   </trkpt>
   <trkpt lat="60.2357280" lon="10.5213710">
    <ele>569.9</ele>
   </trkpt>
   <trkpt lat="60.2358470" lon="10.5212720">
    <ele>570.9</ele>
   </trkpt>
   <trkpt lat="60.2359150" lon="10.5212360">
    <ele>571.4</ele>
   </trkpt>
   <trkpt lat="60.2359570" lon="10.5212230">
    <ele>571.7</ele>
   </trkpt>
   <trkpt lat="60.2359730" lon="10.5212180">
    <ele>571.8</ele>
   </trkpt>
   <trkpt lat="60.2359970" lon="10.5212030">
    <ele>572.0</ele>
   </trkpt>
   <trkpt lat="60.2360040" lon="10.5211920">
    <ele>572.1</ele>
   </trkpt>
   <trkpt lat="60.2360090" lon="10.5211670">
    <ele>572.2</ele>
   </trkpt>
   <trkpt lat="60.2360340" lon="10.5211420">
    <ele>572.4</ele>
   </trkpt>
   <trkpt lat="60.2360760" lon="10.5211850">
    <ele>572.7</ele>
   </trkpt>
   <trkpt lat="60.2360790" lon="10.5212000">
    <ele>572.8</ele>
   </trkpt>
   <trkpt lat="60.2360790" lon="10.5212910">
    <ele>573.3</ele>
   </trkpt>
   <trkpt lat="60.2361000" lon="10.5213380">
    <ele>573.8</ele>
   </trkpt>
   <trkpt lat="60.2361420" lon="10.5213060">
    <ele>574.5</ele>
   </trkpt>
   <trkpt lat="60.2362070" lon="10.5212220">
    <ele>575.3</ele>
   </trkpt>
   <trkpt lat="60.2363190" lon="10.5211430">
    <ele>576.9</ele>
   </trkpt>
   <trkpt lat="60.2363480" lon="10.5211970">
    <ele>577.4</ele>
   </trkpt>
   <trkpt lat="60.2363560" lon="10.5212870">
    <ele>577.8</ele>
   </trkpt>
   <trkpt lat="60.2363710" lon="10.5213680">
    <ele>578.3</ele>
   </trkpt>
   <trkpt lat="60.2364040" lon="10.5214350">
    <ele>579.5</ele>
   </trkpt>
   <trkpt lat="60.2364230" lon="10.5214610">
    <ele>579.5</ele>
   </trkpt>
   <trkpt lat="60.2364460" lon="10.5214700">
    <ele>580.9</ele>
   </trkpt>
   <trkpt lat="60.2364570" lon="10.5214750">
    <ele>581.1</ele>
   </trkpt>
   <trkpt lat="60.2364630" lon="10.5214790">
    <ele>581.2</ele>
   </trkpt>
   <trkpt lat="60.2365000" lon="10.5214860">
    <ele>581.8</ele>
   </trkpt>
   <trkpt lat="60.2365020" lon="10.5215030">
    <ele>582.0</ele>
   </trkpt>
   <trkpt lat="60.2364980" lon="10.5215740">
    <ele>582.5</ele>
   </trkpt>
   <trkpt lat="60.2364950" lon="10.5216460">
    <ele>583.1</ele>
   </trkpt>
   <trkpt lat="60.2364920" lon="10.5216770">
    <ele>583.4</ele>
   </trkpt>
   <trkpt lat="60.2364870" lon="10.5217820">
    <ele>584.3</ele>
   </trkpt>
   <trkpt lat="60.2365180" lon="10.5219140">
    <ele>585.5</ele>
   </trkpt>
   <trkpt lat="60.2365770" lon="10.5220550">
    <ele>587.1</ele>
   </trkpt>
   <trkpt lat="60.2366140" lon="10.5221360">
    <ele>588.0</ele>
   </trkpt>
   <trkpt lat="60.2366380" lon="10.5221990">
    <ele>588.6</ele>
   </trkpt>
   <trkpt lat="60.2367090" lon="10.5223630">
    <ele>590.4</ele>
   </trkpt>
   <trkpt lat="60.2367180" lon="10.5223920">
    <ele>590.7</ele>
   </trkpt>
   <trkpt lat="60.2367830" lon="10.5225220">
    <ele>592.0</ele>
   </trkpt>
   <trkpt lat="60.2368310" lon="10.5226050">
    <ele>592.8</ele>
   </trkpt>
   <trkpt lat="60.2368460" lon="10.5226460">
    <ele>593.2</ele>
   </trkpt>
   <trkpt lat="60.2368830" lon="10.5226920">
    <ele>593.8</ele>
   </trkpt>
   <trkpt lat="60.2368930" lon="10.5226950">
    <ele>593.9</ele>
   </trkpt>
   <trkpt lat="60.2369070" lon="10.5227330">
    <ele>594.3</ele>
   </trkpt>
   <trkpt lat="60.2369190" lon="10.5227550">
    <ele>594.6</ele>
   </trkpt>
   <trkpt lat="60.2369260" lon="10.5227670">
    <ele>594.7</ele>
   </trkpt>
   <trkpt lat="60.2369390" lon="10.5227980">
    <ele>595.1</ele>
   </trkpt>
   <trkpt lat="60.2369440" lon="10.5228040">
    <ele>595.2</ele>
   </trkpt>
   <trkpt lat="60.2369490" lon="10.5228110">
    <ele>595.4</ele>
   </trkpt>
   <trkpt lat="60.2369540" lon="10.5228040">
    <ele>597.7</ele>
   </trkpt>
   <trkpt lat="60.2369830" lon="10.5227990">
    <ele>598.6</ele>
   </trkpt>
   <trkpt lat="60.2369930" lon="10.5227880">
    <ele>599.0</ele>
   </trkpt>
   <trkpt lat="60.2370080" lon="10.5227810">
    <ele>599.5</ele>
   </trkpt>
   <trkpt lat="60.2370130" lon="10.5227610">
    <ele>599.9</ele>
   </trkpt>
   <trkpt lat="60.2370210" lon="10.5227300">
    <ele>600.4</ele>
   </trkpt>
   <trkpt lat="60.2370250" lon="10.5226960">
    <ele>600.9</ele>
   </trkpt>
   <trkpt lat="60.2370270" lon="10.5226410">
    <ele>601.8</ele>
   </trkpt>
   <trkpt lat="60.2370290" lon="10.5225890">
    <ele>602.5</ele>
   </trkpt>
   <trkpt lat="60.2370300" lon="10.5225500">
    <ele>603.1</ele>
   </trkpt>
   <trkpt lat="60.2370440" lon="10.5224780">
    <ele>604.2</ele>
   </trkpt>
   <trkpt lat="60.2370590" lon="10.5224110">
    <ele>605.3</ele>
   </trkpt>
   <trkpt lat="60.2370920" lon="10.5223290">
    <ele>606.9</ele>
   </trkpt>
   <trkpt lat="60.2371110" lon="10.5223090">
    <ele>607.6</ele>
   </trkpt>
   <trkpt lat="60.2371200" lon="10.5222910">
    <ele>608.0</ele>
   </trkpt>
   <trkpt lat="60.2371310" lon="10.5222560">
    <ele>608.7</ele>
   </trkpt>
   <trkpt lat="60.2371340" lon="10.5222450">
    <ele>608.9</ele>
   </trkpt>
   <trkpt lat="60.2371440" lon="10.5222000">
    <ele>609.7</ele>
   </trkpt>
   <trkpt lat="60.2371470" lon="10.5221650">
    <ele>610.4</ele>
   </trkpt>
   <trkpt lat="60.2371500" lon="10.5221190">
    <ele>611.3</ele>
   </trkpt>
   <trkpt lat="60.2371660" lon="10.5221120">
    <ele>611.9</ele>
   </trkpt>
   <trkpt lat="60.2371730" lon="10.5221060">
    <ele>612.2</ele>
   </trkpt>
   <trkpt lat="60.2371850" lon="10.5221100">
    <ele>612.8</ele>
   </trkpt>
   <trkpt lat="60.2371910" lon="10.5221020">
    <ele>613.1</ele>
   </trkpt>
   <trkpt lat="60.2372050" lon="10.5220910">
    <ele>613.7</ele>
   </trkpt>
   <trkpt lat="60.2372110" lon="10.5220890">
    <ele>614.0</ele>
   </trkpt>
   <trkpt lat="60.2372190" lon="10.5220920">
    <ele>614.4</ele>
   </trkpt>
   <trkpt lat="60.2372190" lon="10.5220930">
    <ele>614.4</ele>
   </trkpt>
   <trkpt lat="60.2372190" lon="10.5220860">
    <ele>614.5</ele>
   </trkpt>
   <trkpt lat="60.2372200" lon="10.5220680">
    <ele>614.9</ele>
   </trkpt>
   <trkpt lat="60.2372120" lon="10.5220360">
    <ele>615.7</ele>
   </trkpt>
   <trkpt lat="60.2372220" lon="10.5220250">
    <ele>616.3</ele>
   </trkpt>
   <trkpt lat="60.2372280" lon="10.5219840">
    <ele>617.2</ele>
   </trkpt>
   <trkpt lat="60.2372730" lon="10.5219280">
    <ele>619.6</ele>
   </trkpt>
   <trkpt lat="60.2373040" lon="10.5218590">
    <ele>621.6</ele>
   </trkpt>
   <trkpt lat="60.2373070" lon="10.5217980">
    <ele>622.9</ele>
   </trkpt>
   <trkpt lat="60.2373280" lon="10.5217420">
    <ele>624.3</ele>
   </trkpt>
   <trkpt lat="60.2373340" lon="10.5217390">
    <ele>624.6</ele>
   </trkpt>
   <trkpt lat="60.2373420" lon="10.5217350">
    <ele>624.9</ele>
   </trkpt>
   <trkpt lat="60.2373570" lon="10.5217420">
    <ele>625.5</ele>
   </trkpt>
   <trkpt lat="60.2373700" lon="10.5217310">
    <ele>626.0</ele>
   </trkpt>
   <trkpt lat="60.2374120" lon="10.5217250">
    <ele>627.6</ele>
   </trkpt>
   <trkpt lat="60.2374180" lon="10.5216920">
    <ele>628.2</ele>
   </trkpt>
   <trkpt lat="60.2374060" lon="10.5216500">
    <ele>629.1</ele>
   </trkpt>
   <trkpt lat="60.2374360" lon="10.5216190">
    <ele>630.2</ele>
   </trkpt>
   <trkpt lat="60.2374470" lon="10.5215980">
    <ele>630.8</ele>
   </trkpt>
   <trkpt lat="60.2374540" lon="10.5215620">
    <ele>631.4</ele>
   </trkpt>
   <trkpt lat="60.2374600" lon="10.5215390">
    <ele>631.9</ele>
   </trkpt>
   <trkpt lat="60.2374690" lon="10.5215240">
    <ele>632.3</ele>
   </trkpt>
   <trkpt lat="60.2374710" lon="10.5215140">
    <ele>632.4</ele>
   </trkpt>
   <trkpt lat="60.2374820" lon="10.5215180">
    <ele>632.8</ele>
   </trkpt>
   <trkpt lat="60.2374970" lon="10.5215360">
    <ele>633.4</ele>
   </trkpt>
   <trkpt lat="60.2375140" lon="10.5215840">
    <ele>634.4</ele>
   </trkpt>
   <trkpt lat="60.2375410" lon="10.5216360">
    <ele>635.7</ele>
   </trkpt>
   <trkpt lat="60.2375670" lon="10.5216790">
    <ele>636.8</ele>
   </trkpt>
   <trkpt lat="60.2375980" lon="10.5217060">
    <ele>637.9</ele>
   </trkpt>
   <trkpt lat="60.2376040" lon="10.5217140">
    <ele>638.2</ele>
   </trkpt>
   <trkpt lat="60.2376230" lon="10.5217310">
    <ele>638.8</ele>
   </trkpt>
   <trkpt lat="60.2376310" lon="10.5217540">
    <ele>639.2</ele>
   </trkpt>
   <trkpt lat="60.2376440" lon="10.5217680">
    <ele>639.7</ele>
   </trkpt>
   <trkpt lat="60.2377030" lon="10.5218230">
    <ele>641.6</ele>
   </trkpt>
   <trkpt lat="60.2377540" lon="10.5218640">
    <ele>643.2</ele>
   </trkpt>
   <trkpt lat="60.2377830" lon="10.5219020">
    <ele>644.2</ele>
   </trkpt>
   <trkpt lat="60.2378310" lon="10.5219320">
    <ele>646.4</ele>
   </trkpt>
   <trkpt lat="60.2378160" lon="10.5219370">
    <ele>646.8</ele>
   </trkpt>
   <trkpt lat="60.2378090" lon="10.5219390">
    <ele>647.0</ele>
   </trkpt>
   <trkpt lat="60.2377480" lon="10.5220230">
    <ele>649.1</ele>
   </trkpt>
   <trkpt lat="60.2377550" lon="10.5220250">
    <ele>649.3</ele>
   </trkpt>
   <trkpt lat="60.2377660" lon="10.5220220">
    <ele>649.6</ele>
   </trkpt>
   <trkpt lat="60.2377810" lon="10.5220180">
    <ele>650.0</ele>
   </trkpt>
   <trkpt lat="60.2377930" lon="10.5220210">
    <ele>650.3</ele>
   </trkpt>
   <trkpt lat="60.2378130" lon="10.5220180">
    <ele>650.9</ele>
   </trkpt>
   <trkpt lat="60.2378450" lon="10.5220170">
    <ele>651.7</ele>
   </trkpt>
   <trkpt lat="60.2378750" lon="10.5220160">
    <ele>652.5</ele>
   </trkpt>
   <trkpt lat="60.2378990" lon="10.5219940">
    <ele>653.2</ele>
   </trkpt>
   <trkpt lat="60.2379120" lon="10.5219450">
    <ele>653.9</ele>
   </trkpt>
   <trkpt lat="60.2379110" lon="10.5219320">
    <ele>654.0</ele>
   </trkpt>
   <trkpt lat="60.2379230" lon="10.5219180">
    <ele>654.3</ele>
   </trkpt>
   <trkpt lat="60.2379360" lon="10.5218800">
    <ele>654.8</ele>
   </trkpt>
   <trkpt lat="60.2379310" lon="10.5218640">
    <ele>655.0</ele>
   </trkpt>
   <trkpt lat="60.2379110" lon="10.5218110">
    <ele>655.6</ele>
   </trkpt>
   <trkpt lat="60.2379050" lon="10.5217880">
    <ele>655.9</ele>
   </trkpt>
   <trkpt lat="60.2379150" lon="10.5217890">
    <ele>656.1</ele>
   </trkpt>
   <trkpt lat="60.2379440" lon="10.5217460">
    <ele>656.6</ele>
   </trkpt>
   <trkpt lat="60.2379530" lon="10.5217290">
    <ele>656.8</ele>
   </trkpt>
   <trkpt lat="60.2379690" lon="10.5216720">
    <ele>657.3</ele>
   </trkpt>
   <trkpt lat="60.2379740" lon="10.5216390">
    <ele>657.5</ele>
   </trkpt>
   <trkpt lat="60.2379770" lon="10.5216050">
    <ele>657.8</ele>
   </trkpt>
   <trkpt lat="60.2379880" lon="10.5215190">
    <ele>658.4</ele>
   </trkpt>
   <trkpt lat="60.2379890" lon="10.5214830">
    <ele>658.7</ele>
   </trkpt>
   <trkpt lat="60.2379960" lon="10.5214270">
    <ele>659.1</ele>
   </trkpt>
   <trkpt lat="60.2380590" lon="10.5213440">
    <ele>660.2</ele>
   </trkpt>
   <trkpt lat="60.2380840" lon="10.5213080">
    <ele>660.7</ele>
   </trkpt>
   <trkpt lat="60.2380830" lon="10.5212700">
    <ele>661.0</ele>
   </trkpt>
   <trkpt lat="60.2380910" lon="10.5212070">
    <ele>661.5</ele>
   </trkpt>
   <trkpt lat="60.2381080" lon="10.5211710">
    <ele>661.8</ele>
   </trkpt>
   <trkpt lat="60.2381180" lon="10.5211590">
    <ele>662.0</ele>
   </trkpt>
   <trkpt lat="60.2381230" lon="10.5211450">
    <ele>662.1</ele>
   </trkpt>
   <trkpt lat="60.2381330" lon="10.5211510">
    <ele>662.2</ele>
   </trkpt>
   <trkpt lat="60.2381430" lon="10.5211580">
    <ele>662.4</ele>
   </trkpt>
   <trkpt lat="60.2381690" lon="10.5211950">
    <ele>662.8</ele>
   </trkpt>
   <trkpt lat="60.2381930" lon="10.5212340">
    <ele>663.2</ele>
   </trkpt>
   <trkpt lat="60.2382520" lon="10.5213000">
    <ele>664.0</ele>
   </trkpt>
   <trkpt lat="60.2382640" lon="10.5213110">
    <ele>664.2</ele>
   </trkpt>
   <trkpt lat="60.2382930" lon="10.5213590">
    <ele>664.6</ele>
   </trkpt>
   <trkpt lat="60.2383120" lon="10.5213890">
    <ele>664.9</ele>
   </trkpt>
   <trkpt lat="60.2383490" lon="10.5214540">
    <ele>665.5</ele>
   </trkpt>
   <trkpt lat="60.2383620" lon="10.5214610">
    <ele>665.6</ele>
   </trkpt>
   <trkpt lat="60.2383860" lon="10.5214590">
    <ele>665.8</ele>
   </trkpt>
   <trkpt lat="60.2384300" lon="10.5214500">
    <ele>666.1</ele>
   </trkpt>
   <trkpt lat="60.2384530" lon="10.5214560">
    <ele>666.3</ele>
   </trkpt>
   <trkpt lat="60.2384930" lon="10.5214540">
    <ele>666.6</ele>
   </trkpt>
   <trkpt lat="60.2385090" lon="10.5214700">
    <ele>666.7</ele>
   </trkpt>
   <trkpt lat="60.2385150" lon="10.5214940">
    <ele>666.8</ele>
   </trkpt>
   <trkpt lat="60.2385210" lon="10.5216090">
    <ele>667.2</ele>
   </trkpt>
   <trkpt lat="60.2385210" lon="10.5216380">
    <ele>667.3</ele>
   </trkpt>
   <trkpt lat="60.2385540" lon="10.5218820">
    <ele>668.6</ele>
   </trkpt>
   <trkpt lat="60.2386150" lon="10.5219540">
    <ele>669.6</ele>
   </trkpt>
   <trkpt lat="60.2386900" lon="10.5220530">
    <ele>671.1</ele>
   </trkpt>
   <trkpt lat="60.2387020" lon="10.5220430">
    <ele>671.3</ele>
   </trkpt>
   <trkpt lat="60.2387310" lon="10.5220320">
    <ele>671.8</ele>
   </trkpt>
   <trkpt lat="60.2387540" lon="10.5220330">
    <ele>672.2</ele>
   </trkpt>
   <trkpt lat="60.2387870" lon="10.5219910">
    <ele>672.8</ele>
   </trkpt>
   <trkpt lat="60.2388860" lon="10.5219130">
    <ele>674.3</ele>
   </trkpt>
   <trkpt lat="60.2389100" lon="10.5218690">
    <ele>674.6</ele>
   </trkpt>
   <trkpt lat="60.2389330" lon="10.5218080">
    <ele>675.0</ele>
   </trkpt>
   <trkpt lat="60.2389580" lon="10.5217430">
    <ele>675.3</ele>
   </trkpt>
   <trkpt lat="60.2389850" lon="10.5216790">
    <ele>675.5</ele>
   </trkpt>
   <trkpt lat="60.2390460" lon="10.5215900">
    <ele>675.8</ele>
   </trkpt>
   <trkpt lat="60.2390820" lon="10.5215370">
    <ele>675.9</ele>
   </trkpt>
   <trkpt lat="60.2391090" lon="10.5214730">
    <ele>675.9</ele>
   </trkpt>
   <trkpt lat="60.2391250" lon="10.5214400">
    <ele>676.0</ele>
   </trkpt>
   <trkpt lat="60.2391460" lon="10.5214170">
    <ele>676.0</ele>
   </trkpt>
   <trkpt lat="60.2391700" lon="10.5214060">
    <ele>676.0</ele>
   </trkpt>
   <trkpt lat="60.2392140" lon="10.5213770">
    <ele>676.2</ele>
   </trkpt>
   <trkpt lat="60.2392370" lon="10.5213810">
    <ele>676.2</ele>
   </trkpt>
   <trkpt lat="60.2392550" lon="10.5213900">
    <ele>676.3</ele>
   </trkpt>
   <trkpt lat="60.2392640" lon="10.5214130">
    <ele>676.4</ele>
   </trkpt>
   <trkpt lat="60.2392860" lon="10.5214900">
    <ele>676.6</ele>
   </trkpt>
   <trkpt lat="60.2393090" lon="10.5215830">
    <ele>676.9</ele>
   </trkpt>
   <trkpt lat="60.2393240" lon="10.5216340">
    <ele>677.1</ele>
   </trkpt>
   <trkpt lat="60.2393370" lon="10.5216530">
    <ele>677.2</ele>
   </trkpt>
   <trkpt lat="60.2393540" lon="10.5216630">
    <ele>677.4</ele>
   </trkpt>
   <trkpt lat="60.2394040" lon="10.5216580">
    <ele>677.8</ele>
   </trkpt>
   <trkpt lat="60.2394800" lon="10.5216480">
    <ele>678.4</ele>
   </trkpt>
   <trkpt lat="60.2395000" lon="10.5216430">
    <ele>678.6</ele>
   </trkpt>
   <trkpt lat="60.2395670" lon="10.5215770">
    <ele>679.2</ele>
   </trkpt>
   <trkpt lat="60.2395800" lon="10.5215690">
    <ele>679.3</ele>
   </trkpt>
   <trkpt lat="60.2396390" lon="10.5215670">
    <ele>679.8</ele>
   </trkpt>
   <trkpt lat="60.2396490" lon="10.5215610">
    <ele>679.9</ele>
   </trkpt>
   <trkpt lat="60.2396610" lon="10.5215490">
    <ele>680.1</ele>
   </trkpt>
   <trkpt lat="60.2396810" lon="10.5215120">
    <ele>680.3</ele>
   </trkpt>
   <trkpt lat="60.2396890" lon="10.5214890">
    <ele>680.5</ele>
   </trkpt>
   <trkpt lat="60.2397120" lon="10.5214670">
    <ele>680.8</ele>
   </trkpt>
   <trkpt lat="60.2397290" lon="10.5214580">
    <ele>680.9</ele>
   </trkpt>
   <trkpt lat="60.2397370" lon="10.5214540">
    <ele>681.0</ele>
   </trkpt>
   <trkpt lat="60.2398030" lon="10.5214510">
    <ele>681.8</ele>
   </trkpt>
   <trkpt lat="60.2398240" lon="10.5214030">
    <ele>682.2</ele>
   </trkpt>
   <trkpt lat="60.2398400" lon="10.5213690">
    <ele>682.5</ele>
   </trkpt>
   <trkpt lat="60.2398520" lon="10.5213020">
    <ele>682.9</ele>
   </trkpt>
   <trkpt lat="60.2398850" lon="10.5212660">
    <ele>683.4</ele>
   </trkpt>
   <trkpt lat="60.2399250" lon="10.5212730">
    <ele>683.9</ele>
   </trkpt>
   <trkpt lat="60.2399410" lon="10.5212480">
    <ele>684.2</ele>
   </trkpt>
   <trkpt lat="60.2399490" lon="10.5212400">
    <ele>684.3</ele>
   </trkpt>
   <trkpt lat="60.2399640" lon="10.5212170">
    <ele>684.6</ele>
   </trkpt>
   <trkpt lat="60.2399720" lon="10.5212060">
    <ele>684.8</ele>
   </trkpt>
   <trkpt lat="60.2399890" lon="10.5211940">
    <ele>685.0</ele>
   </trkpt>
   <trkpt lat="60.2400110" lon="10.5211800">
    <ele>685.4</ele>
   </trkpt>
   <trkpt lat="60.2400360" lon="10.5211680">
    <ele>685.8</ele>
   </trkpt>
   <trkpt lat="60.2400710" lon="10.5211470">
    <ele>686.4</ele>
   </trkpt>
   <trkpt lat="60.2401200" lon="10.5211370">
    <ele>687.1</ele>
   </trkpt>
   <trkpt lat="60.2401350" lon="10.5211280">
    <ele>687.4</ele>
   </trkpt>
   <trkpt lat="60.2401510" lon="10.5211180">
    <ele>687.6</ele>
   </trkpt>
   <trkpt lat="60.2402010" lon="10.5211130">
    <ele>688.3</ele>
   </trkpt>
   <trkpt lat="60.2402240" lon="10.5210930">
    <ele>688.7</ele>
   </trkpt>
   <trkpt lat="60.2402330" lon="10.5210850">
    <ele>688.8</ele>
   </trkpt>
   <trkpt lat="60.2402490" lon="10.5210370">
    <ele>689.2</ele>
   </trkpt>
   <trkpt lat="60.2402760" lon="10.5209890">
    <ele>689.7</ele>
   </trkpt>
   <trkpt lat="60.2403120" lon="10.5208920">
    <ele>690.3</ele>
   </trkpt>
   <trkpt lat="60.2403230" lon="10.5208920">
    <ele>690.2</ele>
   </trkpt>
   <trkpt lat="60.2403310" lon="10.5208920">
    <ele>690.1</ele>
   </trkpt>
   <trkpt lat="60.2403400" lon="10.5208960">
    <ele>689.9</ele>
   </trkpt>
   <trkpt lat="60.2403450" lon="10.5209070">
    <ele>689.8</ele>
   </trkpt>
   <trkpt lat="60.2403500" lon="10.5209190">
    <ele>689.7</ele>
   </trkpt>
   <trkpt lat="60.2403530" lon="10.5209270">
    <ele>689.7</ele>
   </trkpt>
   <trkpt lat="60.2403510" lon="10.5209290">
    <ele>689.6</ele>
   </trkpt>
   <trkpt lat="60.2403480" lon="10.5209400">
    <ele>689.5</ele>
   </trkpt>
   <trkpt lat="60.2403050" lon="10.5209150">
    <ele>688.9</ele>
   </trkpt>
   <trkpt lat="60.2402960" lon="10.5209290">
    <ele>688.7</ele>
   </trkpt>
   <trkpt lat="60.2402270" lon="10.5209470">
    <ele>687.7</ele>
   </trkpt>
   <trkpt lat="60.2402090" lon="10.5209820">
    <ele>687.3</ele>
   </trkpt>
   <trkpt lat="60.2401490" lon="10.5210330">
    <ele>686.3</ele>
   </trkpt>
   <trkpt lat="60.2401300" lon="10.5210390">
    <ele>686.0</ele>
   </trkpt>
   <trkpt lat="60.2400690" lon="10.5210650">
    <ele>685.0</ele>
   </trkpt>
   <trkpt lat="60.2400260" lon="10.5210890">
    <ele>684.3</ele>
   </trkpt>
   <trkpt lat="60.2399860" lon="10.5211120">
    <ele>683.7</ele>
   </trkpt>
   <trkpt lat="60.2399310" lon="10.5211480">
    <ele>682.9</ele>
   </trkpt>
   <trkpt lat="60.2398850" lon="10.5212140">
    <ele>682.2</ele>
   </trkpt>
   <trkpt lat="60.2398650" lon="10.5212770">
    <ele>681.7</ele>
   </trkpt>
   <trkpt lat="60.2398420" lon="10.5212870">
    <ele>681.4</ele>
   </trkpt>
   <trkpt lat="60.2398110" lon="10.5213040">
    <ele>681.0</ele>
   </trkpt>
   <trkpt lat="60.2397900" lon="10.5213580">
    <ele>680.7</ele>
   </trkpt>
   <trkpt lat="60.2397610" lon="10.5214170">
    <ele>680.2</ele>
   </trkpt>
   <trkpt lat="60.2397430" lon="10.5214280">
    <ele>680.0</ele>
   </trkpt>
   <trkpt lat="60.2396330" lon="10.5215450">
    <ele>678.9</ele>
   </trkpt>
   <trkpt lat="60.2394940" lon="10.5216520">
    <ele>677.6</ele>
   </trkpt>
   <trkpt lat="60.2393930" lon="10.5217220">
    <ele>676.8</ele>
   </trkpt>
   <trkpt lat="60.2392780" lon="10.5216840">
    <ele>676.2</ele>
   </trkpt>
   <trkpt lat="60.2392390" lon="10.5215370">
    <ele>676.0</ele>
   </trkpt>
   <trkpt lat="60.2392230" lon="10.5215030">
    <ele>676.0</ele>
   </trkpt>
   <trkpt lat="60.2391640" lon="10.5214700">
    <ele>675.9</ele>
   </trkpt>
   <trkpt lat="60.2391400" lon="10.5214790">
    <ele>675.8</ele>
   </trkpt>
   <trkpt lat="60.2390860" lon="10.5215290">
    <ele>675.6</ele>
   </trkpt>
   <trkpt lat="60.2390680" lon="10.5215670">
    <ele>675.5</ele>
   </trkpt>
   <trkpt lat="60.2390460" lon="10.5215940">
    <ele>675.4</ele>
   </trkpt>
   <trkpt lat="60.2389970" lon="10.5216460">
    <ele>675.0</ele>
   </trkpt>
   <trkpt lat="60.2389260" lon="10.5217560">
    <ele>674.0</ele>
   </trkpt>
   <trkpt lat="60.2388620" lon="10.5219030">
    <ele>672.6</ele>
   </trkpt>
   <trkpt lat="60.2388360" lon="10.5219240">
    <ele>672.1</ele>
   </trkpt>
   <trkpt lat="60.2387180" lon="10.5220370">
    <ele>669.8</ele>
   </trkpt>
   <trkpt lat="60.2386410" lon="10.5220410">
    <ele>668.6</ele>
   </trkpt>
   <trkpt lat="60.2386250" lon="10.5220270">
    <ele>668.4</ele>
   </trkpt>
   <trkpt lat="60.2386110" lon="10.5220010">
    <ele>668.2</ele>
   </trkpt>
   <trkpt lat="60.2385710" lon="10.5219170">
    <ele>667.6</ele>
   </trkpt>
   <trkpt lat="60.2385550" lon="10.5218490">
    <ele>667.2</ele>
   </trkpt>
   <trkpt lat="60.2385440" lon="10.5218140">
    <ele>667.1</ele>
   </trkpt>
   <trkpt lat="60.2385190" lon="10.5215910">
    <ele>666.3</ele>
   </trkpt>
   <trkpt lat="60.2385070" lon="10.5215060">
    <ele>665.9</ele>
   </trkpt>
   <trkpt lat="60.2385040" lon="10.5214700">
    <ele>665.8</ele>
   </trkpt>
   <trkpt lat="60.2384840" lon="10.5214690">
    <ele>665.6</ele>
   </trkpt>
   <trkpt lat="60.2383890" lon="10.5214490">
    <ele>664.5</ele>
   </trkpt>
   <trkpt lat="60.2383680" lon="10.5214370">
    <ele>664.2</ele>
   </trkpt>
   <trkpt lat="60.2382900" lon="10.5213420">
    <ele>663.0</ele>
   </trkpt>
   <trkpt lat="60.2382140" lon="10.5212320">
    <ele>661.8</ele>
   </trkpt>
   <trkpt lat="60.2381770" lon="10.5212160">
    <ele>661.2</ele>
   </trkpt>
   <trkpt lat="60.2381440" lon="10.5212430">
    <ele>660.6</ele>
   </trkpt>
   <trkpt lat="60.2381310" lon="10.5212700">
    <ele>660.3</ele>
   </trkpt>
   <trkpt lat="60.2381040" lon="10.5213730">
    <ele>659.4</ele>
   </trkpt>
   <trkpt lat="60.2380940" lon="10.5214080">
    <ele>659.1</ele>
   </trkpt>
   <trkpt lat="60.2380970" lon="10.5214000">
    <ele>659.0</ele>
   </trkpt>
   <trkpt lat="60.2381020" lon="10.5213970">
    <ele>658.9</ele>
   </trkpt>
   <trkpt lat="60.2381050" lon="10.5213940">
    <ele>658.9</ele>
   </trkpt>
   <trkpt lat="60.2381110" lon="10.5213910">
    <ele>658.8</ele>
   </trkpt>
   <trkpt lat="60.2381140" lon="10.5213690">
    <ele>658.6</ele>
   </trkpt>
   <trkpt lat="60.2381130" lon="10.5213670">
    <ele>658.6</ele>
   </trkpt>
   <trkpt lat="60.2381450" lon="10.5213510">
    <ele>658.1</ele>
   </trkpt>
   <trkpt lat="60.2381010" lon="10.5213490">
    <ele>657.5</ele>
   </trkpt>
   <trkpt lat="60.2380980" lon="10.5213810">
    <ele>657.2</ele>
   </trkpt>
   <trkpt lat="60.2380850" lon="10.5214550">
    <ele>656.6</ele>
   </trkpt>
   <trkpt lat="60.2380770" lon="10.5214890">
    <ele>656.3</ele>
   </trkpt>
   <trkpt lat="60.2380420" lon="10.5215920">
    <ele>655.2</ele>
   </trkpt>
   <trkpt lat="60.2380160" lon="10.5216660">
    <ele>654.2</ele>
   </trkpt>
   <trkpt lat="60.2379510" lon="10.5217970">
    <ele>651.8</ele>
   </trkpt>
   <trkpt lat="60.2379450" lon="10.5218270">
    <ele>651.4</ele>
   </trkpt>
   <trkpt lat="60.2379130" lon="10.5219190">
    <ele>649.8</ele>
   </trkpt>
   <trkpt lat="60.2378890" lon="10.5219990">
    <ele>648.4</ele>
   </trkpt>
   <trkpt lat="60.2378750" lon="10.5220050">
    <ele>648.0</ele>
   </trkpt>
   <trkpt lat="60.2378650" lon="10.5220050">
    <ele>647.7</ele>
   </trkpt>
   <trkpt lat="60.2378330" lon="10.5219830">
    <ele>646.8</ele>
   </trkpt>
   <trkpt lat="60.2378050" lon="10.5219350">
    <ele>645.7</ele>
   </trkpt>
   <trkpt lat="60.2377960" lon="10.5218970">
    <ele>644.1</ele>
   </trkpt>
   <trkpt lat="60.2377810" lon="10.5218640">
    <ele>643.5</ele>
   </trkpt>
   <trkpt lat="60.2377410" lon="10.5217520">
    <ele>641.6</ele>
   </trkpt>
   <trkpt lat="60.2376910" lon="10.5216610">
    <ele>639.6</ele>
   </trkpt>
   <trkpt lat="60.2376650" lon="10.5215980">
    <ele>638.4</ele>
   </trkpt>
   <trkpt lat="60.2376460" lon="10.5215750">
    <ele>637.6</ele>
   </trkpt>
   <trkpt lat="60.2376170" lon="10.5214950">
    <ele>636.0</ele>
   </trkpt>
   <trkpt lat="60.2376070" lon="10.5214750">
    <ele>635.5</ele>
   </trkpt>
   <trkpt lat="60.2375780" lon="10.5214520">
    <ele>634.5</ele>
   </trkpt>
   <trkpt lat="60.2375650" lon="10.5214560">
    <ele>634.1</ele>
   </trkpt>
   <trkpt lat="60.2375370" lon="10.5214790">
    <ele>633.1</ele>
   </trkpt>
   <trkpt lat="60.2375040" lon="10.5215150">
    <ele>631.8</ele>
   </trkpt>
   <trkpt lat="60.2374660" lon="10.5215670">
    <ele>630.3</ele>
   </trkpt>
   <trkpt lat="60.2374470" lon="10.5216330">
    <ele>629.0</ele>
   </trkpt>
   <trkpt lat="60.2374260" lon="10.5216860">
    <ele>627.8</ele>
   </trkpt>
   <trkpt lat="60.2374180" lon="10.5217030">
    <ele>627.4</ele>
   </trkpt>
   <trkpt lat="60.2374000" lon="10.5217300">
    <ele>626.5</ele>
   </trkpt>
   <trkpt lat="60.2373860" lon="10.5217820">
    <ele>625.4</ele>
   </trkpt>
   <trkpt lat="60.2373780" lon="10.5217890">
    <ele>625.1</ele>
   </trkpt>
   <trkpt lat="60.2373690" lon="10.5218300">
    <ele>624.3</ele>
   </trkpt>
   <trkpt lat="60.2373310" lon="10.5218680">
    <ele>622.5</ele>
   </trkpt>
   <trkpt lat="60.2373190" lon="10.5218720">
    <ele>622.0</ele>
   </trkpt>
   <trkpt lat="60.2373090" lon="10.5218840">
    <ele>621.5</ele>
   </trkpt>
   <trkpt lat="60.2372980" lon="10.5218930">
    <ele>621.0</ele>
   </trkpt>
   <trkpt lat="60.2372690" lon="10.5218990">
    <ele>619.8</ele>
   </trkpt>
   <trkpt lat="60.2372550" lon="10.5219080">
    <ele>619.1</ele>
   </trkpt>
   <trkpt lat="60.2372420" lon="10.5219340">
    <ele>618.3</ele>
   </trkpt>
   <trkpt lat="60.2372090" lon="10.5219500">
    <ele>616.8</ele>
   </trkpt>
   <trkpt lat="60.2371980" lon="10.5219750">
    <ele>616.1</ele>
   </trkpt>
   <trkpt lat="60.2371690" lon="10.5220150">
    <ele>614.5</ele>
   </trkpt>
   <trkpt lat="60.2371320" lon="10.5220810">
    <ele>612.4</ele>
   </trkpt>
   <trkpt lat="60.2370860" lon="10.5221820">
    <ele>609.7</ele>
   </trkpt>
   <trkpt lat="60.2370470" lon="10.5222440">
    <ele>608.1</ele>
   </trkpt>
   <trkpt lat="60.2370350" lon="10.5222770">
    <ele>607.4</ele>
   </trkpt>
   <trkpt lat="60.2370190" lon="10.5223870">
    <ele>605.7</ele>
   </trkpt>
   <trkpt lat="60.2370100" lon="10.5224190">
    <ele>605.2</ele>
   </trkpt>
   <trkpt lat="60.2370050" lon="10.5224450">
    <ele>604.8</ele>
   </trkpt>
   <trkpt lat="60.2370030" lon="10.5224940">
    <ele>604.0</ele>
   </trkpt>
   <trkpt lat="60.2369990" lon="10.5226160">
    <ele>602.3</ele>
   </trkpt>
   <trkpt lat="60.2369880" lon="10.5226850">
    <ele>601.2</ele>
   </trkpt>
   <trkpt lat="60.2369820" lon="10.5227150">
    <ele>600.8</ele>
   </trkpt>
   <trkpt lat="60.2369560" lon="10.5228000">
    <ele>599.2</ele>
   </trkpt>
   <trkpt lat="60.2369560" lon="10.5228270">
    <ele>595.7</ele>
   </trkpt>
   <trkpt lat="60.2369450" lon="10.5228710">
    <ele>595.2</ele>
   </trkpt>
   <trkpt lat="60.2369340" lon="10.5228750">
    <ele>594.9</ele>
   </trkpt>
   <trkpt lat="60.2369380" lon="10.5228480">
    <ele>594.7</ele>
   </trkpt>
   <trkpt lat="60.2368970" lon="10.5227510">
    <ele>593.7</ele>
   </trkpt>
   <trkpt lat="60.2368280" lon="10.5226480">
    <ele>592.5</ele>
   </trkpt>
   <trkpt lat="60.2368010" lon="10.5226100">
    <ele>592.1</ele>
   </trkpt>
   <trkpt lat="60.2367480" lon="10.5225430">
    <ele>591.1</ele>
   </trkpt>
   <trkpt lat="60.2366900" lon="10.5224390">
    <ele>589.9</ele>
   </trkpt>
   <trkpt lat="60.2366760" lon="10.5224010">
    <ele>589.5</ele>
   </trkpt>
   <trkpt lat="60.2366360" lon="10.5222850">
    <ele>588.3</ele>
   </trkpt>
   <trkpt lat="60.2365940" lon="10.5221710">
    <ele>587.1</ele>
   </trkpt>
   <trkpt lat="60.2365670" lon="10.5220970">
    <ele>586.3</ele>
   </trkpt>
   <trkpt lat="60.2365560" lon="10.5220590">
    <ele>586.0</ele>
   </trkpt>
   <trkpt lat="60.2365450" lon="10.5220220">
    <ele>585.6</ele>
   </trkpt>
   <trkpt lat="60.2365210" lon="10.5219520">
    <ele>584.9</ele>
   </trkpt>
   <trkpt lat="60.2365000" lon="10.5218760">
    <ele>584.1</ele>
   </trkpt>
   <trkpt lat="60.2364930" lon="10.5218330">
    <ele>583.7</ele>
   </trkpt>
   <trkpt lat="60.2364790" lon="10.5217480">
    <ele>583.0</ele>
   </trkpt>
   <trkpt lat="60.2364750" lon="10.5217030">
    <ele>582.6</ele>
   </trkpt>
   <trkpt lat="60.2364790" lon="10.5216180">
    <ele>581.9</ele>
   </trkpt>
   <trkpt lat="60.2364760" lon="10.5215740">
    <ele>581.5</ele>
   </trkpt>
   <trkpt lat="60.2364740" lon="10.5214420">
    <ele>580.4</ele>
   </trkpt>
   <trkpt lat="60.2364830" lon="10.5213600">
    <ele>579.7</ele>
   </trkpt>
   <trkpt lat="60.2364850" lon="10.5213160">
    <ele>579.3</ele>
   </trkpt>
   <trkpt lat="60.2364900" lon="10.5211970">
    <ele>578.2</ele>
   </trkpt>
   <trkpt lat="60.2364670" lon="10.5211160">
    <ele>577.4</ele>
   </trkpt>
   <trkpt lat="60.2364530" lon="10.5210830">
    <ele>576.9</ele>
   </trkpt>
   <trkpt lat="60.2364000" lon="10.5210120">
    <ele>575.8</ele>
   </trkpt>
   <trkpt lat="60.2363740" lon="10.5209470">
    <ele>574.4</ele>
   </trkpt>
   <trkpt lat="60.2363850" lon="10.5208980">
    <ele>574.4</ele>
   </trkpt>
   <trkpt lat="60.2364510" lon="10.5207600">
    <ele>574.3</ele>
   </trkpt>
   <trkpt lat="60.2364970" lon="10.5206670">
    <ele>574.3</ele>
   </trkpt>
   <trkpt lat="60.2365150" lon="10.5206160">
    <ele>574.3</ele>
   </trkpt>
   <trkpt lat="60.2365360" lon="10.5205700">
    <ele>574.3</ele>
   </trkpt>
   <trkpt lat="60.2365770" lon="10.5204760">
    <ele>574.3</ele>
   </trkpt>
   <trkpt lat="60.2365950" lon="10.5204300">
    <ele>574.3</ele>
   </trkpt>
   <trkpt lat="60.2366250" lon="10.5203300">
    <ele>574.3</ele>
   </trkpt>
   <trkpt lat="60.2366630" lon="10.5201690">
    <ele>574.2</ele>
   </trkpt>
   <trkpt lat="60.2366790" lon="10.5200570">
    <ele>574.2</ele>
   </trkpt>
   <trkpt lat="60.2366880" lon="10.5200000">
    <ele>574.1</ele>
   </trkpt>
   <trkpt lat="60.2367250" lon="10.5198410">
    <ele>573.9</ele>
   </trkpt>
   <trkpt lat="60.2367390" lon="10.5197270">
    <ele>573.8</ele>
   </trkpt>
   <trkpt lat="60.2367460" lon="10.5196690">
    <ele>573.7</ele>
   </trkpt>
   <trkpt lat="60.2367890" lon="10.5195070">
    <ele>573.3</ele>
   </trkpt>
   <trkpt lat="60.2368210" lon="10.5193950">
    <ele>573.1</ele>
   </trkpt>
   <trkpt lat="60.2368540" lon="10.5192800">
    <ele>572.8</ele>
   </trkpt>
   <trkpt lat="60.2369150" lon="10.5190680">
    <ele>572.6</ele>
   </trkpt>
   <trkpt lat="60.2369410" lon="10.5189660">
    <ele>572.5</ele>
   </trkpt>
   <trkpt lat="60.2369730" lon="10.5188770">
    <ele>572.5</ele>
   </trkpt>
   <trkpt lat="60.2370210" lon="10.5187280">
    <ele>572.6</ele>
   </trkpt>
   <trkpt lat="60.2370410" lon="10.5186900">
    <ele>572.6</ele>
   </trkpt>
   <trkpt lat="60.2371210" lon="10.5185240">
    <ele>572.7</ele>
   </trkpt>
   <trkpt lat="60.2371390" lon="10.5184820">
    <ele>572.7</ele>
   </trkpt>
   <trkpt lat="60.2371900" lon="10.5183400">
    <ele>572.8</ele>
   </trkpt>
   <trkpt lat="60.2372270" lon="10.5181950">
    <ele>572.8</ele>
   </trkpt>
   <trkpt lat="60.2372300" lon="10.5181360">
    <ele>572.9</ele>
   </trkpt>
   <trkpt lat="60.2372200" lon="10.5180570">
    <ele>572.9</ele>
   </trkpt>
   <trkpt lat="60.2372120" lon="10.5180000">
    <ele>572.9</ele>
   </trkpt>
   <trkpt lat="60.2371970" lon="10.5178680">
    <ele>572.9</ele>
   </trkpt>
   <trkpt lat="60.2371690" lon="10.5174170">
    <ele>572.9</ele>
   </trkpt>
   <trkpt lat="60.2371690" lon="10.5173590">
    <ele>572.8</ele>
   </trkpt>
   <trkpt lat="60.2371620" lon="10.5169800">
    <ele>572.3</ele>
   </trkpt>
   <trkpt lat="60.2371760" lon="10.5167700">
    <ele>572.0</ele>
   </trkpt>
   <trkpt lat="60.2371780" lon="10.5166720">
    <ele>571.9</ele>
   </trkpt>
   <trkpt lat="60.2371780" lon="10.5165290">
    <ele>571.8</ele>
   </trkpt>
   <trkpt lat="60.2371580" lon="10.5163670">
    <ele>571.7</ele>
   </trkpt>
   <trkpt lat="60.2371580" lon="10.5161380">
    <ele>571.7</ele>
   </trkpt>
   <trkpt lat="60.2371280" lon="10.5160330">
    <ele>571.7</ele>
   </trkpt>
   <trkpt lat="60.2371120" lon="10.5159600">
    <ele>571.7</ele>
   </trkpt>
   <trkpt lat="60.2370970" lon="10.5158070">
    <ele>571.8</ele>
   </trkpt>
   <trkpt lat="60.2370860" lon="10.5154470">
    <ele>571.8</ele>
   </trkpt>
   <trkpt lat="60.2371070" lon="10.5152620">
    <ele>571.9</ele>
   </trkpt>
   <trkpt lat="60.2371080" lon="10.5152140">
    <ele>571.9</ele>
   </trkpt>
   <trkpt lat="60.2371310" lon="10.5149590">
    <ele>572.0</ele>
   </trkpt>
   <trkpt lat="60.2371450" lon="10.5146210">
    <ele>572.0</ele>
   </trkpt>
   <trkpt lat="60.2371390" lon="10.5145000">
    <ele>572.1</ele>
   </trkpt>
   <trkpt lat="60.2371280" lon="10.5143660">
    <ele>572.2</ele>
   </trkpt>
   <trkpt lat="60.2371070" lon="10.5141510">
    <ele>572.3</ele>
   </trkpt>
   <trkpt lat="60.2370800" lon="10.5139450">
    <ele>572.4</ele>
   </trkpt>
   <trkpt lat="60.2370770" lon="10.5138910">
    <ele>572.4</ele>
   </trkpt>
   <trkpt lat="60.2370720" lon="10.5138440">
    <ele>572.4</ele>
   </trkpt>
   <trkpt lat="60.2370630" lon="10.5137390">
    <ele>572.4</ele>
   </trkpt>
   <trkpt lat="60.2370350" lon="10.5135860">
    <ele>572.5</ele>
   </trkpt>
   <trkpt lat="60.2370410" lon="10.5133910">
    <ele>572.6</ele>
   </trkpt>
   <trkpt lat="60.2370410" lon="10.5131240">
    <ele>572.7</ele>
   </trkpt>
   <trkpt lat="60.2370670" lon="10.5128430">
    <ele>572.9</ele>
   </trkpt>
   <trkpt lat="60.2370890" lon="10.5125720">
    <ele>573.1</ele>
   </trkpt>
   <trkpt lat="60.2370900" lon="10.5125090">
    <ele>573.1</ele>
   </trkpt>
   <trkpt lat="60.2371150" lon="10.5122860">
    <ele>573.2</ele>
   </trkpt>
   <trkpt lat="60.2371330" lon="10.5121750">
    <ele>573.1</ele>
   </trkpt>
   <trkpt lat="60.2371460" lon="10.5120660">
    <ele>573.1</ele>
   </trkpt>
   <trkpt lat="60.2371460" lon="10.5118270">
    <ele>573.0</ele>
   </trkpt>
   <trkpt lat="60.2371360" lon="10.5117150">
    <ele>573.0</ele>
   </trkpt>
   <trkpt lat="60.2371510" lon="10.5114840">
    <ele>573.1</ele>
   </trkpt>
   <trkpt lat="60.2371300" lon="10.5111150">
    <ele>573.4</ele>
   </trkpt>
   <trkpt lat="60.2371070" lon="10.5107900">
    <ele>573.8</ele>
   </trkpt>
   <trkpt lat="60.2371030" lon="10.5104430">
    <ele>574.2</ele>
   </trkpt>
   <trkpt lat="60.2371090" lon="10.5101680">
    <ele>574.7</ele>
   </trkpt>
   <trkpt lat="60.2371160" lon="10.5101120">
    <ele>574.8</ele>
   </trkpt>
   <trkpt lat="60.2371130" lon="10.5098680">
    <ele>575.3</ele>
   </trkpt>
   <trkpt lat="60.2371210" lon="10.5098230">
    <ele>575.4</ele>
   </trkpt>
   <trkpt lat="60.2371000" lon="10.5097330">
    <ele>575.6</ele>
   </trkpt>
   <trkpt lat="60.2370720" lon="10.5095980">
    <ele>575.9</ele>
   </trkpt>
   <trkpt lat="60.2371110" lon="10.5095350">
    <ele>576.1</ele>
   </trkpt>
   <trkpt lat="60.2371270" lon="10.5094670">
    <ele>576.2</ele>
   </trkpt>
   <trkpt lat="60.2371370" lon="10.5092910">
    <ele>576.5</ele>
   </trkpt>
   <trkpt lat="60.2371560" lon="10.5090740">
    <ele>577.0</ele>
   </trkpt>
   <trkpt lat="60.2371630" lon="10.5088680">
    <ele>577.5</ele>
   </trkpt>
   <trkpt lat="60.2371560" lon="10.5088240">
    <ele>577.7</ele>
   </trkpt>
   <trkpt lat="60.2371490" lon="10.5085550">
    <ele>578.6</ele>
   </trkpt>
   <trkpt lat="60.2371550" lon="10.5085120">
    <ele>578.8</ele>
   </trkpt>
   <trkpt lat="60.2371720" lon="10.5084690">
    <ele>579.0</ele>
   </trkpt>
   <trkpt lat="60.2372130" lon="10.5083130">
    <ele>579.9</ele>
   </trkpt>
   <trkpt lat="60.2372260" lon="10.5082260">
    <ele>580.4</ele>
   </trkpt>
   <trkpt lat="60.2372250" lon="10.5081170">
    <ele>581.0</ele>
   </trkpt>
   <trkpt lat="60.2372220" lon="10.5079870">
    <ele>581.8</ele>
   </trkpt>
   <trkpt lat="60.2372270" lon="10.5079150">
    <ele>582.2</ele>
   </trkpt>
   <trkpt lat="60.2372270" lon="10.5078360">
    <ele>582.8</ele>
   </trkpt>
   <trkpt lat="60.2372200" lon="10.5077970">
    <ele>583.1</ele>
   </trkpt>
   <trkpt lat="60.2372050" lon="10.5077120">
    <ele>583.7</ele>
   </trkpt>
   <trkpt lat="60.2371400" lon="10.5074810">
    <ele>585.7</ele>
   </trkpt>
   <trkpt lat="60.2371330" lon="10.5074540">
    <ele>586.0</ele>
   </trkpt>
   <trkpt lat="60.2371030" lon="10.5073180">
    <ele>587.1</ele>
   </trkpt>
   <trkpt lat="60.2370590" lon="10.5071390">
    <ele>588.6</ele>
   </trkpt>
   <trkpt lat="60.2370530" lon="10.5070940">
    <ele>588.9</ele>
   </trkpt>
   <trkpt lat="60.2370320" lon="10.5069540">
    <ele>590.0</ele>
   </trkpt>
   <trkpt lat="60.2370300" lon="10.5069120">
    <ele>590.3</ele>
   </trkpt>
   <trkpt lat="60.2370120" lon="10.5068390">
    <ele>591.0</ele>
   </trkpt>
   <trkpt lat="60.2370090" lon="10.5067860">
    <ele>591.4</ele>
   </trkpt>
   <trkpt lat="60.2369940" lon="10.5066440">
    <ele>592.7</ele>
   </trkpt>
   <trkpt lat="60.2370010" lon="10.5066040">
    <ele>593.0</ele>
   </trkpt>
   <trkpt lat="60.2370070" lon="10.5065700">
    <ele>593.3</ele>
   </trkpt>
   <trkpt lat="60.2370160" lon="10.5064730">
    <ele>594.2</ele>
   </trkpt>
   <trkpt lat="60.2370220" lon="10.5064440">
    <ele>594.4</ele>
   </trkpt>
   <trkpt lat="60.2370220" lon="10.5063340">
    <ele>595.3</ele>
   </trkpt>
   <trkpt lat="60.2370210" lon="10.5063110">
    <ele>595.5</ele>
   </trkpt>
   <trkpt lat="60.2370140" lon="10.5062150">
    <ele>596.3</ele>
   </trkpt>
   <trkpt lat="60.2370120" lon="10.5061850">
    <ele>596.6</ele>
   </trkpt>
   <trkpt lat="60.2370110" lon="10.5061250">
    <ele>597.1</ele>
   </trkpt>
   <trkpt lat="60.2370130" lon="10.5060920">
    <ele>597.4</ele>
   </trkpt>
   <trkpt lat="60.2370180" lon="10.5060120">
    <ele>598.0</ele>
   </trkpt>
   <trkpt lat="60.2369940" lon="10.5059620">
    <ele>598.6</ele>
   </trkpt>
   <trkpt lat="60.2369710" lon="10.5059080">
    <ele>599.2</ele>
   </trkpt>
   <trkpt lat="60.2369330" lon="10.5058050">
    <ele>600.2</ele>
   </trkpt>
   <trkpt lat="60.2369040" lon="10.5057550">
    <ele>600.8</ele>
   </trkpt>
   <trkpt lat="60.2369000" lon="10.5057290">
    <ele>601.1</ele>
   </trkpt>
   <trkpt lat="60.2368960" lon="10.5056560">
    <ele>601.7</ele>
   </trkpt>
   <trkpt lat="60.2369000" lon="10.5056100">
    <ele>602.0</ele>
   </trkpt>
   <trkpt lat="60.2368950" lon="10.5055060">
    <ele>602.9</ele>
   </trkpt>
   <trkpt lat="60.2369000" lon="10.5054500">
    <ele>603.3</ele>
   </trkpt>
   <trkpt lat="60.2369090" lon="10.5053530">
    <ele>603.9</ele>
   </trkpt>
   <trkpt lat="60.2368920" lon="10.5051720">
    <ele>605.1</ele>
   </trkpt>
   <trkpt lat="60.2368580" lon="10.5050150">
    <ele>606.1</ele>
   </trkpt>
   <trkpt lat="60.2368570" lon="10.5049800">
    <ele>606.3</ele>
   </trkpt>
   <trkpt lat="60.2368620" lon="10.5049520">
    <ele>606.5</ele>
   </trkpt>
   <trkpt lat="60.2368420" lon="10.5048550">
    <ele>607.1</ele>
   </trkpt>
   <trkpt lat="60.2368360" lon="10.5047710">
    <ele>607.6</ele>
   </trkpt>
   <trkpt lat="60.2368350" lon="10.5047440">
    <ele>607.8</ele>
   </trkpt>
   <trkpt lat="60.2368310" lon="10.5047120">
    <ele>608.0</ele>
   </trkpt>
   <trkpt lat="60.2368250" lon="10.5046310">
    <ele>608.6</ele>
   </trkpt>
   <trkpt lat="60.2368220" lon="10.5045790">
    <ele>609.0</ele>
   </trkpt>
   <trkpt lat="60.2368150" lon="10.5045240">
    <ele>609.5</ele>
   </trkpt>
   <trkpt lat="60.2368080" lon="10.5044630">
    <ele>610.1</ele>
   </trkpt>
   <trkpt lat="60.2368070" lon="10.5044150">
    <ele>610.6</ele>
   </trkpt>
   <trkpt lat="60.2368010" lon="10.5043200">
    <ele>611.5</ele>
   </trkpt>
   <trkpt lat="60.2367870" lon="10.5043010">
    <ele>611.8</ele>
   </trkpt>
   <trkpt lat="60.2367740" lon="10.5042280">
    <ele>612.5</ele>
   </trkpt>
   <trkpt lat="60.2367740" lon="10.5041970">
    <ele>612.8</ele>
   </trkpt>
   <trkpt lat="60.2367690" lon="10.5040600">
    <ele>613.9</ele>
   </trkpt>
   <trkpt lat="60.2367790" lon="10.5039470">
    <ele>614.8</ele>
   </trkpt>
   <trkpt lat="60.2367850" lon="10.5038860">
    <ele>615.3</ele>
   </trkpt>
   <trkpt lat="60.2368020" lon="10.5037500">
    <ele>616.3</ele>
   </trkpt>
   <trkpt lat="60.2367980" lon="10.5036700">
    <ele>616.9</ele>
   </trkpt>
   <trkpt lat="60.2367830" lon="10.5036140">
    <ele>617.4</ele>
   </trkpt>
   <trkpt lat="60.2367770" lon="10.5035500">
    <ele>617.9</ele>
   </trkpt>
   <trkpt lat="60.2367700" lon="10.5034560">
    <ele>618.7</ele>
   </trkpt>
   <trkpt lat="60.2367610" lon="10.5034330">
    <ele>618.9</ele>
   </trkpt>
   <trkpt lat="60.2367440" lon="10.5033300">
    <ele>619.8</ele>
   </trkpt>
   <trkpt lat="60.2367330" lon="10.5032580">
    <ele>620.4</ele>
   </trkpt>
   <trkpt lat="60.2367270" lon="10.5031570">
    <ele>621.3</ele>
   </trkpt>
   <trkpt lat="60.2367000" lon="10.5030760">
    <ele>622.2</ele>
   </trkpt>
   <trkpt lat="60.2366910" lon="10.5029180">
    <ele>623.6</ele>
   </trkpt>
   <trkpt lat="60.2366860" lon="10.5028870">
    <ele>623.9</ele>
   </trkpt>
   <trkpt lat="60.2366820" lon="10.5028280">
    <ele>624.5</ele>
   </trkpt>
   <trkpt lat="60.2366800" lon="10.5028050">
    <ele>624.7</ele>
   </trkpt>
   <trkpt lat="60.2366740" lon="10.5027320">
    <ele>625.4</ele>
   </trkpt>
   <trkpt lat="60.2366670" lon="10.5026600">
    <ele>626.0</ele>
   </trkpt>
   <trkpt lat="60.2366630" lon="10.5025980">
    <ele>626.6</ele>
   </trkpt>
   <trkpt lat="60.2366600" lon="10.5025610">
    <ele>627.2</ele>
   </trkpt>
   <trkpt lat="60.2366570" lon="10.5025310">
    <ele>627.4</ele>
   </trkpt>
   <trkpt lat="60.2366460" lon="10.5024300">
    <ele>628.1</ele>
   </trkpt>
   <trkpt lat="60.2366430" lon="10.5023990">
    <ele>628.4</ele>
   </trkpt>
   <trkpt lat="60.2366390" lon="10.5022780">
    <ele>629.2</ele>
   </trkpt>
   <trkpt lat="60.2366410" lon="10.5022470">
    <ele>629.5</ele>
   </trkpt>
   <trkpt lat="60.2366390" lon="10.5021340">
    <ele>630.2</ele>
   </trkpt>
   <trkpt lat="60.2366580" lon="10.5020460">
    <ele>630.9</ele>
   </trkpt>
   <trkpt lat="60.2366680" lon="10.5020240">
    <ele>631.1</ele>
   </trkpt>
   <trkpt lat="60.2366700" lon="10.5019870">
    <ele>631.4</ele>
   </trkpt>
   <trkpt lat="60.2366780" lon="10.5019040">
    <ele>631.9</ele>
   </trkpt>
   <trkpt lat="60.2366740" lon="10.5018380">
    <ele>632.3</ele>
   </trkpt>
   <trkpt lat="60.2366550" lon="10.5017310">
    <ele>633.0</ele>
   </trkpt>
   <trkpt lat="60.2366550" lon="10.5016860">
    <ele>633.3</ele>
   </trkpt>
   <trkpt lat="60.2366530" lon="10.5016630">
    <ele>633.4</ele>
   </trkpt>
   <trkpt lat="60.2366220" lon="10.5015200">
    <ele>634.3</ele>
   </trkpt>
   <trkpt lat="60.2366120" lon="10.5014790">
    <ele>634.5</ele>
   </trkpt>
   <trkpt lat="60.2366110" lon="10.5014500">
    <ele>634.7</ele>
   </trkpt>
   <trkpt lat="60.2366100" lon="10.5013930">
    <ele>635.0</ele>
   </trkpt>
   <trkpt lat="60.2366180" lon="10.5012520">
    <ele>635.6</ele>
   </trkpt>
   <trkpt lat="60.2366070" lon="10.5011760">
    <ele>635.9</ele>
   </trkpt>
   <trkpt lat="60.2365480" lon="10.5010170">
    <ele>636.8</ele>
   </trkpt>
   <trkpt lat="60.2365220" lon="10.5009290">
    <ele>637.2</ele>
   </trkpt>
   <trkpt lat="60.2365220" lon="10.5008690">
    <ele>637.5</ele>
   </trkpt>
   <trkpt lat="60.2365340" lon="10.5008420">
    <ele>637.7</ele>
   </trkpt>
   <trkpt lat="60.2365790" lon="10.5007610">
    <ele>639.2</ele>
   </trkpt>
   <trkpt lat="60.2366250" lon="10.5007380">
    <ele>639.8</ele>
   </trkpt>
   <trkpt lat="60.2367180" lon="10.5007470">
    <ele>641.1</ele>
   </trkpt>
   <trkpt lat="60.2367330" lon="10.5007390">
    <ele>641.3</ele>
   </trkpt>
   <trkpt lat="60.2367720" lon="10.5007430">
    <ele>641.9</ele>
   </trkpt>
   <trkpt lat="60.2368050" lon="10.5007200">
    <ele>642.4</ele>
   </trkpt>
   <trkpt lat="60.2368140" lon="10.5007000">
    <ele>642.6</ele>
   </trkpt>
   <trkpt lat="60.2368240" lon="10.5006430">
    <ele>643.0</ele>
   </trkpt>
   <trkpt lat="60.2368380" lon="10.5005380">
    <ele>643.7</ele>
   </trkpt>
   <trkpt lat="60.2368420" lon="10.5004330">
    <ele>644.2</ele>
   </trkpt>
   <trkpt lat="60.2368530" lon="10.5003210">
    <ele>644.4</ele>
   </trkpt>
   <trkpt lat="60.2368460" lon="10.5002420">
    <ele>644.5</ele>
   </trkpt>
   <trkpt lat="60.2368520" lon="10.5002080">
    <ele>644.5</ele>
   </trkpt>
   <trkpt lat="60.2368790" lon="10.5000550">
    <ele>644.5</ele>
   </trkpt>
   <trkpt lat="60.2368830" lon="10.5000220">
    <ele>644.6</ele>
   </trkpt>
   <trkpt lat="60.2368930" lon="10.4999930">
    <ele>644.6</ele>
   </trkpt>
   <trkpt lat="60.2369210" lon="10.4999150">
    <ele>644.8</ele>
   </trkpt>
   <trkpt lat="60.2369170" lon="10.4998230">
    <ele>645.1</ele>
   </trkpt>
   <trkpt lat="60.2369060" lon="10.4997870">
    <ele>645.2</ele>
   </trkpt>
   <trkpt lat="60.2368810" lon="10.4997140">
    <ele>645.7</ele>
   </trkpt>
   <trkpt lat="60.2368810" lon="10.4996090">
    <ele>646.4</ele>
   </trkpt>
   <trkpt lat="60.2368730" lon="10.4995760">
    <ele>646.7</ele>
   </trkpt>
   <trkpt lat="60.2368440" lon="10.4995110">
    <ele>647.3</ele>
   </trkpt>
   <trkpt lat="60.2368730" lon="10.4994050">
    <ele>648.3</ele>
   </trkpt>
   <trkpt lat="60.2368810" lon="10.4993750">
    <ele>648.6</ele>
   </trkpt>
   <trkpt lat="60.2369210" lon="10.4993000">
    <ele>649.5</ele>
   </trkpt>
   <trkpt lat="60.2369570" lon="10.4991790">
    <ele>650.7</ele>
   </trkpt>
   <trkpt lat="60.2369800" lon="10.4990860">
    <ele>651.5</ele>
   </trkpt>
   <trkpt lat="60.2369870" lon="10.4990310">
    <ele>651.9</ele>
   </trkpt>
   <trkpt lat="60.2369890" lon="10.4990180">
    <ele>651.9</ele>
   </trkpt>
   <trkpt lat="60.2369880" lon="10.4989710">
    <ele>652.2</ele>
   </trkpt>
   <trkpt lat="60.2369910" lon="10.4989450">
    <ele>652.3</ele>
   </trkpt>
   <trkpt lat="60.2370080" lon="10.4988900">
    <ele>652.6</ele>
   </trkpt>
   <trkpt lat="60.2370320" lon="10.4988200">
    <ele>652.9</ele>
   </trkpt>
   <trkpt lat="60.2370670" lon="10.4986990">
    <ele>653.1</ele>
   </trkpt>
   <trkpt lat="60.2371250" lon="10.4984130">
    <ele>653.4</ele>
   </trkpt>
   <trkpt lat="60.2371630" lon="10.4982170">
    <ele>653.6</ele>
   </trkpt>
   <trkpt lat="60.2372340" lon="10.4979290">
    <ele>654.2</ele>
   </trkpt>
   <trkpt lat="60.2372710" lon="10.4977530">
    <ele>654.4</ele>
   </trkpt>
   <trkpt lat="60.2372860" lon="10.4977170">
    <ele>654.4</ele>
   </trkpt>
   <trkpt lat="60.2373420" lon="10.4974530">
    <ele>654.0</ele>
   </trkpt>
   <trkpt lat="60.2374110" lon="10.4972630">
    <ele>653.3</ele>
   </trkpt>
   <trkpt lat="60.2374380" lon="10.4971120">
    <ele>652.8</ele>
   </trkpt>
   <trkpt lat="60.2374520" lon="10.4969410">
    <ele>652.5</ele>
   </trkpt>
   <trkpt lat="60.2374860" lon="10.4965620">
    <ele>652.7</ele>
   </trkpt>
   <trkpt lat="60.2375380" lon="10.4964330">
    <ele>653.6</ele>
   </trkpt>
   <trkpt lat="60.2375460" lon="10.4963530">
    <ele>654.1</ele>
   </trkpt>
   <trkpt lat="60.2375520" lon="10.4962750">
    <ele>654.6</ele>
   </trkpt>
   <trkpt lat="60.2375550" lon="10.4962350">
    <ele>654.9</ele>
   </trkpt>
   <trkpt lat="60.2375560" lon="10.4961930">
    <ele>655.2</ele>
   </trkpt>
   <trkpt lat="60.2375540" lon="10.4961160">
    <ele>655.9</ele>
   </trkpt>
   <trkpt lat="60.2375600" lon="10.4960860">
    <ele>656.1</ele>
   </trkpt>
   <trkpt lat="60.2375900" lon="10.4959950">
    <ele>657.1</ele>
   </trkpt>
   <trkpt lat="60.2376180" lon="10.4958880">
    <ele>658.2</ele>
   </trkpt>
   <trkpt lat="60.2376180" lon="10.4958590">
    <ele>658.4</ele>
   </trkpt>
   <trkpt lat="60.2376270" lon="10.4958090">
    <ele>658.9</ele>
   </trkpt>
   <trkpt lat="60.2376290" lon="10.4957840">
    <ele>659.1</ele>
   </trkpt>
   <trkpt lat="60.2376370" lon="10.4957410">
    <ele>659.4</ele>
   </trkpt>
   <trkpt lat="60.2376500" lon="10.4956990">
    <ele>659.8</ele>
   </trkpt>
   <trkpt lat="60.2376580" lon="10.4956700">
    <ele>660.0</ele>
   </trkpt>
   <trkpt lat="60.2376750" lon="10.4956140">
    <ele>660.4</ele>
   </trkpt>
   <trkpt lat="60.2377030" lon="10.4955350">
    <ele>660.9</ele>
   </trkpt>
   <trkpt lat="60.2377110" lon="10.4955070">
    <ele>661.1</ele>
   </trkpt>
   <trkpt lat="60.2377210" lon="10.4954860">
    <ele>661.3</ele>
   </trkpt>
   <trkpt lat="60.2377390" lon="10.4954110">
    <ele>661.8</ele>
   </trkpt>
   <trkpt lat="60.2377410" lon="10.4953770">
    <ele>662.0</ele>
   </trkpt>
   <trkpt lat="60.2377480" lon="10.4952940">
    <ele>662.5</ele>
   </trkpt>
   <trkpt lat="60.2377560" lon="10.4952630">
    <ele>662.8</ele>
   </trkpt>
   <trkpt lat="60.2377850" lon="10.4951860">
    <ele>663.5</ele>
   </trkpt>
   <trkpt lat="60.2377980" lon="10.4950700">
    <ele>664.6</ele>
   </trkpt>
   <trkpt lat="60.2378060" lon="10.4950300">
    <ele>665.0</ele>
   </trkpt>
   <trkpt lat="60.2378060" lon="10.4950110">
    <ele>665.1</ele>
   </trkpt>
   <trkpt lat="60.2378110" lon="10.4949630">
    <ele>665.6</ele>
   </trkpt>
   <trkpt lat="60.2378140" lon="10.4948450">
    <ele>666.7</ele>
   </trkpt>
   <trkpt lat="60.2378170" lon="10.4947620">
    <ele>667.4</ele>
   </trkpt>
   <trkpt lat="60.2378170" lon="10.4947310">
    <ele>667.7</ele>
   </trkpt>
   <trkpt lat="60.2378110" lon="10.4946400">
    <ele>668.5</ele>
   </trkpt>
   <trkpt lat="60.2378150" lon="10.4946000">
    <ele>668.9</ele>
   </trkpt>
   <trkpt lat="60.2378200" lon="10.4945590">
    <ele>669.2</ele>
   </trkpt>
   <trkpt lat="60.2378270" lon="10.4944860">
    <ele>669.9</ele>
   </trkpt>
   <trkpt lat="60.2378440" lon="10.4943700">
    <ele>670.9</ele>
   </trkpt>
   <trkpt lat="60.2378600" lon="10.4943320">
    <ele>671.4</ele>
   </trkpt>
   <trkpt lat="60.2378970" lon="10.4942470">
    <ele>672.3</ele>
   </trkpt>
   <trkpt lat="60.2379120" lon="10.4941780">
    <ele>672.9</ele>
   </trkpt>
   <trkpt lat="60.2379200" lon="10.4940650">
    <ele>673.8</ele>
   </trkpt>
   <trkpt lat="60.2379240" lon="10.4939710">
    <ele>674.5</ele>
   </trkpt>
   <trkpt lat="60.2379510" lon="10.4938950">
    <ele>675.3</ele>
   </trkpt>
   <trkpt lat="60.2379820" lon="10.4938030">
    <ele>676.1</ele>
   </trkpt>
   <trkpt lat="60.2379910" lon="10.4937770">
    <ele>676.4</ele>
   </trkpt>
   <trkpt lat="60.2380200" lon="10.4937100">
    <ele>677.0</ele>
   </trkpt>
   <trkpt lat="60.2380330" lon="10.4936870">
    <ele>677.3</ele>
   </trkpt>
   <trkpt lat="60.2380600" lon="10.4936370">
    <ele>677.8</ele>
   </trkpt>
   <trkpt lat="60.2380620" lon="10.4936020">
    <ele>678.0</ele>
   </trkpt>
   <trkpt lat="60.2380640" lon="10.4935660">
    <ele>678.3</ele>
   </trkpt>
   <trkpt lat="60.2380610" lon="10.4934990">
    <ele>678.6</ele>
   </trkpt>
   <trkpt lat="60.2380600" lon="10.4933870">
    <ele>679.2</ele>
   </trkpt>
   <trkpt lat="60.2380640" lon="10.4933080">
    <ele>679.6</ele>
   </trkpt>
   <trkpt lat="60.2380740" lon="10.4932300">
    <ele>680.0</ele>
   </trkpt>
   <trkpt lat="60.2380960" lon="10.4931430">
    <ele>680.3</ele>
   </trkpt>
   <trkpt lat="60.2381070" lon="10.4930440">
    <ele>680.6</ele>
   </trkpt>
   <trkpt lat="60.2381170" lon="10.4929720">
    <ele>680.8</ele>
   </trkpt>
   <trkpt lat="60.2381210" lon="10.4928880">
    <ele>681.0</ele>
   </trkpt>
   <trkpt lat="60.2381130" lon="10.4927980">
    <ele>681.3</ele>
   </trkpt>
   <trkpt lat="60.2380990" lon="10.4927590">
    <ele>681.4</ele>
   </trkpt>
   <trkpt lat="60.2380820" lon="10.4926410">
    <ele>681.9</ele>
   </trkpt>
   <trkpt lat="60.2380650" lon="10.4925370">
    <ele>682.5</ele>
   </trkpt>
   <trkpt lat="60.2380650" lon="10.4925210">
    <ele>682.6</ele>
   </trkpt>
   <trkpt lat="60.2380620" lon="10.4924690">
    <ele>682.8</ele>
   </trkpt>
   <trkpt lat="60.2380140" lon="10.4922400">
    <ele>684.1</ele>
   </trkpt>
   <trkpt lat="60.2380030" lon="10.4921380">
    <ele>684.5</ele>
   </trkpt>
   <trkpt lat="60.2379940" lon="10.4920490">
    <ele>684.8</ele>
   </trkpt>
   <trkpt lat="60.2379530" lon="10.4918910">
    <ele>685.3</ele>
   </trkpt>
   <trkpt lat="60.2379720" lon="10.4917310">
    <ele>685.9</ele>
   </trkpt>
   <trkpt lat="60.2379830" lon="10.4917060">
    <ele>686.0</ele>
   </trkpt>
   <trkpt lat="60.2379910" lon="10.4914960">
    <ele>686.8</ele>
   </trkpt>
   <trkpt lat="60.2380130" lon="10.4913380">
    <ele>687.4</ele>
   </trkpt>
   <trkpt lat="60.2380240" lon="10.4912530">
    <ele>687.8</ele>
   </trkpt>
   <trkpt lat="60.2380520" lon="10.4911400">
    <ele>688.4</ele>
   </trkpt>
   <trkpt lat="60.2380810" lon="10.4911140">
    <ele>688.5</ele>
   </trkpt>
   <trkpt lat="60.2381300" lon="10.4910560">
    <ele>688.6</ele>
   </trkpt>
   <trkpt lat="60.2381340" lon="10.4910360">
    <ele>688.6</ele>
   </trkpt>
   <trkpt lat="60.2381360" lon="10.4910020">
    <ele>688.7</ele>
   </trkpt>
   <trkpt lat="60.2381570" lon="10.4909630">
    <ele>688.7</ele>
   </trkpt>
   <trkpt lat="60.2381530" lon="10.4909370">
    <ele>688.7</ele>
   </trkpt>
   <trkpt lat="60.2381500" lon="10.4909170">
    <ele>688.7</ele>
   </trkpt>
   <trkpt lat="60.2381590" lon="10.4909120">
    <ele>688.7</ele>
   </trkpt>
   <trkpt lat="60.2381550" lon="10.4908660">
    <ele>688.8</ele>
   </trkpt>
   <trkpt lat="60.2381850" lon="10.4907830">
    <ele>688.8</ele>
   </trkpt>
   <trkpt lat="60.2382450" lon="10.4907410">
    <ele>688.9</ele>
   </trkpt>
   <trkpt lat="60.2382650" lon="10.4907270">
    <ele>688.9</ele>
   </trkpt>
   <trkpt lat="60.2382970" lon="10.4907240">
    <ele>689.0</ele>
   </trkpt>
   <trkpt lat="60.2383300" lon="10.4907400">
    <ele>689.0</ele>
   </trkpt>
   <trkpt lat="60.2383330" lon="10.4907390">
    <ele>689.0</ele>
   </trkpt>
   <trkpt lat="60.2383610" lon="10.4907450">
    <ele>689.0</ele>
   </trkpt>
   <trkpt lat="60.2383700" lon="10.4907560">
    <ele>689.0</ele>
   </trkpt>
   <trkpt lat="60.2383980" lon="10.4907750">
    <ele>689.1</ele>
   </trkpt>
   <trkpt lat="60.2384130" lon="10.4907960">
    <ele>689.1</ele>
   </trkpt>
   <trkpt lat="60.2384390" lon="10.4908780">
    <ele>689.1</ele>
   </trkpt>
   <trkpt lat="60.2384650" lon="10.4909090">
    <ele>689.2</ele>
   </trkpt>
   <trkpt lat="60.2384990" lon="10.4909270">
    <ele>689.2</ele>
   </trkpt>
   <trkpt lat="60.2385130" lon="10.4909560">
    <ele>689.2</ele>
   </trkpt>
   <trkpt lat="60.2385280" lon="10.4909970">
    <ele>689.2</ele>
   </trkpt>
   <trkpt lat="60.2385580" lon="10.4910360">
    <ele>689.3</ele>
   </trkpt>
   <trkpt lat="60.2385880" lon="10.4910830">
    <ele>689.3</ele>
   </trkpt>
   <trkpt lat="60.2386180" lon="10.4911130">
    <ele>689.3</ele>
   </trkpt>
   <trkpt lat="60.2386260" lon="10.4911190">
    <ele>689.3</ele>
   </trkpt>
   <trkpt lat="60.2386430" lon="10.4911300">
    <ele>689.3</ele>
   </trkpt>
   <trkpt lat="60.2386570" lon="10.4911300">
    <ele>689.3</ele>
   </trkpt>
   <trkpt lat="60.2386630" lon="10.4911290">
    <ele>689.4</ele>
   </trkpt>
   <trkpt lat="60.2386640" lon="10.4911120">
    <ele>689.4</ele>
   </trkpt>
   <trkpt lat="60.2386650" lon="10.4911150">
    <ele>689.4</ele>
   </trkpt>
   <trkpt lat="60.2386560" lon="10.4911040">
    <ele>689.4</ele>
   </trkpt>
   <trkpt lat="60.2386240" lon="10.4910770">
    <ele>689.4</ele>
   </trkpt>
   <trkpt lat="60.2386120" lon="10.4910670">
    <ele>689.4</ele>
   </trkpt>
   <trkpt lat="60.2386540" lon="10.4911710">
    <ele>689.4</ele>
   </trkpt>
   <trkpt lat="60.2386650" lon="10.4911910">
    <ele>689.4</ele>
   </trkpt>
   <trkpt lat="60.2386880" lon="10.4912220">
    <ele>689.5</ele>
   </trkpt>
   <trkpt lat="60.2386840" lon="10.4912140">
    <ele>689.5</ele>
   </trkpt>
   <trkpt lat="60.2387190" lon="10.4911780">
    <ele>689.5</ele>
   </trkpt>
   <trkpt lat="60.2387180" lon="10.4911500">
    <ele>689.5</ele>
   </trkpt>
   <trkpt lat="60.2387070" lon="10.4911660">
    <ele>689.5</ele>
   </trkpt>
   <trkpt lat="60.2387080" lon="10.4911650">
    <ele>689.5</ele>
   </trkpt>
   <trkpt lat="60.2387370" lon="10.4911630">
    <ele>689.5</ele>
   </trkpt>
   <trkpt lat="60.2387400" lon="10.4911680">
    <ele>689.5</ele>
   </trkpt>
   <trkpt lat="60.2387380" lon="10.4911790">
    <ele>689.5</ele>
   </trkpt>
   <trkpt lat="60.2387360" lon="10.4911820">
    <ele>689.5</ele>
   </trkpt>
   <trkpt lat="60.2387320" lon="10.4911830">
    <ele>689.5</ele>
   </trkpt>
   <trkpt lat="60.2386930" lon="10.4911740">
    <ele>689.5</ele>
   </trkpt>
   <trkpt lat="60.2386910" lon="10.4911730">
    <ele>689.5</ele>
   </trkpt>
   <trkpt lat="60.2386780" lon="10.4912090">
    <ele>689.5</ele>
   </trkpt>
   <trkpt lat="60.2386920" lon="10.4912110">
    <ele>689.5</ele>
   </trkpt>
   <trkpt lat="60.2386900" lon="10.4912150">
    <ele>689.5</ele>
   </trkpt>
   <trkpt lat="60.2387030" lon="10.4911910">
    <ele>689.5</ele>
   </trkpt>
   <trkpt lat="60.2387060" lon="10.4911900">
    <ele>689.6</ele>
   </trkpt>
   <trkpt lat="60.2387180" lon="10.4911760">
    <ele>689.6</ele>
   </trkpt>
   <trkpt lat="60.2387190" lon="10.4911540">
    <ele>689.6</ele>
   </trkpt>
   <trkpt lat="60.2387000" lon="10.4911680">
    <ele>689.6</ele>
   </trkpt>
   <trkpt lat="60.2387270" lon="10.4911450">
    <ele>689.6</ele>
   </trkpt>
   <trkpt lat="60.2387330" lon="10.4911400">
    <ele>689.6</ele>
   </trkpt>
   <trkpt lat="60.2387130" lon="10.4911380">
    <ele>689.6</ele>
   </trkpt>
   <trkpt lat="60.2387130" lon="10.4911380">
    <ele>689.6</ele>
   </trkpt>
   <trkpt lat="60.2386660" lon="10.4911250">
    <ele>689.6</ele>
   </trkpt>
   <trkpt lat="60.2386090" lon="10.4910900">
    <ele>689.6</ele>
   </trkpt>
   <trkpt lat="60.2385720" lon="10.4910090">
    <ele>689.6</ele>
   </trkpt>
   <trkpt lat="60.2385640" lon="10.4909400">
    <ele>689.6</ele>
   </trkpt>
   <trkpt lat="60.2385630" lon="10.4909120">
    <ele>689.6</ele>
   </trkpt>
   <trkpt lat="60.2385630" lon="10.4908850">
    <ele>689.6</ele>
   </trkpt>
   <trkpt lat="60.2385560" lon="10.4908330">
    <ele>689.6</ele>
   </trkpt>
   <trkpt lat="60.2385350" lon="10.4907800">
    <ele>689.6</ele>
   </trkpt>
   <trkpt lat="60.2385130" lon="10.4907290">
    <ele>689.6</ele>
   </trkpt>
   <trkpt lat="60.2383910" lon="10.4906150">
    <ele>689.7</ele>
   </trkpt>
   <trkpt lat="60.2383650" lon="10.4906140">
    <ele>689.7</ele>
   </trkpt>
   <trkpt lat="60.2383350" lon="10.4906510">
    <ele>689.6</ele>
   </trkpt>
   <trkpt lat="60.2383230" lon="10.4906860">
    <ele>689.6</ele>
   </trkpt>
   <trkpt lat="60.2383120" lon="10.4907340">
    <ele>689.6</ele>
   </trkpt>
   <trkpt lat="60.2382880" lon="10.4907890">
    <ele>689.6</ele>
   </trkpt>
   <trkpt lat="60.2382720" lon="10.4908580">
    <ele>689.5</ele>
   </trkpt>
   <trkpt lat="60.2382450" lon="10.4908870">
    <ele>689.5</ele>
   </trkpt>
   <trkpt lat="60.2382300" lon="10.4909120">
    <ele>689.4</ele>
   </trkpt>
   <trkpt lat="60.2382160" lon="10.4909480">
    <ele>689.4</ele>
   </trkpt>
   <trkpt lat="60.2381960" lon="10.4909810">
    <ele>689.3</ele>
   </trkpt>
   <trkpt lat="60.2381510" lon="10.4910000">
    <ele>689.2</ele>
   </trkpt>
   <trkpt lat="60.2381140" lon="10.4909800">
    <ele>689.1</ele>
   </trkpt>
   <trkpt lat="60.2380930" lon="10.4909930">
    <ele>689.0</ele>
   </trkpt>
   <trkpt lat="60.2380720" lon="10.4910030">
    <ele>688.9</ele>
   </trkpt>
   <trkpt lat="60.2380540" lon="10.4910160">
    <ele>688.8</ele>
   </trkpt>
   <trkpt lat="60.2380340" lon="10.4910480">
    <ele>688.7</ele>
   </trkpt>
   <trkpt lat="60.2380200" lon="10.4910850">
    <ele>688.6</ele>
   </trkpt>
   <trkpt lat="60.2380150" lon="10.4912500">
    <ele>687.8</ele>
   </trkpt>
   <trkpt lat="60.2380290" lon="10.4915250">
    <ele>686.7</ele>
   </trkpt>
   <trkpt lat="60.2380260" lon="10.4915780">
    <ele>686.5</ele>
   </trkpt>
   <trkpt lat="60.2380250" lon="10.4916830">
    <ele>686.1</ele>
   </trkpt>
   <trkpt lat="60.2380490" lon="10.4919820">
    <ele>685.1</ele>
   </trkpt>
   <trkpt lat="60.2380580" lon="10.4920600">
    <ele>684.8</ele>
   </trkpt>
   <trkpt lat="60.2381250" lon="10.4922930">
    <ele>683.9</ele>
   </trkpt>
   <trkpt lat="60.2381680" lon="10.4926190">
    <ele>682.1</ele>
   </trkpt>
   <trkpt lat="60.2381750" lon="10.4927210">
    <ele>681.7</ele>
   </trkpt>
   <trkpt lat="60.2381930" lon="10.4928140">
    <ele>681.3</ele>
   </trkpt>
   <trkpt lat="60.2382020" lon="10.4929230">
    <ele>681.0</ele>
   </trkpt>
   <trkpt lat="60.2381900" lon="10.4930870">
    <ele>680.6</ele>
   </trkpt>
   <trkpt lat="60.2381370" lon="10.4933850">
    <ele>679.4</ele>
   </trkpt>
   <trkpt lat="60.2380970" lon="10.4935500">
    <ele>678.4</ele>
   </trkpt>
   <trkpt lat="60.2380570" lon="10.4937130">
    <ele>677.3</ele>
   </trkpt>
   <trkpt lat="60.2380380" lon="10.4937630">
    <ele>676.8</ele>
   </trkpt>
   <trkpt lat="60.2380070" lon="10.4938610">
    <ele>675.9</ele>
   </trkpt>
   <trkpt lat="60.2379850" lon="10.4939900">
    <ele>674.9</ele>
   </trkpt>
   <trkpt lat="60.2379840" lon="10.4940370">
    <ele>674.5</ele>
   </trkpt>
   <trkpt lat="60.2379630" lon="10.4941400">
    <ele>673.6</ele>
   </trkpt>
   <trkpt lat="60.2379480" lon="10.4942370">
    <ele>672.7</ele>
   </trkpt>
   <trkpt lat="60.2379160" lon="10.4944300">
    <ele>671.1</ele>
   </trkpt>
   <trkpt lat="60.2379050" lon="10.4944780">
    <ele>670.6</ele>
   </trkpt>
   <trkpt lat="60.2378740" lon="10.4946780">
    <ele>668.8</ele>
   </trkpt>
   <trkpt lat="60.2378660" lon="10.4947740">
    <ele>667.9</ele>
   </trkpt>
   <trkpt lat="60.2378430" lon="10.4949310">
    <ele>666.4</ele>
   </trkpt>
   <trkpt lat="60.2378340" lon="10.4950340">
    <ele>665.4</ele>
   </trkpt>
   <trkpt lat="60.2378280" lon="10.4951460">
    <ele>664.4</ele>
   </trkpt>
   <trkpt lat="60.2378230" lon="10.4952070">
    <ele>663.8</ele>
   </trkpt>
   <trkpt lat="60.2378140" lon="10.4952660">
    <ele>663.3</ele>
   </trkpt>
   <trkpt lat="60.2377910" lon="10.4953780">
    <ele>662.4</ele>
   </trkpt>
   <trkpt lat="60.2377560" lon="10.4954720">
    <ele>661.7</ele>
   </trkpt>
   <trkpt lat="60.2377420" lon="10.4955550">
    <ele>661.1</ele>
   </trkpt>
   <trkpt lat="60.2377420" lon="10.4956040">
    <ele>660.9</ele>
   </trkpt>
   <trkpt lat="60.2377250" lon="10.4956880">
    <ele>660.3</ele>
   </trkpt>
   <trkpt lat="60.2376770" lon="10.4958820">
    <ele>658.8</ele>
   </trkpt>
   <trkpt lat="60.2376700" lon="10.4959190">
    <ele>658.5</ele>
   </trkpt>
   <trkpt lat="60.2376080" lon="10.4960160">
    <ele>657.0</ele>
   </trkpt>
   <trkpt lat="60.2375650" lon="10.4961560">
    <ele>655.6</ele>
   </trkpt>
   <trkpt lat="60.2375530" lon="10.4962780">
    <ele>654.7</ele>
   </trkpt>
   <trkpt lat="60.2375450" lon="10.4964500">
    <ele>653.6</ele>
   </trkpt>
   <trkpt lat="60.2375360" lon="10.4964920">
    <ele>652.9</ele>
   </trkpt>
   <trkpt lat="60.2375250" lon="10.4965090">
    <ele>652.8</ele>
   </trkpt>
   <trkpt lat="60.2375190" lon="10.4965190">
    <ele>652.7</ele>
   </trkpt>
   <trkpt lat="60.2375060" lon="10.4965090">
    <ele>652.6</ele>
   </trkpt>
   <trkpt lat="60.2374830" lon="10.4964750">
    <ele>652.4</ele>
   </trkpt>
   <trkpt lat="60.2374400" lon="10.4963890">
    <ele>652.0</ele>
   </trkpt>
   <trkpt lat="60.2374200" lon="10.4962910">
    <ele>651.6</ele>
   </trkpt>
   <trkpt lat="60.2374140" lon="10.4962430">
    <ele>651.4</ele>
   </trkpt>
   <trkpt lat="60.2373800" lon="10.4960890">
    <ele>650.4</ele>
   </trkpt>
   <trkpt lat="60.2373520" lon="10.4960610">
    <ele>649.9</ele>
   </trkpt>
   <trkpt lat="60.2373240" lon="10.4960340">
    <ele>649.5</ele>
   </trkpt>
   <trkpt lat="60.2372570" lon="10.4959750">
    <ele>648.2</ele>
   </trkpt>
   <trkpt lat="60.2371980" lon="10.4959280">
    <ele>647.1</ele>
   </trkpt>
   <trkpt lat="60.2371570" lon="10.4959140">
    <ele>646.4</ele>
   </trkpt>
   <trkpt lat="60.2371430" lon="10.4958960">
    <ele>646.1</ele>
   </trkpt>
   <trkpt lat="60.2371260" lon="10.4958700">
    <ele>645.8</ele>
   </trkpt>
   <trkpt lat="60.2371020" lon="10.4958560">
    <ele>645.4</ele>
   </trkpt>
   <trkpt lat="60.2370520" lon="10.4958340">
    <ele>644.5</ele>
   </trkpt>
   <trkpt lat="60.2369900" lon="10.4957830">
    <ele>643.4</ele>
   </trkpt>
   <trkpt lat="60.2369340" lon="10.4957460">
    <ele>642.5</ele>
   </trkpt>
   <trkpt lat="60.2368640" lon="10.4957210">
    <ele>641.6</ele>
   </trkpt>
   <trkpt lat="60.2367090" lon="10.4958560">
    <ele>639.8</ele>
   </trkpt>
   <trkpt lat="60.2366850" lon="10.4958760">
    <ele>639.8</ele>
   </trkpt>
   <trkpt lat="60.2366610" lon="10.4958970">
    <ele>639.7</ele>
   </trkpt>
   <trkpt lat="60.2366370" lon="10.4959180">
    <ele>639.7</ele>
   </trkpt>
   <trkpt lat="60.2366120" lon="10.4959490">
    <ele>639.7</ele>
   </trkpt>
   <trkpt lat="60.2365920" lon="10.4959810">
    <ele>639.7</ele>
   </trkpt>
   <trkpt lat="60.2365500" lon="10.4960650">
    <ele>639.6</ele>
   </trkpt>
   <trkpt lat="60.2365300" lon="10.4961090">
    <ele>639.6</ele>
   </trkpt>
   <trkpt lat="60.2364030" lon="10.4963850">
    <ele>639.7</ele>
   </trkpt>
   <trkpt lat="60.2363830" lon="10.4964500">
    <ele>639.8</ele>
   </trkpt>
   <trkpt lat="60.2363110" lon="10.4967730">
    <ele>640.2</ele>
   </trkpt>
   <trkpt lat="60.2363140" lon="10.4968480">
    <ele>640.3</ele>
   </trkpt>
   <trkpt lat="60.2363540" lon="10.4971430">
    <ele>640.7</ele>
   </trkpt>
   <trkpt lat="60.2363270" lon="10.4973900">
    <ele>641.1</ele>
   </trkpt>
   <trkpt lat="60.2362930" lon="10.4974430">
    <ele>640.8</ele>
   </trkpt>
   <trkpt lat="60.2362920" lon="10.4974070">
    <ele>640.8</ele>
   </trkpt>
   <trkpt lat="60.2362460" lon="10.4973830">
    <ele>640.6</ele>
   </trkpt>
   <trkpt lat="60.2362160" lon="10.4973820">
    <ele>640.4</ele>
   </trkpt>
   <trkpt lat="60.2361490" lon="10.4973640">
    <ele>640.1</ele>
   </trkpt>
   <trkpt lat="60.2361450" lon="10.4973640">
    <ele>640.0</ele>
   </trkpt>
   <trkpt lat="60.2361410" lon="10.4973790">
    <ele>640.0</ele>
   </trkpt>
   <trkpt lat="60.2361280" lon="10.4973740">
    <ele>640.0</ele>
   </trkpt>
   <trkpt lat="60.2361260" lon="10.4973920">
    <ele>640.0</ele>
   </trkpt>
   <trkpt lat="60.2361060" lon="10.4974520">
    <ele>640.0</ele>
   </trkpt>
   <trkpt lat="60.2360970" lon="10.4974750">
    <ele>640.1</ele>
   </trkpt>
   <trkpt lat="60.2360610" lon="10.4975230">
    <ele>640.7</ele>
   </trkpt>
   <trkpt lat="60.2360530" lon="10.4975250">
    <ele>640.7</ele>
   </trkpt>
   <trkpt lat="60.2360170" lon="10.4975720">
    <ele>641.8</ele>
   </trkpt>
   <trkpt lat="60.2360090" lon="10.4975790">
    <ele>641.8</ele>
   </trkpt>
   <trkpt lat="60.2359700" lon="10.4975910">
    <ele>643.4</ele>
   </trkpt>
   <trkpt lat="60.2359350" lon="10.4975910">
    <ele>644.3</ele>
   </trkpt>
   <trkpt lat="60.2359350" lon="10.4975980">
    <ele>644.3</ele>
   </trkpt>
   <trkpt lat="60.2359360" lon="10.4976180">
    <ele>644.6</ele>
   </trkpt>
   <trkpt lat="60.2359370" lon="10.4976240">
    <ele>644.6</ele>
   </trkpt>
   <trkpt lat="60.2359290" lon="10.4976460">
    <ele>645.6</ele>
   </trkpt>
   <trkpt lat="60.2358670" lon="10.4976590">
    <ele>649.4</ele>
   </trkpt>
   <trkpt lat="60.2358270" lon="10.4976740">
    <ele>651.7</ele>
   </trkpt>
   <trkpt lat="60.2358060" lon="10.4977000">
    <ele>653.1</ele>
   </trkpt>
   <trkpt lat="60.2357470" lon="10.4978200">
    <ele>655.6</ele>
   </trkpt>
   <trkpt lat="60.2357010" lon="10.4979020">
    <ele>657.6</ele>
   </trkpt>
   <trkpt lat="60.2356990" lon="10.4979300">
    <ele>658.4</ele>
   </trkpt>
   <trkpt lat="60.2356770" lon="10.4979800">
    <ele>659.2</ele>
   </trkpt>
   <trkpt lat="60.2356620" lon="10.4979830">
    <ele>659.2</ele>
   </trkpt>
   <trkpt lat="60.2356570" lon="10.4979980">
    <ele>659.9</ele>
   </trkpt>
   <trkpt lat="60.2356470" lon="10.4979990">
    <ele>659.9</ele>
   </trkpt>
   <trkpt lat="60.2356350" lon="10.4979960">
    <ele>660.5</ele>
   </trkpt>
   <trkpt lat="60.2355960" lon="10.4979970">
    <ele>661.0</ele>
   </trkpt>
   <trkpt lat="60.2355690" lon="10.4980260">
    <ele>662.1</ele>
   </trkpt>
   <trkpt lat="60.2355510" lon="10.4980500">
    <ele>662.2</ele>
   </trkpt>
   <trkpt lat="60.2355380" lon="10.4980640">
    <ele>662.7</ele>
   </trkpt>
   <trkpt lat="60.2355200" lon="10.4980930">
    <ele>663.2</ele>
   </trkpt>
   <trkpt lat="60.2355120" lon="10.4980950">
    <ele>663.2</ele>
   </trkpt>
   <trkpt lat="60.2355000" lon="10.4980970">
    <ele>663.6</ele>
   </trkpt>
   <trkpt lat="60.2354610" lon="10.4980880">
    <ele>664.4</ele>
   </trkpt>
   <trkpt lat="60.2354350" lon="10.4980710">
    <ele>664.7</ele>
   </trkpt>
   <trkpt lat="60.2353910" lon="10.4980470">
    <ele>665.2</ele>
   </trkpt>
   <trkpt lat="60.2353250" lon="10.4980050">
    <ele>665.8</ele>
   </trkpt>
   <trkpt lat="60.2352900" lon="10.4980060">
    <ele>666.0</ele>
   </trkpt>
   <trkpt lat="60.2352720" lon="10.4979980">
    <ele>666.1</ele>
   </trkpt>
   <trkpt lat="60.2351910" lon="10.4979570">
    <ele>666.2</ele>
   </trkpt>
   <trkpt lat="60.2351440" lon="10.4979170">
    <ele>666.3</ele>
   </trkpt>
   <trkpt lat="60.2351090" lon="10.4979350">
    <ele>666.3</ele>
   </trkpt>
   <trkpt lat="60.2350390" lon="10.4979720">
    <ele>666.1</ele>
   </trkpt>
   <trkpt lat="60.2350200" lon="10.4979710">
    <ele>666.1</ele>
   </trkpt>
   <trkpt lat="60.2350030" lon="10.4979630">
    <ele>665.9</ele>
   </trkpt>
   <trkpt lat="60.2349750" lon="10.4979260">
    <ele>665.5</ele>
   </trkpt>
   <trkpt lat="60.2349410" lon="10.4978920">
    <ele>665.1</ele>
   </trkpt>
   <trkpt lat="60.2349410" lon="10.4978920">
    <ele>665.1</ele>
   </trkpt>
   <trkpt lat="60.2349100" lon="10.4978730">
    <ele>664.4</ele>
   </trkpt>
   <trkpt lat="60.2348540" lon="10.4978570">
    <ele>663.4</ele>
   </trkpt>
   <trkpt lat="60.2347960" lon="10.4979040">
    <ele>662.4</ele>
   </trkpt>
   <trkpt lat="60.2347830" lon="10.4979220">
    <ele>662.2</ele>
   </trkpt>
   <trkpt lat="60.2347630" lon="10.4980410">
    <ele>662.5</ele>
   </trkpt>
   <trkpt lat="60.2347430" lon="10.4981120">
    <ele>662.3</ele>
   </trkpt>
   <trkpt lat="60.2347280" lon="10.4981640">
    <ele>662.0</ele>
   </trkpt>
   <trkpt lat="60.2347140" lon="10.4981780">
    <ele>661.8</ele>
   </trkpt>
   <trkpt lat="60.2346670" lon="10.4981910">
    <ele>661.3</ele>
   </trkpt>
   <trkpt lat="60.2346200" lon="10.4981990">
    <ele>661.0</ele>
   </trkpt>
   <trkpt lat="60.2346070" lon="10.4982230">
    <ele>660.9</ele>
   </trkpt>
   <trkpt lat="60.2345810" lon="10.4983240">
    <ele>660.8</ele>
   </trkpt>
   <trkpt lat="60.2345570" lon="10.4983830">
    <ele>660.8</ele>
   </trkpt>
   <trkpt lat="60.2345410" lon="10.4984080">
    <ele>660.7</ele>
   </trkpt>
   <trkpt lat="60.2345050" lon="10.4984430">
    <ele>660.7</ele>
   </trkpt>
   <trkpt lat="60.2344590" lon="10.4984500">
    <ele>660.6</ele>
   </trkpt>
   <trkpt lat="60.2344570" lon="10.4984920">
    <ele>660.6</ele>
   </trkpt>
   <trkpt lat="60.2344530" lon="10.4986730">
    <ele>660.6</ele>
   </trkpt>
   <trkpt lat="60.2344510" lon="10.4987600">
    <ele>660.5</ele>
   </trkpt>
   <trkpt lat="60.2344470" lon="10.4988010">
    <ele>660.4</ele>
   </trkpt>
   <trkpt lat="60.2343930" lon="10.4989870">
    <ele>659.9</ele>
   </trkpt>
   <trkpt lat="60.2343000" lon="10.4992180">
    <ele>659.5</ele>
   </trkpt>
   <trkpt lat="60.2342130" lon="10.4994660">
    <ele>659.4</ele>
   </trkpt>
   <trkpt lat="60.2341730" lon="10.4996590">
    <ele>659.5</ele>
   </trkpt>
   <trkpt lat="60.2341600" lon="10.4996830">
    <ele>659.7</ele>
   </trkpt>
   <trkpt lat="60.2340790" lon="10.4997550">
    <ele>660.5</ele>
   </trkpt>
   <trkpt lat="60.2340380" lon="10.4998560">
    <ele>660.8</ele>
   </trkpt>
   <trkpt lat="60.2340280" lon="10.4998880">
    <ele>661.2</ele>
   </trkpt>
   <trkpt lat="60.2340150" lon="10.4999390">
    <ele>661.5</ele>
   </trkpt>
   <trkpt lat="60.2339890" lon="10.4999520">
    <ele>661.8</ele>
   </trkpt>
   <trkpt lat="60.2339750" lon="10.4999620">
    <ele>661.8</ele>
   </trkpt>
   <trkpt lat="60.2339400" lon="10.5000190">
    <ele>662.6</ele>
   </trkpt>
   <trkpt lat="60.2339190" lon="10.5000770">
    <ele>662.9</ele>
   </trkpt>
   <trkpt lat="60.2339110" lon="10.5001070">
    <ele>663.0</ele>
   </trkpt>
   <trkpt lat="60.2338930" lon="10.5001790">
    <ele>663.4</ele>
   </trkpt>
   <trkpt lat="60.2338880" lon="10.5002060">
    <ele>663.7</ele>
   </trkpt>
   <trkpt lat="60.2338860" lon="10.5002200">
    <ele>663.7</ele>
   </trkpt>
   <trkpt lat="60.2338130" lon="10.5003330">
    <ele>664.5</ele>
   </trkpt>
   <trkpt lat="60.2337950" lon="10.5003530">
    <ele>664.7</ele>
   </trkpt>
   <trkpt lat="60.2337790" lon="10.5003580">
    <ele>664.9</ele>
   </trkpt>
   <trkpt lat="60.2337470" lon="10.5003810">
    <ele>665.0</ele>
   </trkpt>
   <trkpt lat="60.2337290" lon="10.5004000">
    <ele>665.1</ele>
   </trkpt>
   <trkpt lat="60.2336710" lon="10.5004740">
    <ele>665.4</ele>
   </trkpt>
   <trkpt lat="60.2336380" lon="10.5005000">
    <ele>665.3</ele>
   </trkpt>
   <trkpt lat="60.2336100" lon="10.5005180">
    <ele>665.4</ele>
   </trkpt>
   <trkpt lat="60.2336020" lon="10.5005380">
    <ele>665.3</ele>
   </trkpt>
   <trkpt lat="60.2335530" lon="10.5006550">
    <ele>665.1</ele>
   </trkpt>
   <trkpt lat="60.2335430" lon="10.5006910">
    <ele>665.1</ele>
   </trkpt>
   <trkpt lat="60.2334800" lon="10.5008600">
    <ele>665.1</ele>
   </trkpt>
   <trkpt lat="60.2334340" lon="10.5009690">
    <ele>665.1</ele>
   </trkpt>
   <trkpt lat="60.2333750" lon="10.5010100">
    <ele>665.4</ele>
   </trkpt>
   <trkpt lat="60.2333310" lon="10.5011000">
    <ele>665.7</ele>
   </trkpt>
   <trkpt lat="60.2332860" lon="10.5012010">
    <ele>666.2</ele>
   </trkpt>
   <trkpt lat="60.2332510" lon="10.5012910">
    <ele>666.5</ele>
   </trkpt>
   <trkpt lat="60.2332160" lon="10.5013670">
    <ele>667.0</ele>
   </trkpt>
   <trkpt lat="60.2332020" lon="10.5013740">
    <ele>667.4</ele>
   </trkpt>
   <trkpt lat="60.2331860" lon="10.5014040">
    <ele>667.3</ele>
   </trkpt>
   <trkpt lat="60.2331640" lon="10.5014700">
    <ele>668.0</ele>
   </trkpt>
   <trkpt lat="60.2331630" lon="10.5015320">
    <ele>667.9</ele>
   </trkpt>
   <trkpt lat="60.2331600" lon="10.5015630">
    <ele>667.9</ele>
   </trkpt>
   <trkpt lat="60.2331460" lon="10.5016530">
    <ele>667.9</ele>
   </trkpt>
   <trkpt lat="60.2331480" lon="10.5017150">
    <ele>667.9</ele>
   </trkpt>
   <trkpt lat="60.2331550" lon="10.5017640">
    <ele>668.0</ele>
   </trkpt>
   <trkpt lat="60.2331400" lon="10.5018070">
    <ele>668.3</ele>
   </trkpt>
   <trkpt lat="60.2331350" lon="10.5018420">
    <ele>668.4</ele>
   </trkpt>
   <trkpt lat="60.2331140" lon="10.5019510">
    <ele>668.8</ele>
   </trkpt>
   <trkpt lat="60.2330880" lon="10.5020070">
    <ele>669.0</ele>
   </trkpt>
   <trkpt lat="60.2330630" lon="10.5020610">
    <ele>669.2</ele>
   </trkpt>
   <trkpt lat="60.2330060" lon="10.5020710">
    <ele>669.7</ele>
   </trkpt>
   <trkpt lat="60.2329680" lon="10.5020830">
    <ele>669.9</ele>
   </trkpt>
   <trkpt lat="60.2329400" lon="10.5020820">
    <ele>670.0</ele>
   </trkpt>
   <trkpt lat="60.2329190" lon="10.5020650">
    <ele>670.1</ele>
   </trkpt>
   <trkpt lat="60.2328920" lon="10.5020440">
    <ele>670.2</ele>
   </trkpt>
   <trkpt lat="60.2328800" lon="10.5020570">
    <ele>670.3</ele>
   </trkpt>
   <trkpt lat="60.2328670" lon="10.5020700">
    <ele>670.3</ele>
   </trkpt>
   <trkpt lat="60.2328460" lon="10.5021570">
    <ele>670.3</ele>
   </trkpt>
   <trkpt lat="60.2328190" lon="10.5022060">
    <ele>670.3</ele>
   </trkpt>
   <trkpt lat="60.2328070" lon="10.5022160">
    <ele>670.3</ele>
   </trkpt>
   <trkpt lat="60.2326950" lon="10.5022660">
    <ele>670.4</ele>
   </trkpt>
   <trkpt lat="60.2326460" lon="10.5023100">
    <ele>670.3</ele>
   </trkpt>
   <trkpt lat="60.2326340" lon="10.5023190">
    <ele>670.3</ele>
   </trkpt>
   <trkpt lat="60.2325790" lon="10.5023020">
    <ele>670.2</ele>
   </trkpt>
   <trkpt lat="60.2325420" lon="10.5022960">
    <ele>670.2</ele>
   </trkpt>
   <trkpt lat="60.2324380" lon="10.5023650">
    <ele>669.9</ele>
   </trkpt>
   <trkpt lat="60.2324190" lon="10.5023920">
    <ele>669.8</ele>
   </trkpt>
   <trkpt lat="60.2324050" lon="10.5024250">
    <ele>669.5</ele>
   </trkpt>
   <trkpt lat="60.2323750" lon="10.5025230">
    <ele>668.9</ele>
   </trkpt>
   <trkpt lat="60.2323530" lon="10.5025860">
    <ele>668.6</ele>
   </trkpt>
   <trkpt lat="60.2323280" lon="10.5026700">
    <ele>668.1</ele>
   </trkpt>
   <trkpt lat="60.2323070" lon="10.5027320">
    <ele>667.6</ele>
   </trkpt>
   <trkpt lat="60.2323010" lon="10.5027670">
    <ele>667.4</ele>
   </trkpt>
   <trkpt lat="60.2322540" lon="10.5029980">
    <ele>666.2</ele>
   </trkpt>
   <trkpt lat="60.2321430" lon="10.5031320">
    <ele>665.6</ele>
   </trkpt>
   <trkpt lat="60.2320460" lon="10.5032790">
    <ele>664.4</ele>
   </trkpt>
   <trkpt lat="60.2320140" lon="10.5033250">
    <ele>663.9</ele>
   </trkpt>
   <trkpt lat="60.2319950" lon="10.5033490">
    <ele>663.8</ele>
   </trkpt>
   <trkpt lat="60.2319730" lon="10.5033620">
    <ele>663.3</ele>
   </trkpt>
   <trkpt lat="60.2319570" lon="10.5033880">
    <ele>663.2</ele>
   </trkpt>
   <trkpt lat="60.2319010" lon="10.5034810">
    <ele>662.1</ele>
   </trkpt>
   <trkpt lat="60.2318890" lon="10.5034770">
    <ele>662.1</ele>
   </trkpt>
   <trkpt lat="60.2318320" lon="10.5034850">
    <ele>661.7</ele>
   </trkpt>
   <trkpt lat="60.2318130" lon="10.5035070">
    <ele>661.3</ele>
   </trkpt>
   <trkpt lat="60.2317070" lon="10.5036770">
    <ele>660.5</ele>
   </trkpt>
   <trkpt lat="60.2316950" lon="10.5036960">
    <ele>660.5</ele>
   </trkpt>
   <trkpt lat="60.2316830" lon="10.5037150">
    <ele>660.5</ele>
   </trkpt>
   <trkpt lat="60.2316430" lon="10.5037430">
    <ele>660.5</ele>
   </trkpt>
   <trkpt lat="60.2315950" lon="10.5037440">
    <ele>660.5</ele>
   </trkpt>
   <trkpt lat="60.2315710" lon="10.5037320">
    <ele>660.5</ele>
   </trkpt>
   <trkpt lat="60.2315470" lon="10.5036390">
    <ele>660.5</ele>
   </trkpt>
   <trkpt lat="60.2315330" lon="10.5036110">
    <ele>660.6</ele>
   </trkpt>
   <trkpt lat="60.2314880" lon="10.5035450">
    <ele>660.5</ele>
   </trkpt>
   <trkpt lat="60.2314760" lon="10.5035320">
    <ele>660.5</ele>
   </trkpt>
   <trkpt lat="60.2314150" lon="10.5035210">
    <ele>660.5</ele>
   </trkpt>
   <trkpt lat="60.2313680" lon="10.5034610">
    <ele>660.5</ele>
   </trkpt>
   <trkpt lat="60.2313140" lon="10.5034230">
    <ele>660.4</ele>
   </trkpt>
   <trkpt lat="60.2312650" lon="10.5033490">
    <ele>660.4</ele>
   </trkpt>
   <trkpt lat="60.2311890" lon="10.5032540">
    <ele>660.5</ele>
   </trkpt>
   <trkpt lat="60.2311330" lon="10.5032270">
    <ele>660.5</ele>
   </trkpt>
   <trkpt lat="60.2310800" lon="10.5031590">
    <ele>660.5</ele>
   </trkpt>
   <trkpt lat="60.2310410" lon="10.5031730">
    <ele>660.5</ele>
   </trkpt>
   <trkpt lat="60.2308800" lon="10.5031050">
    <ele>660.8</ele>
   </trkpt>
   <trkpt lat="60.2308730" lon="10.5030980">
    <ele>660.9</ele>
   </trkpt>
   <trkpt lat="60.2308590" lon="10.5031210">
    <ele>660.8</ele>
   </trkpt>
   <trkpt lat="60.2308290" lon="10.5031000">
    <ele>660.8</ele>
   </trkpt>
   <trkpt lat="60.2308170" lon="10.5030840">
    <ele>660.8</ele>
   </trkpt>
   <trkpt lat="60.2306960" lon="10.5029530">
    <ele>660.9</ele>
   </trkpt>
   <trkpt lat="60.2306710" lon="10.5029090">
    <ele>660.9</ele>
   </trkpt>
   <trkpt lat="60.2306620" lon="10.5028790">
    <ele>661.0</ele>
   </trkpt>
   <trkpt lat="60.2306550" lon="10.5028320">
    <ele>661.1</ele>
   </trkpt>
   <trkpt lat="60.2306520" lon="10.5027700">
    <ele>661.3</ele>
   </trkpt>
   <trkpt lat="60.2306550" lon="10.5027480">
    <ele>661.4</ele>
   </trkpt>
   <trkpt lat="60.2306540" lon="10.5027560">
    <ele>661.4</ele>
   </trkpt>
   <trkpt lat="60.2304680" lon="10.5026100">
    <ele>660.1</ele>
   </trkpt>
   <trkpt lat="60.2304400" lon="10.5026070">
    <ele>660.1</ele>
   </trkpt>
   <trkpt lat="60.2303430" lon="10.5026600">
    <ele>660.3</ele>
   </trkpt>
   <trkpt lat="60.2302840" lon="10.5027220">
    <ele>660.4</ele>
   </trkpt>
   <trkpt lat="60.2302500" lon="10.5027860">
    <ele>660.5</ele>
   </trkpt>
   <trkpt lat="60.2302380" lon="10.5027970">
    <ele>660.5</ele>
   </trkpt>
   <trkpt lat="60.2300980" lon="10.5028720">
    <ele>660.8</ele>
   </trkpt>
   <trkpt lat="60.2300800" lon="10.5029280">
    <ele>660.9</ele>
   </trkpt>
   <trkpt lat="60.2300370" lon="10.5031340">
    <ele>660.8</ele>
   </trkpt>
   <trkpt lat="60.2299900" lon="10.5033920">
    <ele>660.6</ele>
   </trkpt>
   <trkpt lat="60.2298700" lon="10.5035620">
    <ele>660.7</ele>
   </trkpt>
   <trkpt lat="60.2298290" lon="10.5036690">
    <ele>660.6</ele>
   </trkpt>
   <trkpt lat="60.2298220" lon="10.5037350">
    <ele>660.5</ele>
   </trkpt>
   <trkpt lat="60.2298160" lon="10.5038730">
    <ele>660.4</ele>
   </trkpt>
   <trkpt lat="60.2298000" lon="10.5039210">
    <ele>660.4</ele>
   </trkpt>
   <trkpt lat="60.2297270" lon="10.5040440">
    <ele>660.4</ele>
   </trkpt>
   <trkpt lat="60.2296690" lon="10.5041360">
    <ele>660.4</ele>
   </trkpt>
   <trkpt lat="60.2296130" lon="10.5042550">
    <ele>660.5</ele>
   </trkpt>
   <trkpt lat="60.2295900" lon="10.5042840">
    <ele>660.5</ele>
   </trkpt>
   <trkpt lat="60.2295220" lon="10.5044450">
    <ele>660.7</ele>
   </trkpt>
   <trkpt lat="60.2294830" lon="10.5046090">
    <ele>660.8</ele>
   </trkpt>
   <trkpt lat="60.2293870" lon="10.5047860">
    <ele>660.6</ele>
   </trkpt>
   <trkpt lat="60.2293760" lon="10.5048140">
    <ele>660.6</ele>
   </trkpt>
   <trkpt lat="60.2293310" lon="10.5049390">
    <ele>660.0</ele>
   </trkpt>
   <trkpt lat="60.2293110" lon="10.5049630">
    <ele>659.6</ele>
   </trkpt>
   <trkpt lat="60.2291890" lon="10.5050460">
    <ele>656.6</ele>
   </trkpt>
   <trkpt lat="60.2290420" lon="10.5050700">
    <ele>654.2</ele>
   </trkpt>
   <trkpt lat="60.2290180" lon="10.5050670">
    <ele>653.8</ele>
   </trkpt>
   <trkpt lat="60.2289460" lon="10.5051140">
    <ele>652.5</ele>
   </trkpt>
   <trkpt lat="60.2288580" lon="10.5050830">
    <ele>651.0</ele>
   </trkpt>
   <trkpt lat="60.2288000" lon="10.5052450">
    <ele>650.5</ele>
   </trkpt>
   <trkpt lat="60.2287800" lon="10.5052690">
    <ele>650.4</ele>
   </trkpt>
   <trkpt lat="60.2287180" lon="10.5053060">
    <ele>650.2</ele>
   </trkpt>
   <trkpt lat="60.2286570" lon="10.5053370">
    <ele>650.2</ele>
   </trkpt>
   <trkpt lat="60.2285910" lon="10.5053430">
    <ele>650.2</ele>
   </trkpt>
   <trkpt lat="60.2285250" lon="10.5053390">
    <ele>650.2</ele>
   </trkpt>
   <trkpt lat="60.2285040" lon="10.5053210">
    <ele>650.2</ele>
   </trkpt>
   <trkpt lat="60.2284860" lon="10.5053170">
    <ele>650.2</ele>
   </trkpt>
   <trkpt lat="60.2283500" lon="10.5053310">
    <ele>650.5</ele>
   </trkpt>
   <trkpt lat="60.2282580" lon="10.5052980">
    <ele>650.8</ele>
   </trkpt>
   <trkpt lat="60.2282090" lon="10.5053620">
    <ele>651.0</ele>
   </trkpt>
   <trkpt lat="60.2281740" lon="10.5053820">
    <ele>651.3</ele>
   </trkpt>
   <trkpt lat="60.2280650" lon="10.5053420">
    <ele>652.1</ele>
   </trkpt>
   <trkpt lat="60.2279790" lon="10.5052870">
    <ele>652.9</ele>
   </trkpt>
   <trkpt lat="60.2279320" lon="10.5051980">
    <ele>653.5</ele>
   </trkpt>
   <trkpt lat="60.2278850" lon="10.5051450">
    <ele>654.0</ele>
   </trkpt>
   <trkpt lat="60.2277910" lon="10.5050860">
    <ele>655.0</ele>
   </trkpt>
   <trkpt lat="60.2277640" lon="10.5050670">
    <ele>655.1</ele>
   </trkpt>
   <trkpt lat="60.2277320" lon="10.5050270">
    <ele>655.3</ele>
   </trkpt>
   <trkpt lat="60.2277080" lon="10.5050300">
    <ele>655.3</ele>
   </trkpt>
   <trkpt lat="60.2276920" lon="10.5050150">
    <ele>655.3</ele>
   </trkpt>
   <trkpt lat="60.2276320" lon="10.5049330">
    <ele>655.5</ele>
   </trkpt>
   <trkpt lat="60.2275900" lon="10.5048810">
    <ele>655.7</ele>
   </trkpt>
   <trkpt lat="60.2275440" lon="10.5048520">
    <ele>655.9</ele>
   </trkpt>
   <trkpt lat="60.2274660" lon="10.5047840">
    <ele>656.5</ele>
   </trkpt>
   <trkpt lat="60.2274560" lon="10.5047840">
    <ele>656.5</ele>
   </trkpt>
   <trkpt lat="60.2274160" lon="10.5047830">
    <ele>656.9</ele>
   </trkpt>
   <trkpt lat="60.2273960" lon="10.5047640">
    <ele>657.3</ele>
   </trkpt>
   <trkpt lat="60.2272670" lon="10.5046780">
    <ele>659.0</ele>
   </trkpt>
   <trkpt lat="60.2271900" lon="10.5046670">
    <ele>659.5</ele>
   </trkpt>
   <trkpt lat="60.2271690" lon="10.5046630">
    <ele>659.6</ele>
   </trkpt>
   <trkpt lat="60.2271450" lon="10.5046670">
    <ele>659.6</ele>
   </trkpt>
   <trkpt lat="60.2270440" lon="10.5046330">
    <ele>659.9</ele>
   </trkpt>
   <trkpt lat="60.2269940" lon="10.5046210">
    <ele>659.9</ele>
   </trkpt>
   <trkpt lat="60.2269630" lon="10.5046590">
    <ele>659.9</ele>
   </trkpt>
   <trkpt lat="60.2269080" lon="10.5046140">
    <ele>660.0</ele>
   </trkpt>
   <trkpt lat="60.2268940" lon="10.5045780">
    <ele>660.1</ele>
   </trkpt>
   <trkpt lat="60.2268330" lon="10.5043990">
    <ele>660.4</ele>
   </trkpt>
   <trkpt lat="60.2268170" lon="10.5043700">
    <ele>660.4</ele>
   </trkpt>
   <trkpt lat="60.2267260" lon="10.5042920">
    <ele>660.8</ele>
   </trkpt>
   <trkpt lat="60.2266760" lon="10.5042830">
    <ele>660.9</ele>
   </trkpt>
   <trkpt lat="60.2266420" lon="10.5042330">
    <ele>661.0</ele>
   </trkpt>
   <trkpt lat="60.2266090" lon="10.5042110">
    <ele>661.2</ele>
   </trkpt>
   <trkpt lat="60.2265460" lon="10.5042380">
    <ele>661.2</ele>
   </trkpt>
   <trkpt lat="60.2264980" lon="10.5042250">
    <ele>661.4</ele>
   </trkpt>
   <trkpt lat="60.2264590" lon="10.5041920">
    <ele>661.5</ele>
   </trkpt>
   <trkpt lat="60.2264590" lon="10.5041920">
    <ele>661.5</ele>
   </trkpt>
   <trkpt lat="60.2264400" lon="10.5041940">
    <ele>661.6</ele>
   </trkpt>
   <trkpt lat="60.2263870" lon="10.5041930">
    <ele>661.8</ele>
   </trkpt>
   <trkpt lat="60.2262850" lon="10.5041200">
    <ele>662.3</ele>
   </trkpt>
   <trkpt lat="60.2262630" lon="10.5041130">
    <ele>662.4</ele>
   </trkpt>
   <trkpt lat="60.2262310" lon="10.5041200">
    <ele>662.6</ele>
   </trkpt>
   <trkpt lat="60.2262260" lon="10.5041280">
    <ele>662.6</ele>
   </trkpt>
   <trkpt lat="60.2262190" lon="10.5041340">
    <ele>662.5</ele>
   </trkpt>
   <trkpt lat="60.2262040" lon="10.5041600">
    <ele>662.6</ele>
   </trkpt>
   <trkpt lat="60.2261980" lon="10.5041660">
    <ele>662.6</ele>
   </trkpt>
   <trkpt lat="60.2261700" lon="10.5041880">
    <ele>662.8</ele>
   </trkpt>
   <trkpt lat="60.2261280" lon="10.5041740">
    <ele>663.1</ele>
   </trkpt>
   <trkpt lat="60.2260390" lon="10.5040560">
    <ele>663.7</ele>
   </trkpt>
   <trkpt lat="60.2260060" lon="10.5040190">
    <ele>663.8</ele>
   </trkpt>
   <trkpt lat="60.2259490" lon="10.5040000">
    <ele>664.2</ele>
   </trkpt>
   <trkpt lat="60.2258740" lon="10.5039270">
    <ele>664.5</ele>
   </trkpt>
   <trkpt lat="60.2258410" lon="10.5039100">
    <ele>664.5</ele>
   </trkpt>
   <trkpt lat="60.2257860" lon="10.5038900">
    <ele>664.6</ele>
   </trkpt>
   <trkpt lat="60.2256560" lon="10.5038490">
    <ele>664.7</ele>
   </trkpt>
   <trkpt lat="60.2256370" lon="10.5038370">
    <ele>664.7</ele>
   </trkpt>
   <trkpt lat="60.2255640" lon="10.5037980">
    <ele>664.7</ele>
   </trkpt>
   <trkpt lat="60.2255460" lon="10.5037880">
    <ele>664.7</ele>
   </trkpt>
   <trkpt lat="60.2254560" lon="10.5037570">
    <ele>664.7</ele>
   </trkpt>
   <trkpt lat="60.2253840" lon="10.5037810">
    <ele>664.7</ele>
   </trkpt>
   <trkpt lat="60.2253450" lon="10.5038040">
    <ele>664.7</ele>
   </trkpt>
   <trkpt lat="60.2252170" lon="10.5037990">
    <ele>664.7</ele>
   </trkpt>
   <trkpt lat="60.2251990" lon="10.5037970">
    <ele>664.8</ele>
   </trkpt>
   <trkpt lat="60.2251040" lon="10.5038110">
    <ele>664.8</ele>
   </trkpt>
   <trkpt lat="60.2250010" lon="10.5038140">
    <ele>664.9</ele>
   </trkpt>
   <trkpt lat="60.2249770" lon="10.5038340">
    <ele>664.9</ele>
   </trkpt>
   <trkpt lat="60.2249500" lon="10.5038500">
    <ele>665.0</ele>
   </trkpt>
   <trkpt lat="60.2249370" lon="10.5038480">
    <ele>665.1</ele>
   </trkpt>
   <trkpt lat="60.2249270" lon="10.5038440">
    <ele>665.1</ele>
   </trkpt>
   <trkpt lat="60.2248700" lon="10.5038340">
    <ele>665.4</ele>
   </trkpt>
   <trkpt lat="60.2248580" lon="10.5038440">
    <ele>665.4</ele>
   </trkpt>
   <trkpt lat="60.2248350" lon="10.5038650">
    <ele>665.5</ele>
   </trkpt>
   <trkpt lat="60.2248270" lon="10.5038870">
    <ele>665.7</ele>
   </trkpt>
   <trkpt lat="60.2248150" lon="10.5038800">
    <ele>665.7</ele>
   </trkpt>
   <trkpt lat="60.2247480" lon="10.5038250">
    <ele>665.9</ele>
   </trkpt>
   <trkpt lat="60.2247480" lon="10.5038250">
    <ele>665.9</ele>
   </trkpt>
   <trkpt lat="60.2246560" lon="10.5037970">
    <ele>666.4</ele>
   </trkpt>
   <trkpt lat="60.2245610" lon="10.5038770">
    <ele>667.0</ele>
   </trkpt>
   <trkpt lat="60.2245460" lon="10.5038910">
    <ele>667.1</ele>
   </trkpt>
   <trkpt lat="60.2244550" lon="10.5040050">
    <ele>667.7</ele>
   </trkpt>
   <trkpt lat="60.2243880" lon="10.5040640">
    <ele>668.0</ele>
   </trkpt>
   <trkpt lat="60.2243430" lon="10.5040950">
    <ele>668.2</ele>
   </trkpt>
   <trkpt lat="60.2243020" lon="10.5041020">
    <ele>668.3</ele>
   </trkpt>
   <trkpt lat="60.2242340" lon="10.5040810">
    <ele>668.5</ele>
   </trkpt>
   <trkpt lat="60.2241600" lon="10.5040550">
    <ele>668.7</ele>
   </trkpt>
   <trkpt lat="60.2241380" lon="10.5040600">
    <ele>668.8</ele>
   </trkpt>
   <trkpt lat="60.2240200" lon="10.5041300">
    <ele>669.2</ele>
   </trkpt>
   <trkpt lat="60.2239440" lon="10.5041180">
    <ele>669.4</ele>
   </trkpt>
   <trkpt lat="60.2239110" lon="10.5041220">
    <ele>669.6</ele>
   </trkpt>
   <trkpt lat="60.2238470" lon="10.5041770">
    <ele>669.7</ele>
   </trkpt>
   <trkpt lat="60.2238020" lon="10.5041650">
    <ele>669.8</ele>
   </trkpt>
   <trkpt lat="60.2237610" lon="10.5041580">
    <ele>669.8</ele>
   </trkpt>
   <trkpt lat="60.2236880" lon="10.5041420">
    <ele>669.8</ele>
   </trkpt>
   <trkpt lat="60.2236490" lon="10.5041490">
    <ele>669.8</ele>
   </trkpt>
   <trkpt lat="60.2236160" lon="10.5041470">
    <ele>669.8</ele>
   </trkpt>
   <trkpt lat="60.2235750" lon="10.5041540">
    <ele>669.8</ele>
   </trkpt>
   <trkpt lat="60.2235360" lon="10.5041430">
    <ele>669.8</ele>
   </trkpt>
   <trkpt lat="60.2235210" lon="10.5041290">
    <ele>669.8</ele>
   </trkpt>
   <trkpt lat="60.2234880" lon="10.5041470">
    <ele>669.9</ele>
   </trkpt>
   <trkpt lat="60.2234720" lon="10.5041450">
    <ele>669.9</ele>
   </trkpt>
   <trkpt lat="60.2234040" lon="10.5041160">
    <ele>670.3</ele>
   </trkpt>
   <trkpt lat="60.2233900" lon="10.5041040">
    <ele>670.3</ele>
   </trkpt>
   <trkpt lat="60.2233230" lon="10.5040320">
    <ele>670.7</ele>
   </trkpt>
   <trkpt lat="60.2232880" lon="10.5039960">
    <ele>671.1</ele>
   </trkpt>
   <trkpt lat="60.2232240" lon="10.5039310">
    <ele>671.9</ele>
   </trkpt>
   <trkpt lat="60.2231060" lon="10.5038960">
    <ele>673.4</ele>
   </trkpt>
   <trkpt lat="60.2230740" lon="10.5039180">
    <ele>673.4</ele>
   </trkpt>
   <trkpt lat="60.2230570" lon="10.5039230">
    <ele>673.6</ele>
   </trkpt>
   <trkpt lat="60.2230260" lon="10.5039000">
    <ele>674.0</ele>
   </trkpt>
   <trkpt lat="60.2230160" lon="10.5038980">
    <ele>674.2</ele>
   </trkpt>
   <trkpt lat="60.2230080" lon="10.5039280">
    <ele>674.0</ele>
   </trkpt>
   <trkpt lat="60.2230030" lon="10.5039380">
    <ele>674.0</ele>
   </trkpt>
   <trkpt lat="60.2229690" lon="10.5040180">
    <ele>674.2</ele>
   </trkpt>
   <trkpt lat="60.2229410" lon="10.5040570">
    <ele>674.2</ele>
   </trkpt>
   <trkpt lat="60.2228570" lon="10.5040240">
    <ele>675.2</ele>
   </trkpt>
   <trkpt lat="60.2228440" lon="10.5040340">
    <ele>675.4</ele>
   </trkpt>
   <trkpt lat="60.2227820" lon="10.5041210">
    <ele>675.7</ele>
   </trkpt>
   <trkpt lat="60.2227700" lon="10.5041140">
    <ele>675.7</ele>
   </trkpt>
   <trkpt lat="60.2227350" lon="10.5040740">
    <ele>676.3</ele>
   </trkpt>
   <trkpt lat="60.2227000" lon="10.5040550">
    <ele>676.7</ele>
   </trkpt>
   <trkpt lat="60.2226820" lon="10.5040360">
    <ele>676.9</ele>
   </trkpt>
   <trkpt lat="60.2226640" lon="10.5040250">
    <ele>677.1</ele>
   </trkpt>
   <trkpt lat="60.2225950" lon="10.5039410">
    <ele>678.1</ele>
   </trkpt>
   <trkpt lat="60.2225560" lon="10.5039050">
    <ele>678.5</ele>
   </trkpt>
   <trkpt lat="60.2225470" lon="10.5039060">
    <ele>678.7</ele>
   </trkpt>
   <trkpt lat="60.2225360" lon="10.5039150">
    <ele>678.7</ele>
   </trkpt>
   <trkpt lat="60.2225000" lon="10.5039800">
    <ele>678.7</ele>
   </trkpt>
   <trkpt lat="60.2224880" lon="10.5039780">
    <ele>678.8</ele>
   </trkpt>
   <trkpt lat="60.2224610" lon="10.5039670">
    <ele>678.9</ele>
   </trkpt>
   <trkpt lat="60.2224550" lon="10.5039730">
    <ele>678.9</ele>
   </trkpt>
   <trkpt lat="60.2224530" lon="10.5039970">
    <ele>678.9</ele>
   </trkpt>
   <trkpt lat="60.2224400" lon="10.5040250">
    <ele>679.0</ele>
   </trkpt>
   <trkpt lat="60.2224320" lon="10.5040280">
    <ele>679.0</ele>
   </trkpt>
   <trkpt lat="60.2224050" lon="10.5040370">
    <ele>679.1</ele>
   </trkpt>
   <trkpt lat="60.2223770" lon="10.5040560">
    <ele>679.6</ele>
   </trkpt>
   <trkpt lat="60.2223330" lon="10.5040790">
    <ele>680.2</ele>
   </trkpt>
   <trkpt lat="60.2223150" lon="10.5040730">
    <ele>680.6</ele>
   </trkpt>
   <trkpt lat="60.2222980" lon="10.5040550">
    <ele>680.9</ele>
   </trkpt>
   <trkpt lat="60.2222420" lon="10.5039800">
    <ele>681.6</ele>
   </trkpt>
   <trkpt lat="60.2222230" lon="10.5039710">
    <ele>681.7</ele>
   </trkpt>
   <trkpt lat="60.2220770" lon="10.5039190">
    <ele>682.8</ele>
   </trkpt>
   <trkpt lat="60.2220640" lon="10.5039430">
    <ele>683.0</ele>
   </trkpt>
   <trkpt lat="60.2219910" lon="10.5039850">
    <ele>683.9</ele>
   </trkpt>
   <trkpt lat="60.2218570" lon="10.5040180">
    <ele>685.3</ele>
   </trkpt>
   <trkpt lat="60.2218050" lon="10.5040710">
    <ele>685.8</ele>
   </trkpt>
   <trkpt lat="60.2217920" lon="10.5041090">
    <ele>686.0</ele>
   </trkpt>
   <trkpt lat="60.2217660" lon="10.5041730">
    <ele>686.3</ele>
   </trkpt>
   <trkpt lat="60.2217540" lon="10.5041820">
    <ele>686.4</ele>
   </trkpt>
   <trkpt lat="60.2217390" lon="10.5041790">
    <ele>686.6</ele>
   </trkpt>
   <trkpt lat="60.2217270" lon="10.5041760">
    <ele>686.7</ele>
   </trkpt>
   <trkpt lat="60.2217240" lon="10.5041880">
    <ele>686.8</ele>
   </trkpt>
   <trkpt lat="60.2217200" lon="10.5042010">
    <ele>686.8</ele>
   </trkpt>
   <trkpt lat="60.2216860" lon="10.5042820">
    <ele>687.3</ele>
   </trkpt>
   <trkpt lat="60.2216360" lon="10.5043140">
    <ele>687.9</ele>
   </trkpt>
   <trkpt lat="60.2216050" lon="10.5043150">
    <ele>688.2</ele>
   </trkpt>
   <trkpt lat="60.2215460" lon="10.5043720">
    <ele>688.8</ele>
   </trkpt>
   <trkpt lat="60.2215180" lon="10.5043800">
    <ele>689.1</ele>
   </trkpt>
   <trkpt lat="60.2214920" lon="10.5044270">
    <ele>689.4</ele>
   </trkpt>
   <trkpt lat="60.2214880" lon="10.5044340">
    <ele>689.4</ele>
   </trkpt>
   <trkpt lat="60.2214070" lon="10.5044950">
    <ele>690.1</ele>
   </trkpt>
   <trkpt lat="60.2213910" lon="10.5045060">
    <ele>690.2</ele>
   </trkpt>
   <trkpt lat="60.2213620" lon="10.5044900">
    <ele>690.4</ele>
   </trkpt>
   <trkpt lat="60.2213530" lon="10.5044810">
    <ele>690.4</ele>
   </trkpt>
   <trkpt lat="60.2213260" lon="10.5044460">
    <ele>690.6</ele>
   </trkpt>
   <trkpt lat="60.2213200" lon="10.5044420">
    <ele>690.6</ele>
   </trkpt>
   <trkpt lat="60.2213140" lon="10.5044340">
    <ele>690.7</ele>
   </trkpt>
   <trkpt lat="60.2212980" lon="10.5044020">
    <ele>690.8</ele>
   </trkpt>
   <trkpt lat="60.2212890" lon="10.5044010">
    <ele>690.9</ele>
   </trkpt>
   <trkpt lat="60.2212830" lon="10.5043990">
    <ele>690.9</ele>
   </trkpt>
   <trkpt lat="60.2212540" lon="10.5043920">
    <ele>691.2</ele>
   </trkpt>
   <trkpt lat="60.2212140" lon="10.5044210">
    <ele>691.6</ele>
   </trkpt>
   <trkpt lat="60.2211850" lon="10.5044070">
    <ele>691.9</ele>
   </trkpt>
   <trkpt lat="60.2211010" lon="10.5043520">
    <ele>693.2</ele>
   </trkpt>
   <trkpt lat="60.2210710" lon="10.5043290">
    <ele>693.7</ele>
   </trkpt>
   <trkpt lat="60.2210510" lon="10.5043010">
    <ele>694.0</ele>
   </trkpt>
   <trkpt lat="60.2210170" lon="10.5042630">
    <ele>694.5</ele>
   </trkpt>
   <trkpt lat="60.2210030" lon="10.5042620">
    <ele>694.7</ele>
   </trkpt>
   <trkpt lat="60.2209890" lon="10.5042520">
    <ele>694.9</ele>
   </trkpt>
   <trkpt lat="60.2209740" lon="10.5042420">
    <ele>695.0</ele>
   </trkpt>
   <trkpt lat="60.2209590" lon="10.5042330">
    <ele>695.2</ele>
   </trkpt>
   <trkpt lat="60.2209160" lon="10.5042260">
    <ele>695.7</ele>
   </trkpt>
   <trkpt lat="60.2209150" lon="10.5042230">
    <ele>695.7</ele>
   </trkpt>
   <trkpt lat="60.2209180" lon="10.5042110">
    <ele>695.8</ele>
   </trkpt>
   <trkpt lat="60.2209160" lon="10.5041850">
    <ele>695.9</ele>
   </trkpt>
   <trkpt lat="60.2209020" lon="10.5041720">
    <ele>696.1</ele>
   </trkpt>
   <trkpt lat="60.2208920" lon="10.5041530">
    <ele>696.2</ele>
   </trkpt>
   <trkpt lat="60.2208660" lon="10.5041120">
    <ele>696.6</ele>
   </trkpt>
   <trkpt lat="60.2208550" lon="10.5040940">
    <ele>696.8</ele>
   </trkpt>
   <trkpt lat="60.2208120" lon="10.5040210">
    <ele>697.4</ele>
   </trkpt>
   <trkpt lat="60.2208150" lon="10.5039980">
    <ele>697.5</ele>
   </trkpt>
   <trkpt lat="60.2208180" lon="10.5039720">
    <ele>697.7</ele>
   </trkpt>
   <trkpt lat="60.2207840" lon="10.5039110">
    <ele>698.1</ele>
   </trkpt>
   <trkpt lat="60.2207740" lon="10.5039040">
    <ele>698.2</ele>
   </trkpt>
   <trkpt lat="60.2207180" lon="10.5038990">
    <ele>698.9</ele>
   </trkpt>
   <trkpt lat="60.2206880" lon="10.5038980">
    <ele>699.4</ele>
   </trkpt>
   <trkpt lat="60.2206390" lon="10.5038630">
    <ele>700.4</ele>
   </trkpt>
   <trkpt lat="60.2206290" lon="10.5038280">
    <ele>701.0</ele>
   </trkpt>
   <trkpt lat="60.2206000" lon="10.5037350">
    <ele>702.4</ele>
   </trkpt>
   <trkpt lat="60.2205890" lon="10.5036730">
    <ele>703.3</ele>
   </trkpt>
   <trkpt lat="60.2206600" lon="10.5035660">
    <ele>705.5</ele>
   </trkpt>
   <trkpt lat="60.2206970" lon="10.5034650">
    <ele>706.6</ele>
   </trkpt>
   <trkpt lat="60.2207060" lon="10.5034500">
    <ele>706.8</ele>
   </trkpt>
   <trkpt lat="60.2207200" lon="10.5034270">
    <ele>707.0</ele>
   </trkpt>
   <trkpt lat="60.2207390" lon="10.5034050">
    <ele>707.2</ele>
   </trkpt>
   <trkpt lat="60.2207570" lon="10.5033910">
    <ele>707.4</ele>
   </trkpt>
   <trkpt lat="60.2207830" lon="10.5033340">
    <ele>707.6</ele>
   </trkpt>
   <trkpt lat="60.2208120" lon="10.5032770">
    <ele>707.8</ele>
   </trkpt>
   <trkpt lat="60.2208410" lon="10.5032700">
    <ele>707.8</ele>
   </trkpt>
   <trkpt lat="60.2208580" lon="10.5032430">
    <ele>707.9</ele>
   </trkpt>
   <trkpt lat="60.2208670" lon="10.5032000">
    <ele>707.9</ele>
   </trkpt>
   <trkpt lat="60.2208870" lon="10.5031250">
    <ele>708.0</ele>
   </trkpt>
   <trkpt lat="60.2208980" lon="10.5030720">
    <ele>708.1</ele>
   </trkpt>
   <trkpt lat="60.2209080" lon="10.5030180">
    <ele>708.3</ele>
   </trkpt>
   <trkpt lat="60.2209230" lon="10.5029570">
    <ele>708.5</ele>
   </trkpt>
   <trkpt lat="60.2209370" lon="10.5029340">
    <ele>708.7</ele>
   </trkpt>
   <trkpt lat="60.2209580" lon="10.5028740">
    <ele>709.2</ele>
   </trkpt>
   <trkpt lat="60.2209880" lon="10.5028250">
    <ele>709.9</ele>
   </trkpt>
   <trkpt lat="60.2210010" lon="10.5027190">
    <ele>710.9</ele>
   </trkpt>
   <trkpt lat="60.2209900" lon="10.5026450">
    <ele>711.6</ele>
   </trkpt>
   <trkpt lat="60.2210020" lon="10.5026020">
    <ele>712.1</ele>
   </trkpt>
   <trkpt lat="60.2210100" lon="10.5025790">
    <ele>712.4</ele>
   </trkpt>
   <trkpt lat="60.2210130" lon="10.5025090">
    <ele>713.1</ele>
   </trkpt>
   <trkpt lat="60.2210210" lon="10.5024780">
    <ele>713.4</ele>
   </trkpt>
   <trkpt lat="60.2210200" lon="10.5024540">
    <ele>713.6</ele>
   </trkpt>
   <trkpt lat="60.2210120" lon="10.5024240">
    <ele>713.9</ele>
   </trkpt>
   <trkpt lat="60.2210170" lon="10.5023890">
    <ele>714.3</ele>
   </trkpt>
   <trkpt lat="60.2210320" lon="10.5023340">
    <ele>714.0</ele>
   </trkpt>
   <trkpt lat="60.2210440" lon="10.5023330">
    <ele>713.9</ele>
   </trkpt>
   <trkpt lat="60.2210710" lon="10.5022840">
    <ele>713.6</ele>
   </trkpt>
   <trkpt lat="60.2210950" lon="10.5023050">
    <ele>713.3</ele>
   </trkpt>
   <trkpt lat="60.2211030" lon="10.5023070">
    <ele>713.3</ele>
   </trkpt>
   <trkpt lat="60.2211000" lon="10.5023140">
    <ele>713.2</ele>
   </trkpt>
   <trkpt lat="60.2211050" lon="10.5023170">
    <ele>713.2</ele>
   </trkpt>
   <trkpt lat="60.2211080" lon="10.5023210">
    <ele>713.1</ele>
   </trkpt>
   <trkpt lat="60.2211060" lon="10.5023300">
    <ele>713.1</ele>
   </trkpt>
   <trkpt lat="60.2211080" lon="10.5023320">
    <ele>713.1</ele>
   </trkpt>
   <trkpt lat="60.2211100" lon="10.5023290">
    <ele>713.1</ele>
   </trkpt>
   <trkpt lat="60.2211050" lon="10.5023260">
    <ele>713.0</ele>
   </trkpt>
   <trkpt lat="60.2211020" lon="10.5023010">
    <ele>712.9</ele>
   </trkpt>
   <trkpt lat="60.2210980" lon="10.5023180">
    <ele>712.8</ele>
   </trkpt>
   <trkpt lat="60.2210970" lon="10.5023210">
    <ele>712.8</ele>
   </trkpt>
   <trkpt lat="60.2211130" lon="10.5023440">
    <ele>712.6</ele>
   </trkpt>
   <trkpt lat="60.2211140" lon="10.5023550">
    <ele>712.6</ele>
   </trkpt>
   <trkpt lat="60.2211150" lon="10.5023530">
    <ele>712.6</ele>
   </trkpt>
   <trkpt lat="60.2211440" lon="10.5023770">
    <ele>712.3</ele>
   </trkpt>
   <trkpt lat="60.2211360" lon="10.5023600">
    <ele>712.2</ele>
   </trkpt>
   <trkpt lat="60.2211360" lon="10.5023420">
    <ele>712.2</ele>
   </trkpt>
   <trkpt lat="60.2211150" lon="10.5023330">
    <ele>712.0</ele>
   </trkpt>
   <trkpt lat="60.2211280" lon="10.5022950">
    <ele>711.9</ele>
   </trkpt>
   <trkpt lat="60.2211040" lon="10.5023060">
    <ele>711.7</ele>
   </trkpt>
   <trkpt lat="60.2210920" lon="10.5023090">
    <ele>711.7</ele>
   </trkpt>
   <trkpt lat="60.2210900" lon="10.5022990">
    <ele>711.6</ele>
   </trkpt>
   <trkpt lat="60.2211170" lon="10.5022370">
    <ele>711.4</ele>
   </trkpt>
   <trkpt lat="60.2211360" lon="10.5022150">
    <ele>711.3</ele>
   </trkpt>
   <trkpt lat="60.2211760" lon="10.5022100">
    <ele>711.0</ele>
   </trkpt>
   <trkpt lat="60.2211770" lon="10.5022230">
    <ele>710.9</ele>
   </trkpt>
   <trkpt lat="60.2211970" lon="10.5022030">
    <ele>710.8</ele>
   </trkpt>
   <trkpt lat="60.2211900" lon="10.5021530">
    <ele>710.6</ele>
   </trkpt>
   <trkpt lat="60.2211970" lon="10.5021520">
    <ele>710.5</ele>
   </trkpt>
   <trkpt lat="60.2212420" lon="10.5022190">
    <ele>710.0</ele>
   </trkpt>
   <trkpt lat="60.2212770" lon="10.5022100">
    <ele>709.7</ele>
   </trkpt>
   <trkpt lat="60.2213090" lon="10.5021860">
    <ele>709.3</ele>
   </trkpt>
   <trkpt lat="60.2213540" lon="10.5021280">
    <ele>708.6</ele>
   </trkpt>
   <trkpt lat="60.2213690" lon="10.5021020">
    <ele>708.3</ele>
   </trkpt>
   <trkpt lat="60.2213960" lon="10.5020800">
    <ele>707.8</ele>
   </trkpt>
   <trkpt lat="60.2214000" lon="10.5020740">
    <ele>707.7</ele>
   </trkpt>
   <trkpt lat="60.2214280" lon="10.5020330">
    <ele>707.1</ele>
   </trkpt>
   <trkpt lat="60.2214470" lon="10.5020010">
    <ele>706.6</ele>
   </trkpt>
   <trkpt lat="60.2214660" lon="10.5019580">
    <ele>706.1</ele>
   </trkpt>
   <trkpt lat="60.2214940" lon="10.5018960">
    <ele>705.2</ele>
   </trkpt>
   <trkpt lat="60.2215050" lon="10.5018360">
    <ele>704.4</ele>
   </trkpt>
   <trkpt lat="60.2215170" lon="10.5018260">
    <ele>704.1</ele>
   </trkpt>
   <trkpt lat="60.2215070" lon="10.5018330">
    <ele>703.9</ele>
   </trkpt>
   <trkpt lat="60.2214920" lon="10.5018240">
    <ele>703.6</ele>
   </trkpt>
   <trkpt lat="60.2214520" lon="10.5017860">
    <ele>702.6</ele>
   </trkpt>
   <trkpt lat="60.2213940" lon="10.5018090">
    <ele>701.3</ele>
   </trkpt>
   <trkpt lat="60.2213090" lon="10.5018510">
    <ele>700.0</ele>
   </trkpt>
   <trkpt lat="60.2212920" lon="10.5018350">
    <ele>699.7</ele>
   </trkpt>
   <trkpt lat="60.2212710" lon="10.5017590">
    <ele>699.2</ele>
   </trkpt>
   <trkpt lat="60.2212670" lon="10.5016400">
    <ele>698.5</ele>
   </trkpt>
   <trkpt lat="60.2212640" lon="10.5015870">
    <ele>698.0</ele>
   </trkpt>
   <trkpt lat="60.2212540" lon="10.5015510">
    <ele>697.7</ele>
   </trkpt>
   <trkpt lat="60.2211920" lon="10.5014660">
    <ele>696.3</ele>
   </trkpt>
   <trkpt lat="60.2210710" lon="10.5012630">
    <ele>694.1</ele>
   </trkpt>
   <trkpt lat="60.2210490" lon="10.5012340">
    <ele>693.9</ele>
   </trkpt>
   <trkpt lat="60.2210060" lon="10.5011930">
    <ele>693.8</ele>
   </trkpt>
   <trkpt lat="60.2209610" lon="10.5010770">
    <ele>693.8</ele>
   </trkpt>
   <trkpt lat="60.2208880" lon="10.5009120">
    <ele>694.4</ele>
   </trkpt>
   <trkpt lat="60.2207370" lon="10.5006950">
    <ele>695.2</ele>
   </trkpt>
   <trkpt lat="60.2207110" lon="10.5004900">
    <ele>694.8</ele>
   </trkpt>
   <trkpt lat="60.2206950" lon="10.5003860">
    <ele>694.3</ele>
   </trkpt>
   <trkpt lat="60.2206920" lon="10.5002780">
    <ele>693.7</ele>
   </trkpt>
   <trkpt lat="60.2207000" lon="10.5002170">
    <ele>693.3</ele>
   </trkpt>
   <trkpt lat="60.2207380" lon="10.4999750">
    <ele>691.9</ele>
   </trkpt>
   <trkpt lat="60.2207520" lon="10.4999220">
    <ele>691.8</ele>
   </trkpt>
   <trkpt lat="60.2208220" lon="10.4996360">
    <ele>690.9</ele>
   </trkpt>
   <trkpt lat="60.2208370" lon="10.4996030">
    <ele>690.7</ele>
   </trkpt>
   <trkpt lat="60.2209240" lon="10.4994070">
    <ele>689.1</ele>
   </trkpt>
   <trkpt lat="60.2210100" lon="10.4992980">
    <ele>687.7</ele>
   </trkpt>
   <trkpt lat="60.2210310" lon="10.4992860">
    <ele>687.4</ele>
   </trkpt>
   <trkpt lat="60.2211680" lon="10.4992390">
    <ele>685.6</ele>
   </trkpt>
   <trkpt lat="60.2212760" lon="10.4991020">
    <ele>683.3</ele>
   </trkpt>
   <trkpt lat="60.2213600" lon="10.4988690">
    <ele>680.0</ele>
   </trkpt>
   <trkpt lat="60.2213630" lon="10.4988190">
    <ele>679.5</ele>
   </trkpt>
   <trkpt lat="60.2213800" lon="10.4985940">
    <ele>677.7</ele>
   </trkpt>
   <trkpt lat="60.2214060" lon="10.4984890">
    <ele>677.2</ele>
   </trkpt>
   <trkpt lat="60.2214460" lon="10.4984240">
    <ele>677.0</ele>
   </trkpt>
   <trkpt lat="60.2214720" lon="10.4983520">
    <ele>676.8</ele>
   </trkpt>
   <trkpt lat="60.2215020" lon="10.4982680">
    <ele>676.7</ele>
   </trkpt>
   <trkpt lat="60.2216090" lon="10.4981400">
    <ele>676.6</ele>
   </trkpt>
   <trkpt lat="60.2216340" lon="10.4981130">
    <ele>676.6</ele>
   </trkpt>
   <trkpt lat="60.2217210" lon="10.4979010">
    <ele>676.7</ele>
   </trkpt>
   <trkpt lat="60.2217210" lon="10.4978530">
    <ele>676.7</ele>
   </trkpt>
   <trkpt lat="60.2217060" lon="10.4976110">
    <ele>676.4</ele>
   </trkpt>
   <trkpt lat="60.2217000" lon="10.4975720">
    <ele>676.3</ele>
   </trkpt>
   <trkpt lat="60.2216620" lon="10.4974770">
    <ele>675.9</ele>
   </trkpt>
   <trkpt lat="60.2216460" lon="10.4974240">
    <ele>675.7</ele>
   </trkpt>
   <trkpt lat="60.2215960" lon="10.4972120">
    <ele>674.8</ele>
   </trkpt>
   <trkpt lat="60.2215900" lon="10.4971440">
    <ele>674.5</ele>
   </trkpt>
   <trkpt lat="60.2216390" lon="10.4967890">
    <ele>673.1</ele>
   </trkpt>
   <trkpt lat="60.2216600" lon="10.4967530">
    <ele>672.8</ele>
   </trkpt>
   <trkpt lat="60.2216880" lon="10.4967280">
    <ele>672.6</ele>
   </trkpt>
   <trkpt lat="60.2217930" lon="10.4966990">
    <ele>671.6</ele>
   </trkpt>
   <trkpt lat="60.2218980" lon="10.4966430">
    <ele>670.5</ele>
   </trkpt>
   <trkpt lat="60.2219210" lon="10.4966100">
    <ele>670.3</ele>
   </trkpt>
   <trkpt lat="60.2220710" lon="10.4963550">
    <ele>668.4</ele>
   </trkpt>
   <trkpt lat="60.2221180" lon="10.4962460">
    <ele>667.9</ele>
   </trkpt>
   <trkpt lat="60.2221280" lon="10.4962130">
    <ele>667.7</ele>
   </trkpt>
   <trkpt lat="60.2221770" lon="10.4960530">
    <ele>667.1</ele>
   </trkpt>
   <trkpt lat="60.2221860" lon="10.4959970">
    <ele>666.9</ele>
   </trkpt>
   <trkpt lat="60.2222130" lon="10.4958750">
    <ele>666.4</ele>
   </trkpt>
   <trkpt lat="60.2222570" lon="10.4957110">
    <ele>665.4</ele>
   </trkpt>
   <trkpt lat="60.2223590" lon="10.4954840">
    <ele>662.7</ele>
   </trkpt>
   <trkpt lat="60.2224980" lon="10.4952130">
    <ele>659.2</ele>
   </trkpt>
   <trkpt lat="60.2225440" lon="10.4951580">
    <ele>658.3</ele>
   </trkpt>
   <trkpt lat="60.2226480" lon="10.4951380">
    <ele>656.7</ele>
   </trkpt>
   <trkpt lat="60.2226680" lon="10.4951210">
    <ele>656.4</ele>
   </trkpt>
   <trkpt lat="60.2226840" lon="10.4950920">
    <ele>656.2</ele>
   </trkpt>
   <trkpt lat="60.2227270" lon="10.4950120">
    <ele>655.5</ele>
   </trkpt>
   <trkpt lat="60.2227380" lon="10.4949720">
    <ele>655.3</ele>
   </trkpt>
   <trkpt lat="60.2227580" lon="10.4948770">
    <ele>654.8</ele>
   </trkpt>
   <trkpt lat="60.2227800" lon="10.4947860">
    <ele>654.3</ele>
   </trkpt>
   <trkpt lat="60.2228450" lon="10.4946100">
    <ele>652.7</ele>
   </trkpt>
   <trkpt lat="60.2228680" lon="10.4945760">
    <ele>652.2</ele>
   </trkpt>
   <trkpt lat="60.2229890" lon="10.4944050">
    <ele>649.6</ele>
   </trkpt>
   <trkpt lat="60.2230890" lon="10.4944020">
    <ele>647.8</ele>
   </trkpt>
   <trkpt lat="60.2231070" lon="10.4943750">
    <ele>647.3</ele>
   </trkpt>
   <trkpt lat="60.2231930" lon="10.4942620">
    <ele>645.4</ele>
   </trkpt>
   <trkpt lat="60.2233010" lon="10.4941920">
    <ele>643.3</ele>
   </trkpt>
   <trkpt lat="60.2233240" lon="10.4941630">
    <ele>642.8</ele>
   </trkpt>
   <trkpt lat="60.2233400" lon="10.4941340">
    <ele>642.3</ele>
   </trkpt>
   <trkpt lat="60.2233790" lon="10.4940270">
    <ele>641.0</ele>
   </trkpt>
   <trkpt lat="60.2234180" lon="10.4938980">
    <ele>639.2</ele>
   </trkpt>
   <trkpt lat="60.2234320" lon="10.4938560">
    <ele>638.6</ele>
   </trkpt>
   <trkpt lat="60.2234890" lon="10.4937150">
    <ele>636.4</ele>
   </trkpt>
   <trkpt lat="60.2234990" lon="10.4936790">
    <ele>635.9</ele>
   </trkpt>
   <trkpt lat="60.2235400" lon="10.4935650">
    <ele>634.5</ele>
   </trkpt>
   <trkpt lat="60.2235720" lon="10.4934230">
    <ele>633.2</ele>
   </trkpt>
   <trkpt lat="60.2235830" lon="10.4933740">
    <ele>632.8</ele>
   </trkpt>
   <trkpt lat="60.2236170" lon="10.4931460">
    <ele>631.3</ele>
   </trkpt>
   <trkpt lat="60.2236200" lon="10.4930940">
    <ele>630.9</ele>
   </trkpt>
   <trkpt lat="60.2236150" lon="10.4929590">
    <ele>629.8</ele>
   </trkpt>
   <trkpt lat="60.2236290" lon="10.4928800">
    <ele>629.0</ele>
   </trkpt>
   <trkpt lat="60.2236380" lon="10.4928100">
    <ele>628.3</ele>
   </trkpt>
   <trkpt lat="60.2236340" lon="10.4927340">
    <ele>627.4</ele>
   </trkpt>
   <trkpt lat="60.2236580" lon="10.4926000">
    <ele>625.8</ele>
   </trkpt>
   <trkpt lat="60.2236500" lon="10.4924530">
    <ele>624.2</ele>
   </trkpt>
   <trkpt lat="60.2236330" lon="10.4924070">
    <ele>623.5</ele>
   </trkpt>
   <trkpt lat="60.2236110" lon="10.4923690">
    <ele>622.8</ele>
   </trkpt>
   <trkpt lat="60.2235930" lon="10.4923280">
    <ele>622.2</ele>
   </trkpt>
   <trkpt lat="60.2235870" lon="10.4922980">
    <ele>621.8</ele>
   </trkpt>
   <trkpt lat="60.2235690" lon="10.4922300">
    <ele>620.9</ele>
   </trkpt>
   <trkpt lat="60.2235580" lon="10.4921640">
    <ele>620.1</ele>
   </trkpt>
   <trkpt lat="60.2235550" lon="10.4921250">
    <ele>619.6</ele>
   </trkpt>
   <trkpt lat="60.2235490" lon="10.4920250">
    <ele>618.4</ele>
   </trkpt>
   <trkpt lat="60.2235680" lon="10.4920020">
    <ele>618.0</ele>
   </trkpt>
   <trkpt lat="60.2235960" lon="10.4919450">
    <ele>617.2</ele>
   </trkpt>
   <trkpt lat="60.2236240" lon="10.4918170">
    <ele>616.0</ele>
   </trkpt>
   <trkpt lat="60.2236220" lon="10.4917840">
    <ele>615.7</ele>
   </trkpt>
   <trkpt lat="60.2236010" lon="10.4917130">
    <ele>615.1</ele>
   </trkpt>
   <trkpt lat="60.2235550" lon="10.4915250">
    <ele>613.3</ele>
   </trkpt>
   <trkpt lat="60.2235390" lon="10.4914780">
    <ele>612.8</ele>
   </trkpt>
   <trkpt lat="60.2235190" lon="10.4913760">
    <ele>611.7</ele>
   </trkpt>
   <trkpt lat="60.2235130" lon="10.4912030">
    <ele>609.9</ele>
   </trkpt>
   <trkpt lat="60.2235170" lon="10.4911480">
    <ele>609.3</ele>
   </trkpt>
   <trkpt lat="60.2235240" lon="10.4910200">
    <ele>608.0</ele>
   </trkpt>
   <trkpt lat="60.2235360" lon="10.4908360">
    <ele>606.6</ele>
   </trkpt>
   <trkpt lat="60.2235550" lon="10.4907940">
    <ele>606.3</ele>
   </trkpt>
   <trkpt lat="60.2235930" lon="10.4907000">
    <ele>605.9</ele>
   </trkpt>
   <trkpt lat="60.2236170" lon="10.4906620">
    <ele>605.9</ele>
   </trkpt>
   <trkpt lat="60.2236610" lon="10.4906030">
    <ele>606.0</ele>
   </trkpt>
   <trkpt lat="60.2236930" lon="10.4904590">
    <ele>606.5</ele>
   </trkpt>
   <trkpt lat="60.2236980" lon="10.4903950">
    <ele>606.7</ele>
   </trkpt>
   <trkpt lat="60.2237320" lon="10.4901900">
    <ele>607.0</ele>
   </trkpt>
   <trkpt lat="60.2237310" lon="10.4900200">
    <ele>606.7</ele>
   </trkpt>
   <trkpt lat="60.2237380" lon="10.4899900">
    <ele>606.6</ele>
   </trkpt>
   <trkpt lat="60.2237370" lon="10.4898780">
    <ele>606.0</ele>
   </trkpt>
   <trkpt lat="60.2238000" lon="10.4898410">
    <ele>604.9</ele>
   </trkpt>
   <trkpt lat="60.2238280" lon="10.4898570">
    <ele>604.3</ele>
   </trkpt>
   <trkpt lat="60.2238570" lon="10.4898090">
    <ele>603.6</ele>
   </trkpt>
   <trkpt lat="60.2238830" lon="10.4897970">
    <ele>603.1</ele>
   </trkpt>
   <trkpt lat="60.2239030" lon="10.4897230">
    <ele>602.3</ele>
   </trkpt>
   <trkpt lat="60.2238910" lon="10.4896110">
    <ele>601.4</ele>
   </trkpt>
   <trkpt lat="60.2238930" lon="10.4895550">
    <ele>601.2</ele>
   </trkpt>
   <trkpt lat="60.2239160" lon="10.4894560">
    <ele>600.7</ele>
   </trkpt>
   <trkpt lat="60.2239270" lon="10.4894060">
    <ele>600.6</ele>
   </trkpt>
   <trkpt lat="60.2239210" lon="10.4892770">
    <ele>600.4</ele>
   </trkpt>
   <trkpt lat="60.2239130" lon="10.4891950">
    <ele>600.3</ele>
   </trkpt>
   <trkpt lat="60.2238820" lon="10.4890190">
    <ele>600.5</ele>
   </trkpt>
   <trkpt lat="60.2237860" lon="10.4887910">
    <ele>601.8</ele>
   </trkpt>
   <trkpt lat="60.2237790" lon="10.4887350">
    <ele>601.8</ele>
   </trkpt>
   <trkpt lat="60.2237870" lon="10.4886070">
    <ele>601.8</ele>
   </trkpt>
   <trkpt lat="60.2238220" lon="10.4884860">
    <ele>601.6</ele>
   </trkpt>
   <trkpt lat="60.2238510" lon="10.4884510">
    <ele>601.5</ele>
   </trkpt>
   <trkpt lat="60.2239980" lon="10.4883010">
    <ele>600.4</ele>
   </trkpt>
   <trkpt lat="60.2239860" lon="10.4882170">
    <ele>600.1</ele>
   </trkpt>
   <trkpt lat="60.2240840" lon="10.4879530">
    <ele>598.9</ele>
   </trkpt>
   <trkpt lat="60.2241330" lon="10.4878150">
    <ele>598.4</ele>
   </trkpt>
   <trkpt lat="60.2241840" lon="10.4877160">
    <ele>597.9</ele>
   </trkpt>
   <trkpt lat="60.2242260" lon="10.4876100">
    <ele>597.3</ele>
   </trkpt>
   <trkpt lat="60.2242730" lon="10.4875420">
    <ele>596.6</ele>
   </trkpt>
   <trkpt lat="60.2243110" lon="10.4874150">
    <ele>595.5</ele>
   </trkpt>
   <trkpt lat="60.2243430" lon="10.4872880">
    <ele>594.3</ele>
   </trkpt>
   <trkpt lat="60.2243630" lon="10.4872170">
    <ele>593.6</ele>
   </trkpt>
   <trkpt lat="60.2243750" lon="10.4871710">
    <ele>593.2</ele>
   </trkpt>
   <trkpt lat="60.2243900" lon="10.4871300">
    <ele>592.7</ele>
   </trkpt>
   <trkpt lat="60.2244850" lon="10.4869950">
    <ele>590.6</ele>
   </trkpt>
   <trkpt lat="60.2245570" lon="10.4869010">
    <ele>589.0</ele>
   </trkpt>
   <trkpt lat="60.2246210" lon="10.4868110">
    <ele>587.4</ele>
   </trkpt>
   <trkpt lat="60.2246590" lon="10.4867760">
    <ele>586.5</ele>
   </trkpt>
   <trkpt lat="60.2246810" lon="10.4867320">
    <ele>585.9</ele>
   </trkpt>
   <trkpt lat="60.2246970" lon="10.4866860">
    <ele>585.3</ele>
   </trkpt>
   <trkpt lat="60.2247110" lon="10.4866350">
    <ele>584.7</ele>
   </trkpt>
   <trkpt lat="60.2247600" lon="10.4865270">
    <ele>583.3</ele>
   </trkpt>
   <trkpt lat="60.2247820" lon="10.4864860">
    <ele>582.8</ele>
   </trkpt>
   <trkpt lat="60.2248340" lon="10.4863930">
    <ele>581.6</ele>
   </trkpt>
   <trkpt lat="60.2248830" lon="10.4863510">
    <ele>580.7</ele>
   </trkpt>
   <trkpt lat="60.2249000" lon="10.4862970">
    <ele>580.1</ele>
   </trkpt>
   <trkpt lat="60.2249830" lon="10.4862080">
    <ele>578.5</ele>
   </trkpt>
   <trkpt lat="60.2250030" lon="10.4861760">
    <ele>578.1</ele>
   </trkpt>
   <trkpt lat="60.2250510" lon="10.4861090">
    <ele>577.2</ele>
   </trkpt>
   <trkpt lat="60.2251080" lon="10.4860420">
    <ele>576.2</ele>
   </trkpt>
   <trkpt lat="60.2251210" lon="10.4860090">
    <ele>575.8</ele>
   </trkpt>
   <trkpt lat="60.2251610" lon="10.4859460">
    <ele>574.9</ele>
   </trkpt>
   <trkpt lat="60.2252140" lon="10.4858460">
    <ele>573.4</ele>
   </trkpt>
   <trkpt lat="60.2252430" lon="10.4857470">
    <ele>572.1</ele>
   </trkpt>
   <trkpt lat="60.2252650" lon="10.4856870">
    <ele>571.3</ele>
   </trkpt>
   <trkpt lat="60.2252790" lon="10.4856700">
    <ele>571.0</ele>
   </trkpt>
   <trkpt lat="60.2253350" lon="10.4855810">
    <ele>569.5</ele>
   </trkpt>
   <trkpt lat="60.2253800" lon="10.4855020">
    <ele>568.4</ele>
   </trkpt>
   <trkpt lat="60.2253920" lon="10.4854620">
    <ele>567.9</ele>
   </trkpt>
   <trkpt lat="60.2254120" lon="10.4854140">
    <ele>567.3</ele>
   </trkpt>
   <trkpt lat="60.2254160" lon="10.4853940">
    <ele>567.1</ele>
   </trkpt>
   <trkpt lat="60.2253790" lon="10.4853050">
    <ele>566.0</ele>
   </trkpt>
   <trkpt lat="60.2253680" lon="10.4852910">
    <ele>565.7</ele>
   </trkpt>
   <trkpt lat="60.2253550" lon="10.4852780">
    <ele>565.5</ele>
   </trkpt>
   <trkpt lat="60.2253180" lon="10.4852480">
    <ele>564.7</ele>
   </trkpt>
   <trkpt lat="60.2252970" lon="10.4852250">
    <ele>564.3</ele>
   </trkpt>
   <trkpt lat="60.2252700" lon="10.4851970">
    <ele>563.8</ele>
   </trkpt>
   <trkpt lat="60.2251990" lon="10.4851320">
    <ele>562.4</ele>
   </trkpt>
   <trkpt lat="60.2250450" lon="10.4849990">
    <ele>560.0</ele>
   </trkpt>
   <trkpt lat="60.2250450" lon="10.4849990">
    <ele>560.0</ele>
   </trkpt>
   <trkpt lat="60.2250180" lon="10.4849780">
    <ele>559.7</ele>
   </trkpt>
   <trkpt lat="60.2249930" lon="10.4849560">
    <ele>559.4</ele>
   </trkpt>
   <trkpt lat="60.2249270" lon="10.4849200">
    <ele>558.8</ele>
   </trkpt>
   <trkpt lat="60.2249030" lon="10.4848900">
    <ele>558.5</ele>
   </trkpt>
   <trkpt lat="60.2248590" lon="10.4848520">
    <ele>558.1</ele>
   </trkpt>
   <trkpt lat="60.2247510" lon="10.4847510">
    <ele>556.7</ele>
   </trkpt>
   <trkpt lat="60.2247180" lon="10.4847140">
    <ele>556.2</ele>
   </trkpt>
   <trkpt lat="60.2246490" lon="10.4846210">
    <ele>554.8</ele>
   </trkpt>
   <trkpt lat="60.2246020" lon="10.4844510">
    <ele>553.0</ele>
   </trkpt>
   <trkpt lat="60.2245920" lon="10.4843910">
    <ele>552.4</ele>
   </trkpt>
   <trkpt lat="60.2245870" lon="10.4842820">
    <ele>551.3</ele>
   </trkpt>
   <trkpt lat="60.2245860" lon="10.4842060">
    <ele>550.6</ele>
   </trkpt>
   <trkpt lat="60.2245970" lon="10.4841940">
    <ele>550.3</ele>
   </trkpt>
   <trkpt lat="60.2245950" lon="10.4841370">
    <ele>549.8</ele>
   </trkpt>
   <trkpt lat="60.2245900" lon="10.4841120">
    <ele>549.5</ele>
   </trkpt>
   <trkpt lat="60.2245780" lon="10.4840670">
    <ele>549.0</ele>
   </trkpt>
   <trkpt lat="60.2245590" lon="10.4840120">
    <ele>548.3</ele>
   </trkpt>
   <trkpt lat="60.2245130" lon="10.4839000">
    <ele>547.1</ele>
   </trkpt>
   <trkpt lat="60.2244680" lon="10.4838270">
    <ele>546.2</ele>
   </trkpt>
   <trkpt lat="60.2244460" lon="10.4837910">
    <ele>545.6</ele>
   </trkpt>
   <trkpt lat="60.2244050" lon="10.4837330">
    <ele>545.0</ele>
   </trkpt>
   <trkpt lat="60.2243330" lon="10.4836230">
    <ele>544.0</ele>
   </trkpt>
   <trkpt lat="60.2242510" lon="10.4834920">
    <ele>542.7</ele>
   </trkpt>
   <trkpt lat="60.2241860" lon="10.4833540">
    <ele>541.7</ele>
   </trkpt>
   <trkpt lat="60.2239870" lon="10.4829720">
    <ele>539.9</ele>
   </trkpt>
   <trkpt lat="60.2239610" lon="10.4828820">
    <ele>539.7</ele>
   </trkpt>
   <trkpt lat="60.2239160" lon="10.4827100">
    <ele>539.4</ele>
   </trkpt>
   <trkpt lat="60.2238900" lon="10.4824700">
    <ele>539.1</ele>
   </trkpt>
   <trkpt lat="60.2239110" lon="10.4822490">
    <ele>538.8</ele>
   </trkpt>
   <trkpt lat="60.2239380" lon="10.4821080">
    <ele>538.6</ele>
   </trkpt>
   <trkpt lat="60.2239500" lon="10.4820400">
    <ele>538.4</ele>
   </trkpt>
   <trkpt lat="60.2239780" lon="10.4819170">
    <ele>538.2</ele>
   </trkpt>
   <trkpt lat="60.2239950" lon="10.4818580">
    <ele>538.1</ele>
   </trkpt>
   <trkpt lat="60.2240290" lon="10.4817350">
    <ele>537.9</ele>
   </trkpt>
   <trkpt lat="60.2240440" lon="10.4816700">
    <ele>537.8</ele>
   </trkpt>
   <trkpt lat="60.2240970" lon="10.4815030">
    <ele>537.5</ele>
   </trkpt>
   <trkpt lat="60.2241560" lon="10.4813180">
    <ele>537.4</ele>
   </trkpt>
   <trkpt lat="60.2242290" lon="10.4810860">
    <ele>537.3</ele>
   </trkpt>
   <trkpt lat="60.2242870" lon="10.4810010">
    <ele>537.2</ele>
   </trkpt>
   <trkpt lat="60.2243200" lon="10.4808850">
    <ele>537.2</ele>
   </trkpt>
   <trkpt lat="60.2243920" lon="10.4806790">
    <ele>537.3</ele>
   </trkpt>
   <trkpt lat="60.2244370" lon="10.4804580">
    <ele>537.1</ele>
   </trkpt>
   <trkpt lat="60.2244610" lon="10.4803550">
    <ele>537.0</ele>
   </trkpt>
   <trkpt lat="60.2244810" lon="10.4802480">
    <ele>536.8</ele>
   </trkpt>
   <trkpt lat="60.2244990" lon="10.4800570">
    <ele>536.3</ele>
   </trkpt>
   <trkpt lat="60.2245050" lon="10.4799150">
    <ele>535.9</ele>
   </trkpt>
   <trkpt lat="60.2245060" lon="10.4797880">
    <ele>535.7</ele>
   </trkpt>
   <trkpt lat="60.2245170" lon="10.4797610">
    <ele>535.6</ele>
   </trkpt>
   <trkpt lat="60.2245000" lon="10.4797600">
    <ele>535.5</ele>
   </trkpt>
   <trkpt lat="60.2245050" lon="10.4797720">
    <ele>535.5</ele>
   </trkpt>
   <trkpt lat="60.2245100" lon="10.4797900">
    <ele>535.5</ele>
   </trkpt>
   <trkpt lat="60.2245160" lon="10.4797970">
    <ele>535.4</ele>
   </trkpt>
   <trkpt lat="60.2245300" lon="10.4797860">
    <ele>535.4</ele>
   </trkpt>
   <trkpt lat="60.2245460" lon="10.4797660">
    <ele>535.4</ele>
   </trkpt>
   <trkpt lat="60.2245840" lon="10.4795760">
    <ele>535.2</ele>
   </trkpt>
   <trkpt lat="60.2246000" lon="10.4795320">
    <ele>535.2</ele>
   </trkpt>
   <trkpt lat="60.2245880" lon="10.4792860">
    <ele>535.1</ele>
   </trkpt>
   <trkpt lat="60.2245890" lon="10.4792460">
    <ele>535.1</ele>
   </trkpt>
   <trkpt lat="60.2245810" lon="10.4790070">
    <ele>535.1</ele>
   </trkpt>
   <trkpt lat="60.2245960" lon="10.4789200">
    <ele>535.1</ele>
   </trkpt>
   <trkpt lat="60.2245990" lon="10.4787500">
    <ele>534.9</ele>
   </trkpt>
   <trkpt lat="60.2245930" lon="10.4786420">
    <ele>534.8</ele>
   </trkpt>
   <trkpt lat="60.2245820" lon="10.4785460">
    <ele>534.6</ele>
   </trkpt>
   <trkpt lat="60.2245790" lon="10.4785020">
    <ele>534.5</ele>
   </trkpt>
   <trkpt lat="60.2245750" lon="10.4784570">
    <ele>534.4</ele>
   </trkpt>
   <trkpt lat="60.2245010" lon="10.4782110">
    <ele>533.4</ele>
   </trkpt>
   <trkpt lat="60.2244440" lon="10.4780650">
    <ele>532.7</ele>
   </trkpt>
   <trkpt lat="60.2243860" lon="10.4778580">
    <ele>531.8</ele>
   </trkpt>
   <trkpt lat="60.2243150" lon="10.4776680">
    <ele>531.1</ele>
   </trkpt>
   <trkpt lat="60.2243080" lon="10.4776070">
    <ele>531.0</ele>
   </trkpt>
   <trkpt lat="60.2243070" lon="10.4775530">
    <ele>530.9</ele>
   </trkpt>
   <trkpt lat="60.2243240" lon="10.4773060">
    <ele>530.8</ele>
   </trkpt>
   <trkpt lat="60.2243370" lon="10.4772480">
    <ele>530.7</ele>
   </trkpt>
   <trkpt lat="60.2243180" lon="10.4768890">
    <ele>530.7</ele>
   </trkpt>
   <trkpt lat="60.2243470" lon="10.4767640">
    <ele>530.7</ele>
   </trkpt>
   <trkpt lat="60.2243600" lon="10.4766210">
    <ele>530.7</ele>
   </trkpt>
   <trkpt lat="60.2243700" lon="10.4765520">
    <ele>530.8</ele>
   </trkpt>
   <trkpt lat="60.2243820" lon="10.4764320">
    <ele>530.9</ele>
   </trkpt>
   <trkpt lat="60.2244020" lon="10.4762380">
    <ele>531.0</ele>
   </trkpt>
   <trkpt lat="60.2243710" lon="10.4761290">
    <ele>531.0</ele>
   </trkpt>
   <trkpt lat="60.2242770" lon="10.4759540">
    <ele>531.0</ele>
   </trkpt>
   <trkpt lat="60.2241470" lon="10.4757610">
    <ele>531.2</ele>
   </trkpt>
   <trkpt lat="60.2241140" lon="10.4757170">
    <ele>531.3</ele>
   </trkpt>
   <trkpt lat="60.2239560" lon="10.4755140">
    <ele>532.6</ele>
   </trkpt>
   <trkpt lat="60.2239330" lon="10.4754920">
    <ele>532.8</ele>
   </trkpt>
   <trkpt lat="60.2238740" lon="10.4754210">
    <ele>533.4</ele>
   </trkpt>
   <trkpt lat="60.2238020" lon="10.4753970">
    <ele>533.9</ele>
   </trkpt>
   <trkpt lat="60.2237130" lon="10.4753480">
    <ele>534.5</ele>
   </trkpt>
   <trkpt lat="60.2235990" lon="10.4752900">
    <ele>535.1</ele>
   </trkpt>
   <trkpt lat="60.2235490" lon="10.4753380">
    <ele>535.2</ele>
   </trkpt>
   <trkpt lat="60.2234810" lon="10.4753730">
    <ele>535.3</ele>
   </trkpt>
   <trkpt lat="60.2233730" lon="10.4755020">
    <ele>535.3</ele>
   </trkpt>
   <trkpt lat="60.2232560" lon="10.4755500">
    <ele>535.4</ele>
   </trkpt>
   <trkpt lat="60.2232380" lon="10.4755700">
    <ele>535.4</ele>
   </trkpt>
   <trkpt lat="60.2231670" lon="10.4756840">
    <ele>535.5</ele>
   </trkpt>
   <trkpt lat="60.2231470" lon="10.4757220">
    <ele>535.5</ele>
   </trkpt>
   <trkpt lat="60.2230270" lon="10.4759140">
    <ele>535.6</ele>
   </trkpt>
   <trkpt lat="60.2229780" lon="10.4759790">
    <ele>535.7</ele>
   </trkpt>
   <trkpt lat="60.2229110" lon="10.4760490">
    <ele>535.8</ele>
   </trkpt>
   <trkpt lat="60.2227610" lon="10.4762250">
    <ele>536.1</ele>
   </trkpt>
   <trkpt lat="60.2227430" lon="10.4763520">
    <ele>536.2</ele>
   </trkpt>
   <trkpt lat="60.2227110" lon="10.4764540">
    <ele>536.1</ele>
   </trkpt>
   <trkpt lat="60.2225940" lon="10.4766970">
    <ele>535.9</ele>
   </trkpt>
   <trkpt lat="60.2225810" lon="10.4767330">
    <ele>535.9</ele>
   </trkpt>
   <trkpt lat="60.2224480" lon="10.4769240">
    <ele>535.9</ele>
   </trkpt>
   <trkpt lat="60.2223150" lon="10.4770470">
    <ele>536.0</ele>
   </trkpt>
   <trkpt lat="60.2222060" lon="10.4771350">
    <ele>536.2</ele>
   </trkpt>
   <trkpt lat="60.2221220" lon="10.4773040">
    <ele>536.7</ele>
   </trkpt>
   <trkpt lat="60.2219830" lon="10.4774250">
    <ele>537.6</ele>
   </trkpt>
   <trkpt lat="60.2219110" lon="10.4775070">
    <ele>538.3</ele>
   </trkpt>
   <trkpt lat="60.2218860" lon="10.4775550">
    <ele>538.6</ele>
   </trkpt>
   <trkpt lat="60.2218370" lon="10.4777090">
    <ele>539.5</ele>
   </trkpt>
   <trkpt lat="60.2216640" lon="10.4777760">
    <ele>540.9</ele>
   </trkpt>
   <trkpt lat="60.2215500" lon="10.4778460">
    <ele>542.3</ele>
   </trkpt>
   <trkpt lat="60.2214230" lon="10.4778880">
    <ele>543.8</ele>
   </trkpt>
   <trkpt lat="60.2213990" lon="10.4778850">
    <ele>544.1</ele>
   </trkpt>
   <trkpt lat="60.2213860" lon="10.4778980">
    <ele>544.3</ele>
   </trkpt>
   <trkpt lat="60.2213070" lon="10.4779540">
    <ele>545.2</ele>
   </trkpt>
   <trkpt lat="60.2211620" lon="10.4780060">
    <ele>546.7</ele>
   </trkpt>
   <trkpt lat="60.2210310" lon="10.4780440">
    <ele>547.9</ele>
   </trkpt>
   <trkpt lat="60.2209350" lon="10.4781160">
    <ele>548.8</ele>
   </trkpt>
   <trkpt lat="60.2208210" lon="10.4782160">
    <ele>550.0</ele>
   </trkpt>
   <trkpt lat="60.2207950" lon="10.4782600">
    <ele>550.3</ele>
   </trkpt>
   <trkpt lat="60.2206450" lon="10.4783400">
    <ele>551.7</ele>
   </trkpt>
   <trkpt lat="60.2205720" lon="10.4783090">
    <ele>552.3</ele>
   </trkpt>
   <trkpt lat="60.2204670" lon="10.4782980">
    <ele>553.3</ele>
   </trkpt>
   <trkpt lat="60.2203830" lon="10.4783090">
    <ele>553.9</ele>
   </trkpt>
   <trkpt lat="60.2203630" lon="10.4783220">
    <ele>554.1</ele>
   </trkpt>
   <trkpt lat="60.2203160" lon="10.4783320">
    <ele>554.4</ele>
   </trkpt>
   <trkpt lat="60.2202040" lon="10.4783510">
    <ele>555.1</ele>
   </trkpt>
   <trkpt lat="60.2201410" lon="10.4784000">
    <ele>555.4</ele>
   </trkpt>
   <trkpt lat="60.2200840" lon="10.4783990">
    <ele>555.6</ele>
   </trkpt>
   <trkpt lat="60.2198960" lon="10.4784100">
    <ele>556.2</ele>
   </trkpt>
   <trkpt lat="60.2198650" lon="10.4784050">
    <ele>556.2</ele>
   </trkpt>
   <trkpt lat="60.2198360" lon="10.4784170">
    <ele>556.3</ele>
   </trkpt>
   <trkpt lat="60.2197390" lon="10.4785230">
    <ele>556.3</ele>
   </trkpt>
   <trkpt lat="60.2196030" lon="10.4786750">
    <ele>556.2</ele>
   </trkpt>
   <trkpt lat="60.2195470" lon="10.4787140">
    <ele>556.0</ele>
   </trkpt>
   <trkpt lat="60.2194610" lon="10.4787700">
    <ele>555.8</ele>
   </trkpt>
   <trkpt lat="60.2193060" lon="10.4788490">
    <ele>555.3</ele>
   </trkpt>
   <trkpt lat="60.2192390" lon="10.4788950">
    <ele>555.1</ele>
   </trkpt>
   <trkpt lat="60.2191500" lon="10.4789420">
    <ele>554.8</ele>
   </trkpt>
   <trkpt lat="60.2190840" lon="10.4789550">
    <ele>554.7</ele>
   </trkpt>
   <trkpt lat="60.2189060" lon="10.4790660">
    <ele>554.3</ele>
   </trkpt>
   <trkpt lat="60.2187580" lon="10.4791400">
    <ele>554.0</ele>
   </trkpt>
   <trkpt lat="60.2187300" lon="10.4791660">
    <ele>553.9</ele>
   </trkpt>
   <trkpt lat="60.2185430" lon="10.4793130">
    <ele>553.4</ele>
   </trkpt>
   <trkpt lat="60.2184280" lon="10.4795510">
    <ele>552.7</ele>
   </trkpt>
   <trkpt lat="60.2183020" lon="10.4797730">
    <ele>551.7</ele>
   </trkpt>
   <trkpt lat="60.2182740" lon="10.4798190">
    <ele>551.5</ele>
   </trkpt>
   <trkpt lat="60.2181120" lon="10.4800090">
    <ele>550.2</ele>
   </trkpt>
   <trkpt lat="60.2179680" lon="10.4802010">
    <ele>548.9</ele>
   </trkpt>
   <trkpt lat="60.2178520" lon="10.4804010">
    <ele>547.8</ele>
   </trkpt>
   <trkpt lat="60.2176990" lon="10.4806170">
    <ele>546.1</ele>
   </trkpt>
   <trkpt lat="60.2176660" lon="10.4806640">
    <ele>545.7</ele>
   </trkpt>
   <trkpt lat="60.2175440" lon="10.4809310">
    <ele>544.0</ele>
   </trkpt>
   <trkpt lat="60.2174150" lon="10.4811360">
    <ele>542.4</ele>
   </trkpt>
   <trkpt lat="60.2174020" lon="10.4812050">
    <ele>542.0</ele>
   </trkpt>
   <trkpt lat="60.2173600" lon="10.4812920">
    <ele>541.3</ele>
   </trkpt>
   <trkpt lat="60.2172780" lon="10.4815230">
    <ele>539.8</ele>
   </trkpt>
   <trkpt lat="60.2172170" lon="10.4817620">
    <ele>538.4</ele>
   </trkpt>
   <trkpt lat="60.2172050" lon="10.4818290">
    <ele>538.0</ele>
   </trkpt>
   <trkpt lat="60.2170590" lon="10.4819600">
    <ele>536.3</ele>
   </trkpt>
   <trkpt lat="60.2169610" lon="10.4819720">
    <ele>535.2</ele>
   </trkpt>
   <trkpt lat="60.2167890" lon="10.4820110">
    <ele>533.6</ele>
   </trkpt>
   <trkpt lat="60.2166010" lon="10.4821090">
    <ele>531.6</ele>
   </trkpt>
   <trkpt lat="60.2165780" lon="10.4821560">
    <ele>531.2</ele>
   </trkpt>
   <trkpt lat="60.2164580" lon="10.4822190">
    <ele>529.7</ele>
   </trkpt>
   <trkpt lat="60.2162920" lon="10.4821350">
    <ele>527.7</ele>
   </trkpt>
   <trkpt lat="60.2162320" lon="10.4821010">
    <ele>527.0</ele>
   </trkpt>
   <trkpt lat="60.2160850" lon="10.4819710">
    <ele>525.4</ele>
   </trkpt>
   <trkpt lat="60.2160020" lon="10.4818510">
    <ele>524.3</ele>
   </trkpt>
   <trkpt lat="60.2159870" lon="10.4817990">
    <ele>523.9</ele>
   </trkpt>
   <trkpt lat="60.2159630" lon="10.4817030">
    <ele>523.3</ele>
   </trkpt>
   <trkpt lat="60.2159260" lon="10.4814480">
    <ele>521.5</ele>
   </trkpt>
   <trkpt lat="60.2159190" lon="10.4813080">
    <ele>520.5</ele>
   </trkpt>
   <trkpt lat="60.2159280" lon="10.4810460">
    <ele>518.4</ele>
   </trkpt>
   <trkpt lat="60.2159440" lon="10.4809220">
    <ele>517.4</ele>
   </trkpt>
   <trkpt lat="60.2159490" lon="10.4807210">
    <ele>515.7</ele>
   </trkpt>
   <trkpt lat="60.2159550" lon="10.4805800">
    <ele>514.5</ele>
   </trkpt>
   <trkpt lat="60.2159630" lon="10.4803830">
    <ele>512.9</ele>
   </trkpt>
   <trkpt lat="60.2159690" lon="10.4802680">
    <ele>512.1</ele>
   </trkpt>
   <trkpt lat="60.2159840" lon="10.4800940">
    <ele>510.9</ele>
   </trkpt>
   <trkpt lat="60.2159960" lon="10.4800380">
    <ele>510.5</ele>
   </trkpt>
   <trkpt lat="60.2159910" lon="10.4797450">
    <ele>508.5</ele>
   </trkpt>
   <trkpt lat="60.2159930" lon="10.4796650">
    <ele>508.0</ele>
   </trkpt>
   <trkpt lat="60.2160030" lon="10.4793870">
    <ele>506.5</ele>
   </trkpt>
   <trkpt lat="60.2160260" lon="10.4792670">
    <ele>505.9</ele>
   </trkpt>
   <trkpt lat="60.2160450" lon="10.4791360">
    <ele>505.2</ele>
   </trkpt>
   <trkpt lat="60.2160520" lon="10.4790730">
    <ele>504.8</ele>
   </trkpt>
   <trkpt lat="60.2160600" lon="10.4788580">
    <ele>503.6</ele>
   </trkpt>
   <trkpt lat="60.2160910" lon="10.4786770">
    <ele>502.5</ele>
   </trkpt>
   <trkpt lat="60.2161030" lon="10.4786180">
    <ele>502.1</ele>
   </trkpt>
   <trkpt lat="60.2161430" lon="10.4783520">
    <ele>500.7</ele>
   </trkpt>
   <trkpt lat="60.2161470" lon="10.4782780">
    <ele>500.3</ele>
   </trkpt>
   <trkpt lat="60.2161770" lon="10.4780790">
    <ele>498.8</ele>
   </trkpt>
   <trkpt lat="60.2161780" lon="10.4780050">
    <ele>498.6</ele>
   </trkpt>
   <trkpt lat="60.2161830" lon="10.4779320">
    <ele>498.4</ele>
   </trkpt>
   <trkpt lat="60.2161910" lon="10.4778680">
    <ele>498.3</ele>
   </trkpt>
   <trkpt lat="60.2161960" lon="10.4777970">
    <ele>498.1</ele>
   </trkpt>
   <trkpt lat="60.2162110" lon="10.4774950">
    <ele>497.5</ele>
   </trkpt>
   <trkpt lat="60.2162190" lon="10.4771880">
    <ele>496.7</ele>
   </trkpt>
   <trkpt lat="60.2162420" lon="10.4769110">
    <ele>496.1</ele>
   </trkpt>
   <trkpt lat="60.2162660" lon="10.4766720">
    <ele>495.3</ele>
   </trkpt>
   <trkpt lat="60.2162650" lon="10.4765970">
    <ele>495.1</ele>
   </trkpt>
   <trkpt lat="60.2162760" lon="10.4763900">
    <ele>494.3</ele>
   </trkpt>
   <trkpt lat="60.2163110" lon="10.4761880">
    <ele>493.5</ele>
   </trkpt>
   <trkpt lat="60.2163280" lon="10.4761250">
    <ele>493.2</ele>
   </trkpt>
   <trkpt lat="60.2164200" lon="10.4759180">
    <ele>492.3</ele>
   </trkpt>
   <trkpt lat="60.2164910" lon="10.4756880">
    <ele>491.6</ele>
   </trkpt>
   <trkpt lat="60.2165120" lon="10.4755610">
    <ele>491.3</ele>
   </trkpt>
   <trkpt lat="60.2165410" lon="10.4754450">
    <ele>491.0</ele>
   </trkpt>
   <trkpt lat="60.2166280" lon="10.4752520">
    <ele>490.5</ele>
   </trkpt>
   <trkpt lat="60.2166320" lon="10.4751830">
    <ele>490.4</ele>
   </trkpt>
   <trkpt lat="60.2166400" lon="10.4749850">
    <ele>490.0</ele>
   </trkpt>
   <trkpt lat="60.2166610" lon="10.4748820">
    <ele>489.8</ele>
   </trkpt>
   <trkpt lat="60.2166610" lon="10.4747420">
    <ele>489.6</ele>
   </trkpt>
   <trkpt lat="60.2166680" lon="10.4744910">
    <ele>489.1</ele>
   </trkpt>
   <trkpt lat="60.2166800" lon="10.4743780">
    <ele>488.9</ele>
   </trkpt>
   <trkpt lat="60.2166900" lon="10.4742580">
    <ele>488.6</ele>
   </trkpt>
   <trkpt lat="60.2167060" lon="10.4740090">
    <ele>488.1</ele>
   </trkpt>
   <trkpt lat="60.2167290" lon="10.4737540">
    <ele>487.5</ele>
   </trkpt>
   <trkpt lat="60.2167400" lon="10.4736160">
    <ele>487.2</ele>
   </trkpt>
   <trkpt lat="60.2167570" lon="10.4734870">
    <ele>486.9</ele>
   </trkpt>
   <trkpt lat="60.2167920" lon="10.4733120">
    <ele>486.5</ele>
   </trkpt>
   <trkpt lat="60.2167960" lon="10.4732480">
    <ele>486.4</ele>
   </trkpt>
   <trkpt lat="60.2168240" lon="10.4729260">
    <ele>485.6</ele>
   </trkpt>
   <trkpt lat="60.2168530" lon="10.4726120">
    <ele>484.7</ele>
   </trkpt>
   <trkpt lat="60.2168480" lon="10.4724530">
    <ele>484.2</ele>
   </trkpt>
   <trkpt lat="60.2168790" lon="10.4722580">
    <ele>483.6</ele>
   </trkpt>
   <trkpt lat="60.2169090" lon="10.4720570">
    <ele>482.9</ele>
   </trkpt>
   <trkpt lat="60.2169070" lon="10.4719110">
    <ele>482.4</ele>
   </trkpt>
   <trkpt lat="60.2169530" lon="10.4717420">
    <ele>481.8</ele>
   </trkpt>
   <trkpt lat="60.2169680" lon="10.4716820">
    <ele>481.5</ele>
   </trkpt>
   <trkpt lat="60.2170170" lon="10.4714570">
    <ele>480.6</ele>
   </trkpt>
   <trkpt lat="60.2170890" lon="10.4712850">
    <ele>479.8</ele>
   </trkpt>
   <trkpt lat="60.2171100" lon="10.4711020">
    <ele>479.2</ele>
   </trkpt>
   <trkpt lat="60.2171210" lon="10.4709210">
    <ele>478.6</ele>
   </trkpt>
   <trkpt lat="60.2171380" lon="10.4708010">
    <ele>478.2</ele>
   </trkpt>
   <trkpt lat="60.2171460" lon="10.4707360">
    <ele>477.9</ele>
   </trkpt>
   <trkpt lat="60.2172080" lon="10.4705800">
    <ele>477.3</ele>
   </trkpt>
   <trkpt lat="60.2172390" lon="10.4704660">
    <ele>476.9</ele>
   </trkpt>
   <trkpt lat="60.2172520" lon="10.4704030">
    <ele>476.7</ele>
   </trkpt>
   <trkpt lat="60.2173100" lon="10.4702080">
    <ele>476.0</ele>
   </trkpt>
   <trkpt lat="60.2173660" lon="10.4700110">
    <ele>475.2</ele>
   </trkpt>
   <trkpt lat="60.2174120" lon="10.4698580">
    <ele>474.7</ele>
   </trkpt>
   <trkpt lat="60.2173930" lon="10.4697540">
    <ele>474.3</ele>
   </trkpt>
   <trkpt lat="60.2173770" lon="10.4698120">
    <ele>474.1</ele>
   </trkpt>
   <trkpt lat="60.2173650" lon="10.4698520">
    <ele>473.9</ele>
   </trkpt>
   <trkpt lat="60.2173130" lon="10.4699750">
    <ele>473.4</ele>
   </trkpt>
   <trkpt lat="60.2172240" lon="10.4700640">
    <ele>472.9</ele>
   </trkpt>
   <trkpt lat="60.2172000" lon="10.4701170">
    <ele>472.8</ele>
   </trkpt>
   <trkpt lat="60.2171460" lon="10.4703240">
    <ele>472.4</ele>
   </trkpt>
   <trkpt lat="60.2171260" lon="10.4703780">
    <ele>472.3</ele>
   </trkpt>
   <trkpt lat="60.2170410" lon="10.4705170">
    <ele>472.2</ele>
   </trkpt>
   <trkpt lat="60.2170330" lon="10.4705210">
    <ele>472.2</ele>
   </trkpt>
   <trkpt lat="60.2169950" lon="10.4704700">
    <ele>472.1</ele>
   </trkpt>
   <trkpt lat="60.2169710" lon="10.4704020">
    <ele>472.0</ele>
   </trkpt>
   <trkpt lat="60.2169120" lon="10.4701760">
    <ele>470.7</ele>
   </trkpt>
   <trkpt lat="60.2169070" lon="10.4701380">
    <ele>471.3</ele>
   </trkpt>
   <trkpt lat="60.2169030" lon="10.4700670">
    <ele>471.7</ele>
   </trkpt>
   <trkpt lat="60.2169030" lon="10.4700550">
    <ele>472.3</ele>
   </trkpt>
   <trkpt lat="60.2169100" lon="10.4700240">
    <ele>473.2</ele>
   </trkpt>
   <trkpt lat="60.2169240" lon="10.4699930">
    <ele>473.8</ele>
   </trkpt>
   <trkpt lat="60.2169390" lon="10.4700270">
    <ele>474.8</ele>
   </trkpt>
   <trkpt lat="60.2169440" lon="10.4698900">
    <ele>475.1</ele>
   </trkpt>
   <trkpt lat="60.2169310" lon="10.4698190">
    <ele>475.8</ele>
   </trkpt>
   <trkpt lat="60.2169270" lon="10.4697550">
    <ele>476.8</ele>
   </trkpt>
   <trkpt lat="60.2169360" lon="10.4697230">
    <ele>477.5</ele>
   </trkpt>
   <trkpt lat="60.2169770" lon="10.4695090">
    <ele>479.3</ele>
   </trkpt>
   <trkpt lat="60.2169660" lon="10.4694800">
    <ele>479.4</ele>
   </trkpt>
   <trkpt lat="60.2169360" lon="10.4694220">
    <ele>479.7</ele>
   </trkpt>
   <trkpt lat="60.2168810" lon="10.4692830">
    <ele>480.1</ele>
   </trkpt>
   <trkpt lat="60.2168480" lon="10.4691980">
    <ele>480.4</ele>
   </trkpt>
   <trkpt lat="60.2168400" lon="10.4691590">
    <ele>480.6</ele>
   </trkpt>
   <trkpt lat="60.2167710" lon="10.4690730">
    <ele>481.0</ele>
   </trkpt>
   <trkpt lat="60.2167480" lon="10.4690150">
    <ele>481.6</ele>
   </trkpt>
   <trkpt lat="60.2166790" lon="10.4688960">
    <ele>483.5</ele>
   </trkpt>
   <trkpt lat="60.2166830" lon="10.4688830">
    <ele>483.7</ele>
   </trkpt>
   <trkpt lat="60.2166960" lon="10.4688530">
    <ele>484.1</ele>
   </trkpt>
   <trkpt lat="60.2166720" lon="10.4687750">
    <ele>485.0</ele>
   </trkpt>
   <trkpt lat="60.2166770" lon="10.4687010">
    <ele>485.6</ele>
   </trkpt>
   <trkpt lat="60.2166660" lon="10.4686720">
    <ele>485.9</ele>
   </trkpt>
   <trkpt lat="60.2165510" lon="10.4685480">
    <ele>487.8</ele>
   </trkpt>
   <trkpt lat="60.2165040" lon="10.4684950">
    <ele>488.5</ele>
   </trkpt>
   <trkpt lat="60.2164310" lon="10.4684730">
    <ele>489.5</ele>
   </trkpt>
   <trkpt lat="60.2164100" lon="10.4684750">
    <ele>489.7</ele>
   </trkpt>
   <trkpt lat="60.2163820" lon="10.4684850">
    <ele>490.1</ele>
   </trkpt>
   <trkpt lat="60.2163700" lon="10.4684340">
    <ele>490.4</ele>
   </trkpt>
   <trkpt lat="60.2163590" lon="10.4683910">
    <ele>490.7</ele>
   </trkpt>
   <trkpt lat="60.2163310" lon="10.4683420">
    <ele>491.2</ele>
   </trkpt>
   <trkpt lat="60.2163220" lon="10.4683040">
    <ele>491.4</ele>
   </trkpt>
   <trkpt lat="60.2163210" lon="10.4681540">
    <ele>492.3</ele>
   </trkpt>
   <trkpt lat="60.2163210" lon="10.4681280">
    <ele>492.5</ele>
   </trkpt>
   <trkpt lat="60.2162930" lon="10.4680540">
    <ele>493.1</ele>
   </trkpt>
   <trkpt lat="60.2162180" lon="10.4679430">
    <ele>494.5</ele>
   </trkpt>
   <trkpt lat="60.2161790" lon="10.4678960">
    <ele>495.2</ele>
   </trkpt>
   <trkpt lat="60.2161540" lon="10.4678330">
    <ele>495.8</ele>
   </trkpt>
   <trkpt lat="60.2161390" lon="10.4677680">
    <ele>496.3</ele>
   </trkpt>
   <trkpt lat="60.2161580" lon="10.4676500">
    <ele>497.2</ele>
   </trkpt>
   <trkpt lat="60.2161630" lon="10.4675740">
    <ele>497.8</ele>
   </trkpt>
   <trkpt lat="60.2161750" lon="10.4675140">
    <ele>498.3</ele>
   </trkpt>
   <trkpt lat="60.2161740" lon="10.4674880">
    <ele>498.5</ele>
   </trkpt>
   <trkpt lat="60.2161590" lon="10.4673790">
    <ele>499.5</ele>
   </trkpt>
   <trkpt lat="60.2161580" lon="10.4673620">
    <ele>499.7</ele>
   </trkpt>
   <trkpt lat="60.2161410" lon="10.4673160">
    <ele>500.2</ele>
   </trkpt>
   <trkpt lat="60.2161180" lon="10.4672920">
    <ele>500.8</ele>
   </trkpt>
   <trkpt lat="60.2161120" lon="10.4672080">
    <ele>501.7</ele>
   </trkpt>
   <trkpt lat="60.2160690" lon="10.4671410">
    <ele>503.0</ele>
   </trkpt>
   <trkpt lat="60.2160670" lon="10.4671260">
    <ele>503.1</ele>
   </trkpt>
   <trkpt lat="60.2160540" lon="10.4671210">
    <ele>503.5</ele>
   </trkpt>
   <trkpt lat="60.2160140" lon="10.4671100">
    <ele>504.4</ele>
   </trkpt>
   <trkpt lat="60.2159970" lon="10.4670760">
    <ele>504.9</ele>
   </trkpt>
   <trkpt lat="60.2159710" lon="10.4670220">
    <ele>505.7</ele>
   </trkpt>
   <trkpt lat="60.2159620" lon="10.4669980">
    <ele>506.0</ele>
   </trkpt>
   <trkpt lat="60.2159550" lon="10.4669720">
    <ele>506.3</ele>
   </trkpt>
   <trkpt lat="60.2159060" lon="10.4669340">
    <ele>507.1</ele>
   </trkpt>
   <trkpt lat="60.2158660" lon="10.4668460">
    <ele>507.9</ele>
   </trkpt>
   <trkpt lat="60.2158590" lon="10.4668330">
    <ele>508.0</ele>
   </trkpt>
   <trkpt lat="60.2158220" lon="10.4668510">
    <ele>508.5</ele>
   </trkpt>
   <trkpt lat="60.2158160" lon="10.4668420">
    <ele>508.6</ele>
   </trkpt>
   <trkpt lat="60.2158090" lon="10.4667950">
    <ele>508.9</ele>
   </trkpt>
   <trkpt lat="60.2158130" lon="10.4667330">
    <ele>509.3</ele>
   </trkpt>
   <trkpt lat="60.2158220" lon="10.4666800">
    <ele>509.7</ele>
   </trkpt>
   <trkpt lat="60.2158120" lon="10.4666160">
    <ele>510.2</ele>
   </trkpt>
   <trkpt lat="60.2158080" lon="10.4665940">
    <ele>510.3</ele>
   </trkpt>
   <trkpt lat="60.2158070" lon="10.4665440">
    <ele>510.7</ele>
   </trkpt>
   <trkpt lat="60.2157660" lon="10.4664420">
    <ele>511.6</ele>
   </trkpt>
   <trkpt lat="60.2157640" lon="10.4664260">
    <ele>511.7</ele>
   </trkpt>
   <trkpt lat="60.2157520" lon="10.4663990">
    <ele>512.0</ele>
   </trkpt>
   <trkpt lat="60.2157390" lon="10.4663840">
    <ele>512.2</ele>
   </trkpt>
   <trkpt lat="60.2157180" lon="10.4663380">
    <ele>512.7</ele>
   </trkpt>
   <trkpt lat="60.2156460" lon="10.4661820">
    <ele>514.4</ele>
   </trkpt>
   <trkpt lat="60.2156090" lon="10.4661180">
    <ele>515.2</ele>
   </trkpt>
   <trkpt lat="60.2155950" lon="10.4660470">
    <ele>516.0</ele>
   </trkpt>
   <trkpt lat="60.2155840" lon="10.4660130">
    <ele>516.4</ele>
   </trkpt>
   <trkpt lat="60.2155710" lon="10.4659770">
    <ele>516.8</ele>
   </trkpt>
   <trkpt lat="60.2155710" lon="10.4659560">
    <ele>517.0</ele>
   </trkpt>
   <trkpt lat="60.2155640" lon="10.4658420">
    <ele>518.1</ele>
   </trkpt>
   <trkpt lat="60.2155750" lon="10.4657800">
    <ele>518.6</ele>
   </trkpt>
   <trkpt lat="60.2155780" lon="10.4657460">
    <ele>518.9</ele>
   </trkpt>
   <trkpt lat="60.2155820" lon="10.4655770">
    <ele>520.0</ele>
   </trkpt>
   <trkpt lat="60.2155540" lon="10.4654750">
    <ele>520.5</ele>
   </trkpt>
   <trkpt lat="60.2155530" lon="10.4654370">
    <ele>520.6</ele>
   </trkpt>
   <trkpt lat="60.2155050" lon="10.4653170">
    <ele>521.1</ele>
   </trkpt>
   <trkpt lat="60.2155070" lon="10.4652890">
    <ele>521.1</ele>
   </trkpt>
   <trkpt lat="60.2154470" lon="10.4651480">
    <ele>521.6</ele>
   </trkpt>
   <trkpt lat="60.2154090" lon="10.4650550">
    <ele>522.0</ele>
   </trkpt>
   <trkpt lat="60.2153990" lon="10.4650220">
    <ele>522.2</ele>
   </trkpt>
   <trkpt lat="60.2153730" lon="10.4649840">
    <ele>522.6</ele>
   </trkpt>
   <trkpt lat="60.2153580" lon="10.4649430">
    <ele>523.0</ele>
   </trkpt>
   <trkpt lat="60.2153350" lon="10.4648970">
    <ele>523.4</ele>
   </trkpt>
   <trkpt lat="60.2153270" lon="10.4648790">
    <ele>523.6</ele>
   </trkpt>
   <trkpt lat="60.2152750" lon="10.4648250">
    <ele>524.5</ele>
   </trkpt>
   <trkpt lat="60.2152330" lon="10.4648130">
    <ele>525.1</ele>
   </trkpt>
   <trkpt lat="60.2151890" lon="10.4648070">
    <ele>525.6</ele>
   </trkpt>
   <trkpt lat="60.2151630" lon="10.4648180">
    <ele>525.8</ele>
   </trkpt>
   <trkpt lat="60.2151450" lon="10.4648410">
    <ele>525.9</ele>
   </trkpt>
   <trkpt lat="60.2151190" lon="10.4648290">
    <ele>526.0</ele>
   </trkpt>
   <trkpt lat="60.2150610" lon="10.4648080">
    <ele>526.3</ele>
   </trkpt>
   <trkpt lat="60.2150220" lon="10.4648080">
    <ele>526.4</ele>
   </trkpt>
   <trkpt lat="60.2149690" lon="10.4647910">
    <ele>526.6</ele>
   </trkpt>
   <trkpt lat="60.2149290" lon="10.4648030">
    <ele>526.8</ele>
   </trkpt>
   <trkpt lat="60.2148890" lon="10.4648160">
    <ele>527.0</ele>
   </trkpt>
   <trkpt lat="60.2148460" lon="10.4647920">
    <ele>527.3</ele>
   </trkpt>
   <trkpt lat="60.2148570" lon="10.4647600">
    <ele>527.4</ele>
   </trkpt>
   <trkpt lat="60.2148520" lon="10.4647490">
    <ele>527.5</ele>
   </trkpt>
   <trkpt lat="60.2148400" lon="10.4647100">
    <ele>527.7</ele>
   </trkpt>
   <trkpt lat="60.2148180" lon="10.4645860">
    <ele>528.5</ele>
   </trkpt>
   <trkpt lat="60.2148010" lon="10.4645410">
    <ele>528.8</ele>
   </trkpt>
   <trkpt lat="60.2147820" lon="10.4644900">
    <ele>529.2</ele>
   </trkpt>
   <trkpt lat="60.2147730" lon="10.4644430">
    <ele>529.6</ele>
   </trkpt>
   <trkpt lat="60.2147600" lon="10.4644050">
    <ele>529.9</ele>
   </trkpt>
   <trkpt lat="60.2147550" lon="10.4643940">
    <ele>530.0</ele>
   </trkpt>
   <trkpt lat="60.2147420" lon="10.4643830">
    <ele>530.2</ele>
   </trkpt>
   <trkpt lat="60.2147060" lon="10.4643470">
    <ele>530.8</ele>
   </trkpt>
   <trkpt lat="60.2146980" lon="10.4643240">
    <ele>531.0</ele>
   </trkpt>
   <trkpt lat="60.2146820" lon="10.4643030">
    <ele>531.4</ele>
   </trkpt>
   <trkpt lat="60.2145970" lon="10.4641410">
    <ele>533.6</ele>
   </trkpt>
   <trkpt lat="60.2145380" lon="10.4640550">
    <ele>535.0</ele>
   </trkpt>
   <trkpt lat="60.2145300" lon="10.4640410">
    <ele>535.2</ele>
   </trkpt>
   <trkpt lat="60.2145020" lon="10.4639950">
    <ele>535.8</ele>
   </trkpt>
   <trkpt lat="60.2144900" lon="10.4639260">
    <ele>536.3</ele>
   </trkpt>
   <trkpt lat="60.2144870" lon="10.4639010">
    <ele>536.5</ele>
   </trkpt>
   <trkpt lat="60.2144870" lon="10.4638760">
    <ele>536.6</ele>
   </trkpt>
   <trkpt lat="60.2144590" lon="10.4638290">
    <ele>537.0</ele>
   </trkpt>
   <trkpt lat="60.2144420" lon="10.4638190">
    <ele>537.2</ele>
   </trkpt>
   <trkpt lat="60.2142800" lon="10.4636710">
    <ele>538.6</ele>
   </trkpt>
   <trkpt lat="60.2141390" lon="10.4635650">
    <ele>539.8</ele>
   </trkpt>
   <trkpt lat="60.2140830" lon="10.4634960">
    <ele>540.6</ele>
   </trkpt>
   <trkpt lat="60.2140790" lon="10.4634550">
    <ele>540.8</ele>
   </trkpt>
   <trkpt lat="60.2140730" lon="10.4633660">
    <ele>541.4</ele>
   </trkpt>
   <trkpt lat="60.2141050" lon="10.4632050">
    <ele>541.9</ele>
   </trkpt>
   <trkpt lat="60.2141200" lon="10.4631360">
    <ele>542.1</ele>
   </trkpt>
   <trkpt lat="60.2141330" lon="10.4629780">
    <ele>542.6</ele>
   </trkpt>
   <trkpt lat="60.2141230" lon="10.4628870">
    <ele>542.9</ele>
   </trkpt>
   <trkpt lat="60.2140780" lon="10.4627790">
    <ele>543.5</ele>
   </trkpt>
   <trkpt lat="60.2140390" lon="10.4627480">
    <ele>543.9</ele>
   </trkpt>
   <trkpt lat="60.2139880" lon="10.4627060">
    <ele>544.4</ele>
   </trkpt>
   <trkpt lat="60.2139490" lon="10.4626970">
    <ele>544.7</ele>
   </trkpt>
   <trkpt lat="60.2139250" lon="10.4627000">
    <ele>544.9</ele>
   </trkpt>
   <trkpt lat="60.2138790" lon="10.4627090">
    <ele>545.3</ele>
   </trkpt>
   <trkpt lat="60.2137930" lon="10.4626930">
    <ele>545.9</ele>
   </trkpt>
   <trkpt lat="60.2137680" lon="10.4626760">
    <ele>546.1</ele>
   </trkpt>
   <trkpt lat="60.2137480" lon="10.4626680">
    <ele>546.2</ele>
   </trkpt>
   <trkpt lat="60.2137320" lon="10.4626780">
    <ele>546.4</ele>
   </trkpt>
   <trkpt lat="60.2137170" lon="10.4627030">
    <ele>546.5</ele>
   </trkpt>
   <trkpt lat="60.2137010" lon="10.4627270">
    <ele>546.7</ele>
   </trkpt>
   <trkpt lat="60.2136430" lon="10.4628060">
    <ele>547.4</ele>
   </trkpt>
   <trkpt lat="60.2136130" lon="10.4627970">
    <ele>547.8</ele>
   </trkpt>
   <trkpt lat="60.2135920" lon="10.4628050">
    <ele>548.0</ele>
   </trkpt>
   <trkpt lat="60.2135730" lon="10.4628050">
    <ele>548.2</ele>
   </trkpt>
   <trkpt lat="60.2135270" lon="10.4628270">
    <ele>548.7</ele>
   </trkpt>
   <trkpt lat="60.2134850" lon="10.4628120">
    <ele>549.1</ele>
   </trkpt>
   <trkpt lat="60.2134340" lon="10.4627990">
    <ele>549.5</ele>
   </trkpt>
   <trkpt lat="60.2134230" lon="10.4627990">
    <ele>549.6</ele>
   </trkpt>
   <trkpt lat="60.2133570" lon="10.4627680">
    <ele>550.3</ele>
   </trkpt>
   <trkpt lat="60.2133300" lon="10.4627290">
    <ele>550.6</ele>
   </trkpt>
   <trkpt lat="60.2132940" lon="10.4626790">
    <ele>551.0</ele>
   </trkpt>
   <trkpt lat="60.2132720" lon="10.4626490">
    <ele>551.3</ele>
   </trkpt>
   <trkpt lat="60.2132150" lon="10.4626150">
    <ele>551.9</ele>
   </trkpt>
   <trkpt lat="60.2132050" lon="10.4626150">
    <ele>552.0</ele>
   </trkpt>
   <trkpt lat="60.2131460" lon="10.4625840">
    <ele>552.6</ele>
   </trkpt>
   <trkpt lat="60.2131400" lon="10.4625750">
    <ele>552.6</ele>
   </trkpt>
   <trkpt lat="60.2131290" lon="10.4625730">
    <ele>552.7</ele>
   </trkpt>
   <trkpt lat="60.2131020" lon="10.4625720">
    <ele>553.0</ele>
   </trkpt>
   <trkpt lat="60.2130920" lon="10.4625770">
    <ele>553.0</ele>
   </trkpt>
   <trkpt lat="60.2130490" lon="10.4625490">
    <ele>553.4</ele>
   </trkpt>
   <trkpt lat="60.2130350" lon="10.4625330">
    <ele>553.5</ele>
   </trkpt>
   <trkpt lat="60.2129960" lon="10.4624640">
    <ele>554.0</ele>
   </trkpt>
   <trkpt lat="60.2129620" lon="10.4624330">
    <ele>554.3</ele>
   </trkpt>
   <trkpt lat="60.2129420" lon="10.4623780">
    <ele>554.6</ele>
   </trkpt>
   <trkpt lat="60.2129300" lon="10.4623570">
    <ele>554.8</ele>
   </trkpt>
   <trkpt lat="60.2129160" lon="10.4623450">
    <ele>554.9</ele>
   </trkpt>
   <trkpt lat="60.2128040" lon="10.4622090">
    <ele>556.2</ele>
   </trkpt>
   <trkpt lat="60.2127620" lon="10.4621910">
    <ele>556.6</ele>
   </trkpt>
   <trkpt lat="60.2126650" lon="10.4621320">
    <ele>557.8</ele>
   </trkpt>
   <trkpt lat="60.2125940" lon="10.4620890">
    <ele>558.5</ele>
   </trkpt>
   <trkpt lat="60.2125870" lon="10.4620790">
    <ele>558.6</ele>
   </trkpt>
   <trkpt lat="60.2125810" lon="10.4620630">
    <ele>558.7</ele>
   </trkpt>
   <trkpt lat="60.2125700" lon="10.4620360">
    <ele>558.9</ele>
   </trkpt>
   <trkpt lat="60.2125580" lon="10.4620250">
    <ele>559.0</ele>
   </trkpt>
   <trkpt lat="60.2125150" lon="10.4620210">
    <ele>559.4</ele>
   </trkpt>
   <trkpt lat="60.2124990" lon="10.4620290">
    <ele>559.6</ele>
   </trkpt>
   <trkpt lat="60.2123590" lon="10.4620170">
    <ele>561.2</ele>
   </trkpt>
   <trkpt lat="60.2123510" lon="10.4620450">
    <ele>561.5</ele>
   </trkpt>
   <trkpt lat="60.2123040" lon="10.4620480">
    <ele>562.1</ele>
   </trkpt>
   <trkpt lat="60.2122970" lon="10.4620440">
    <ele>562.2</ele>
   </trkpt>
   <trkpt lat="60.2122760" lon="10.4620330">
    <ele>562.5</ele>
   </trkpt>
   <trkpt lat="60.2122740" lon="10.4620030">
    <ele>562.7</ele>
   </trkpt>
   <trkpt lat="60.2122600" lon="10.4619690">
    <ele>563.0</ele>
   </trkpt>
   <trkpt lat="60.2122400" lon="10.4619450">
    <ele>563.3</ele>
   </trkpt>
   <trkpt lat="60.2122390" lon="10.4619280">
    <ele>563.4</ele>
   </trkpt>
   <trkpt lat="60.2122400" lon="10.4619140">
    <ele>563.5</ele>
   </trkpt>
   <trkpt lat="60.2122420" lon="10.4619050">
    <ele>563.6</ele>
   </trkpt>
   <trkpt lat="60.2122250" lon="10.4618280">
    <ele>564.1</ele>
   </trkpt>
   <trkpt lat="60.2122110" lon="10.4618020">
    <ele>564.4</ele>
   </trkpt>
   <trkpt lat="60.2122020" lon="10.4617220">
    <ele>564.9</ele>
   </trkpt>
   <trkpt lat="60.2121820" lon="10.4616960">
    <ele>565.2</ele>
   </trkpt>
   <trkpt lat="60.2121790" lon="10.4616810">
    <ele>565.3</ele>
   </trkpt>
   <trkpt lat="60.2121770" lon="10.4616370">
    <ele>565.6</ele>
   </trkpt>
   <trkpt lat="60.2121660" lon="10.4616280">
    <ele>565.8</ele>
   </trkpt>
   <trkpt lat="60.2121240" lon="10.4616080">
    <ele>566.4</ele>
   </trkpt>
   <trkpt lat="60.2121140" lon="10.4615910">
    <ele>566.6</ele>
   </trkpt>
   <trkpt lat="60.2120550" lon="10.4615430">
    <ele>567.5</ele>
   </trkpt>
   <trkpt lat="60.2120390" lon="10.4615130">
    <ele>567.9</ele>
   </trkpt>
   <trkpt lat="60.2119920" lon="10.4614530">
    <ele>568.5</ele>
   </trkpt>
   <trkpt lat="60.2119920" lon="10.4614510">
    <ele>568.6</ele>
   </trkpt>
   <trkpt lat="60.2119620" lon="10.4614570">
    <ele>568.9</ele>
   </trkpt>
   <trkpt lat="60.2119560" lon="10.4614540">
    <ele>568.9</ele>
   </trkpt>
   <trkpt lat="60.2119160" lon="10.4614330">
    <ele>569.4</ele>
   </trkpt>
   <trkpt lat="60.2118660" lon="10.4614110">
    <ele>569.9</ele>
   </trkpt>
   <trkpt lat="60.2118510" lon="10.4613990">
    <ele>570.1</ele>
   </trkpt>
   <trkpt lat="60.2118290" lon="10.4613650">
    <ele>570.4</ele>
   </trkpt>
   <trkpt lat="60.2117720" lon="10.4613120">
    <ele>571.2</ele>
   </trkpt>
   <trkpt lat="60.2117280" lon="10.4612880">
    <ele>571.9</ele>
   </trkpt>
   <trkpt lat="60.2116880" lon="10.4612710">
    <ele>572.5</ele>
   </trkpt>
   <trkpt lat="60.2116780" lon="10.4612610">
    <ele>572.7</ele>
   </trkpt>
   <trkpt lat="60.2116690" lon="10.4612160">
    <ele>573.0</ele>
   </trkpt>
   <trkpt lat="60.2116030" lon="10.4610660">
    <ele>574.5</ele>
   </trkpt>
   <trkpt lat="60.2115540" lon="10.4609170">
    <ele>576.1</ele>
   </trkpt>
   <trkpt lat="60.2115540" lon="10.4609060">
    <ele>576.2</ele>
   </trkpt>
   <trkpt lat="60.2115210" lon="10.4608500">
    <ele>577.1</ele>
   </trkpt>
   <trkpt lat="60.2115150" lon="10.4607910">
    <ele>577.7</ele>
   </trkpt>
   <trkpt lat="60.2115130" lon="10.4607360">
    <ele>578.2</ele>
   </trkpt>
   <trkpt lat="60.2115410" lon="10.4606670">
    <ele>579.1</ele>
   </trkpt>
   <trkpt lat="60.2115570" lon="10.4606110">
    <ele>579.7</ele>
   </trkpt>
   <trkpt lat="60.2115740" lon="10.4605580">
    <ele>580.2</ele>
   </trkpt>
   <trkpt lat="60.2116200" lon="10.4604660">
    <ele>581.3</ele>
   </trkpt>
   <trkpt lat="60.2116120" lon="10.4603680">
    <ele>581.9</ele>
   </trkpt>
   <trkpt lat="60.2116180" lon="10.4602430">
    <ele>582.5</ele>
   </trkpt>
   <trkpt lat="60.2116330" lon="10.4601700">
    <ele>582.8</ele>
   </trkpt>
   <trkpt lat="60.2116860" lon="10.4600410">
    <ele>583.4</ele>
   </trkpt>
   <trkpt lat="60.2116970" lon="10.4600130">
    <ele>583.5</ele>
   </trkpt>
   <trkpt lat="60.2117600" lon="10.4599830">
    <ele>584.1</ele>
   </trkpt>
   <trkpt lat="60.2118140" lon="10.4599630">
    <ele>584.7</ele>
   </trkpt>
   <trkpt lat="60.2118260" lon="10.4599530">
    <ele>584.8</ele>
   </trkpt>
   <trkpt lat="60.2119290" lon="10.4598670">
    <ele>585.9</ele>
   </trkpt>
   <trkpt lat="60.2120100" lon="10.4597590">
    <ele>586.3</ele>
   </trkpt>
   <trkpt lat="60.2120330" lon="10.4597440">
    <ele>586.3</ele>
   </trkpt>
   <trkpt lat="60.2120990" lon="10.4596060">
    <ele>586.1</ele>
   </trkpt>
   <trkpt lat="60.2120920" lon="10.4595430">
    <ele>586.0</ele>
   </trkpt>
   <trkpt lat="60.2120710" lon="10.4593920">
    <ele>585.8</ele>
   </trkpt>
   <trkpt lat="60.2120870" lon="10.4593450">
    <ele>585.7</ele>
   </trkpt>
   <trkpt lat="60.2121080" lon="10.4591120">
    <ele>585.3</ele>
   </trkpt>
   <trkpt lat="60.2121160" lon="10.4590640">
    <ele>585.1</ele>
   </trkpt>
   <trkpt lat="60.2121600" lon="10.4587630">
    <ele>584.3</ele>
   </trkpt>
   <trkpt lat="60.2121600" lon="10.4587100">
    <ele>584.1</ele>
   </trkpt>
   <trkpt lat="60.2121960" lon="10.4586250">
    <ele>583.8</ele>
   </trkpt>
   <trkpt lat="60.2122430" lon="10.4583880">
    <ele>583.1</ele>
   </trkpt>
   <trkpt lat="60.2122980" lon="10.4582590">
    <ele>582.6</ele>
   </trkpt>
   <trkpt lat="60.2122950" lon="10.4581870">
    <ele>582.4</ele>
   </trkpt>
   <trkpt lat="60.2122970" lon="10.4580720">
    <ele>582.0</ele>
   </trkpt>
   <trkpt lat="60.2123440" lon="10.4579850">
    <ele>581.4</ele>
   </trkpt>
   <trkpt lat="60.2123830" lon="10.4579150">
    <ele>580.8</ele>
   </trkpt>
   <trkpt lat="60.2123990" lon="10.4578000">
    <ele>579.3</ele>
   </trkpt>
   <trkpt lat="60.2124140" lon="10.4577770">
    <ele>578.8</ele>
   </trkpt>
   <trkpt lat="60.2124920" lon="10.4576960">
    <ele>577.7</ele>
   </trkpt>
   <trkpt lat="60.2125760" lon="10.4576470">
    <ele>577.1</ele>
   </trkpt>
   <trkpt lat="60.2126540" lon="10.4576340">
    <ele>577.0</ele>
   </trkpt>
   <trkpt lat="60.2126910" lon="10.4576270">
    <ele>576.9</ele>
   </trkpt>
   <trkpt lat="60.2127140" lon="10.4574980">
    <ele>576.0</ele>
   </trkpt>
   <trkpt lat="60.2126910" lon="10.4571800">
    <ele>574.4</ele>
   </trkpt>
   <trkpt lat="60.2126630" lon="10.4569520">
    <ele>573.6</ele>
   </trkpt>
   <trkpt lat="60.2125530" lon="10.4567220">
    <ele>572.8</ele>
   </trkpt>
   <trkpt lat="60.2124440" lon="10.4564940">
    <ele>571.8</ele>
   </trkpt>
   <trkpt lat="60.2124020" lon="10.4564330">
    <ele>571.1</ele>
   </trkpt>
   <trkpt lat="60.2123950" lon="10.4564300">
    <ele>571.1</ele>
   </trkpt>
   <trkpt lat="60.2123750" lon="10.4564500">
    <ele>570.9</ele>
   </trkpt>
   <trkpt lat="60.2123000" lon="10.4562030">
    <ele>568.7</ele>
   </trkpt>
   <trkpt lat="60.2122810" lon="10.4559760">
    <ele>566.3</ele>
   </trkpt>
   <trkpt lat="60.2122600" lon="10.4556460">
    <ele>563.3</ele>
   </trkpt>
   <trkpt lat="60.2122780" lon="10.4554900">
    <ele>561.8</ele>
   </trkpt>
   <trkpt lat="60.2122670" lon="10.4554110">
    <ele>560.8</ele>
   </trkpt>
   <trkpt lat="60.2122540" lon="10.4552890">
    <ele>559.4</ele>
   </trkpt>
   <trkpt lat="60.2122420" lon="10.4551090">
    <ele>557.9</ele>
   </trkpt>
   <trkpt lat="60.2122390" lon="10.4549750">
    <ele>556.9</ele>
   </trkpt>
   <trkpt lat="60.2122180" lon="10.4548260">
    <ele>555.6</ele>
   </trkpt>
   <trkpt lat="60.2122170" lon="10.4547180">
    <ele>554.6</ele>
   </trkpt>
   <trkpt lat="60.2122200" lon="10.4546140">
    <ele>554.1</ele>
   </trkpt>
   <trkpt lat="60.2122150" lon="10.4545120">
    <ele>553.5</ele>
   </trkpt>
   <trkpt lat="60.2121970" lon="10.4544590">
    <ele>553.2</ele>
   </trkpt>
   <trkpt lat="60.2121720" lon="10.4544250">
    <ele>552.8</ele>
   </trkpt>
   <trkpt lat="60.2120990" lon="10.4544270">
    <ele>551.1</ele>
   </trkpt>
   <trkpt lat="60.2120680" lon="10.4544040">
    <ele>550.6</ele>
   </trkpt>
   <trkpt lat="60.2120250" lon="10.4543030">
    <ele>549.5</ele>
   </trkpt>
   <trkpt lat="60.2119910" lon="10.4542200">
    <ele>548.7</ele>
   </trkpt>
   <trkpt lat="60.2119810" lon="10.4541700">
    <ele>548.6</ele>
   </trkpt>
   <trkpt lat="60.2119530" lon="10.4541130">
    <ele>548.1</ele>
   </trkpt>
   <trkpt lat="60.2119390" lon="10.4540810">
    <ele>548.0</ele>
   </trkpt>
   <trkpt lat="60.2118740" lon="10.4539820">
    <ele>547.6</ele>
   </trkpt>
   <trkpt lat="60.2118360" lon="10.4538780">
    <ele>547.4</ele>
   </trkpt>
   <trkpt lat="60.2118190" lon="10.4537720">
    <ele>547.0</ele>
   </trkpt>
   <trkpt lat="60.2118190" lon="10.4536890">
    <ele>546.8</ele>
   </trkpt>
   <trkpt lat="60.2118220" lon="10.4536430">
    <ele>546.6</ele>
   </trkpt>
   <trkpt lat="60.2118420" lon="10.4536070">
    <ele>546.4</ele>
   </trkpt>
   <trkpt lat="60.2118500" lon="10.4535710">
    <ele>546.2</ele>
   </trkpt>
   <trkpt lat="60.2118790" lon="10.4534980">
    <ele>546.1</ele>
   </trkpt>
   <trkpt lat="60.2118880" lon="10.4534650">
    <ele>545.9</ele>
   </trkpt>
   <trkpt lat="60.2119040" lon="10.4534330">
    <ele>545.7</ele>
   </trkpt>
   <trkpt lat="60.2119150" lon="10.4533850">
    <ele>545.5</ele>
   </trkpt>
   <trkpt lat="60.2119340" lon="10.4532970">
    <ele>545.2</ele>
   </trkpt>
   <trkpt lat="60.2119260" lon="10.4531650">
    <ele>544.6</ele>
   </trkpt>
   <trkpt lat="60.2119180" lon="10.4531210">
    <ele>544.4</ele>
   </trkpt>
   <trkpt lat="60.2118840" lon="10.4529650">
    <ele>543.5</ele>
   </trkpt>
   <trkpt lat="60.2118880" lon="10.4529910">
    <ele>543.7</ele>
   </trkpt>
   <trkpt lat="60.2118850" lon="10.4529890">
    <ele>543.7</ele>
   </trkpt>
   <trkpt lat="60.2118620" lon="10.4528510">
    <ele>543.1</ele>
   </trkpt>
   <trkpt lat="60.2118520" lon="10.4525470">
    <ele>540.9</ele>
   </trkpt>
   <trkpt lat="60.2118390" lon="10.4524760">
    <ele>540.4</ele>
   </trkpt>
   <trkpt lat="60.2118370" lon="10.4523960">
    <ele>539.6</ele>
   </trkpt>
   <trkpt lat="60.2118030" lon="10.4522920">
    <ele>539.1</ele>
   </trkpt>
   <trkpt lat="60.2118020" lon="10.4521700">
    <ele>538.3</ele>
   </trkpt>
   <trkpt lat="60.2118060" lon="10.4520210">
    <ele>537.6</ele>
   </trkpt>
   <trkpt lat="60.2118650" lon="10.4518810">
    <ele>537.0</ele>
   </trkpt>
   <trkpt lat="60.2119120" lon="10.4516700">
    <ele>536.8</ele>
   </trkpt>
   <trkpt lat="60.2119380" lon="10.4513400">
    <ele>536.5</ele>
   </trkpt>
   <trkpt lat="60.2119710" lon="10.4510580">
    <ele>536.4</ele>
   </trkpt>
   <trkpt lat="60.2120570" lon="10.4508410">
    <ele>536.5</ele>
   </trkpt>
   <trkpt lat="60.2120610" lon="10.4507730">
    <ele>536.5</ele>
   </trkpt>
   <trkpt lat="60.2120730" lon="10.4507160">
    <ele>536.6</ele>
   </trkpt>
   <trkpt lat="60.2120840" lon="10.4504910">
    <ele>536.7</ele>
   </trkpt>
   <trkpt lat="60.2121040" lon="10.4502540">
    <ele>536.8</ele>
   </trkpt>
   <trkpt lat="60.2121050" lon="10.4500980">
    <ele>536.9</ele>
   </trkpt>
   <trkpt lat="60.2121150" lon="10.4498820">
    <ele>537.3</ele>
   </trkpt>
   <trkpt lat="60.2121170" lon="10.4496840">
    <ele>537.7</ele>
   </trkpt>
   <trkpt lat="60.2121140" lon="10.4496340">
    <ele>537.8</ele>
   </trkpt>
   <trkpt lat="60.2121260" lon="10.4494890">
    <ele>538.1</ele>
   </trkpt>
   <trkpt lat="60.2121440" lon="10.4494450">
    <ele>538.3</ele>
   </trkpt>
   <trkpt lat="60.2122000" lon="10.4492550">
    <ele>539.1</ele>
   </trkpt>
   <trkpt lat="60.2122090" lon="10.4490480">
    <ele>539.7</ele>
   </trkpt>
   <trkpt lat="60.2122050" lon="10.4489890">
    <ele>539.8</ele>
   </trkpt>
   <trkpt lat="60.2121960" lon="10.4488810">
    <ele>540.0</ele>
   </trkpt>
   <trkpt lat="60.2121810" lon="10.4487050">
    <ele>540.2</ele>
   </trkpt>
   <trkpt lat="60.2121370" lon="10.4484900">
    <ele>540.4</ele>
   </trkpt>
   <trkpt lat="60.2121380" lon="10.4483950">
    <ele>540.4</ele>
   </trkpt>
   <trkpt lat="60.2121160" lon="10.4480900">
    <ele>540.7</ele>
   </trkpt>
   <trkpt lat="60.2120160" lon="10.4478010">
    <ele>541.2</ele>
   </trkpt>
   <trkpt lat="60.2119930" lon="10.4476740">
    <ele>541.4</ele>
   </trkpt>
   <trkpt lat="60.2119750" lon="10.4476470">
    <ele>541.5</ele>
   </trkpt>
   <trkpt lat="60.2119290" lon="10.4475950">
    <ele>541.7</ele>
   </trkpt>
   <trkpt lat="60.2118800" lon="10.4475320">
    <ele>541.7</ele>
   </trkpt>
   <trkpt lat="60.2118410" lon="10.4474770">
    <ele>541.8</ele>
   </trkpt>
   <trkpt lat="60.2117910" lon="10.4472030">
    <ele>541.7</ele>
   </trkpt>
   <trkpt lat="60.2117820" lon="10.4470540">
    <ele>541.5</ele>
   </trkpt>
   <trkpt lat="60.2117350" lon="10.4468550">
    <ele>540.6</ele>
   </trkpt>
   <trkpt lat="60.2117220" lon="10.4467540">
    <ele>540.1</ele>
   </trkpt>
   <trkpt lat="60.2116600" lon="10.4465550">
    <ele>538.6</ele>
   </trkpt>
   <trkpt lat="60.2116230" lon="10.4464960">
    <ele>538.1</ele>
   </trkpt>
   <trkpt lat="60.2115020" lon="10.4463360">
    <ele>536.6</ele>
   </trkpt>
   <trkpt lat="60.2113830" lon="10.4462040">
    <ele>535.1</ele>
   </trkpt>
   <trkpt lat="60.2113600" lon="10.4461830">
    <ele>534.8</ele>
   </trkpt>
   <trkpt lat="60.2113530" lon="10.4461770">
    <ele>534.7</ele>
   </trkpt>
   <trkpt lat="60.2113650" lon="10.4462020">
    <ele>534.5</ele>
   </trkpt>
   <trkpt lat="60.2113140" lon="10.4462120">
    <ele>533.8</ele>
   </trkpt>
   <trkpt lat="60.2111290" lon="10.4461890">
    <ele>532.1</ele>
   </trkpt>
   <trkpt lat="60.2110040" lon="10.4461640">
    <ele>531.5</ele>
   </trkpt>
   <trkpt lat="60.2109700" lon="10.4461620">
    <ele>531.3</ele>
   </trkpt>
   <trkpt lat="60.2108070" lon="10.4460960">
    <ele>530.4</ele>
   </trkpt>
   <trkpt lat="60.2106130" lon="10.4461760">
    <ele>529.0</ele>
   </trkpt>
   <trkpt lat="60.2105670" lon="10.4461760">
    <ele>528.6</ele>
   </trkpt>
   <trkpt lat="60.2104810" lon="10.4461630">
    <ele>527.9</ele>
   </trkpt>
   <trkpt lat="60.2104090" lon="10.4461390">
    <ele>527.4</ele>
   </trkpt>
   <trkpt lat="60.2102890" lon="10.4460510">
    <ele>526.2</ele>
   </trkpt>
   <trkpt lat="60.2102660" lon="10.4460340">
    <ele>526.0</ele>
   </trkpt>
   <trkpt lat="60.2101820" lon="10.4459500">
    <ele>525.1</ele>
   </trkpt>
   <trkpt lat="60.2100580" lon="10.4458820">
    <ele>524.3</ele>
   </trkpt>
   <trkpt lat="60.2098760" lon="10.4458530">
    <ele>523.5</ele>
   </trkpt>
   <trkpt lat="60.2098660" lon="10.4458900">
    <ele>523.5</ele>
   </trkpt>
   <trkpt lat="60.2096890" lon="10.4459420">
    <ele>522.6</ele>
   </trkpt>
   <trkpt lat="60.2095790" lon="10.4459610">
    <ele>521.7</ele>
   </trkpt>
   <trkpt lat="60.2095380" lon="10.4460030">
    <ele>521.1</ele>
   </trkpt>
   <trkpt lat="60.2094940" lon="10.4460400">
    <ele>520.5</ele>
   </trkpt>
   <trkpt lat="60.2094140" lon="10.4460270">
    <ele>519.4</ele>
   </trkpt>
   <trkpt lat="60.2091930" lon="10.4460440">
    <ele>516.6</ele>
   </trkpt>
   <trkpt lat="60.2091160" lon="10.4460710">
    <ele>515.5</ele>
   </trkpt>
   <trkpt lat="60.2090220" lon="10.4461520">
    <ele>514.4</ele>
   </trkpt>
   <trkpt lat="60.2089520" lon="10.4462460">
    <ele>513.4</ele>
   </trkpt>
   <trkpt lat="60.2088300" lon="10.4463040">
    <ele>511.8</ele>
   </trkpt>
   <trkpt lat="60.2087840" lon="10.4463150">
    <ele>511.1</ele>
   </trkpt>
   <trkpt lat="60.2086920" lon="10.4463190">
    <ele>510.1</ele>
   </trkpt>
   <trkpt lat="60.2085890" lon="10.4463250">
    <ele>509.0</ele>
   </trkpt>
   <trkpt lat="60.2085050" lon="10.4463550">
    <ele>508.1</ele>
   </trkpt>
   <trkpt lat="60.2084150" lon="10.4464230">
    <ele>507.1</ele>
   </trkpt>
   <trkpt lat="60.2083700" lon="10.4466450">
    <ele>506.4</ele>
   </trkpt>
   <trkpt lat="60.2083600" lon="10.4466830">
    <ele>506.3</ele>
   </trkpt>
   <trkpt lat="60.2081540" lon="10.4467530">
    <ele>506.1</ele>
   </trkpt>
   <trkpt lat="60.2081200" lon="10.4467380">
    <ele>506.0</ele>
   </trkpt>
   <trkpt lat="60.2079090" lon="10.4466490">
    <ele>505.7</ele>
   </trkpt>
   <trkpt lat="60.2078560" lon="10.4466320">
    <ele>505.7</ele>
   </trkpt>
   <trkpt lat="60.2077180" lon="10.4465470">
    <ele>505.7</ele>
   </trkpt>
   <trkpt lat="60.2075180" lon="10.4464540">
    <ele>506.0</ele>
   </trkpt>
   <trkpt lat="60.2073670" lon="10.4465730">
    <ele>506.4</ele>
   </trkpt>
   <trkpt lat="60.2073480" lon="10.4466280">
    <ele>506.6</ele>
   </trkpt>
   <trkpt lat="60.2073130" lon="10.4469130">
    <ele>507.2</ele>
   </trkpt>
   <trkpt lat="60.2073830" lon="10.4471620">
    <ele>507.8</ele>
   </trkpt>
   <trkpt lat="60.2074530" lon="10.4473240">
    <ele>508.3</ele>
   </trkpt>
   <trkpt lat="60.2075630" lon="10.4476580">
    <ele>509.2</ele>
   </trkpt>
   <trkpt lat="60.2076200" lon="10.4478420">
    <ele>509.7</ele>
   </trkpt>
   <trkpt lat="60.2076500" lon="10.4480810">
    <ele>510.2</ele>
   </trkpt>
   <trkpt lat="60.2076720" lon="10.4484560">
    <ele>510.8</ele>
   </trkpt>
   <trkpt lat="60.2076380" lon="10.4486440">
    <ele>511.0</ele>
   </trkpt>
   <trkpt lat="60.2075550" lon="10.4488400">
    <ele>511.4</ele>
   </trkpt>
   <trkpt lat="60.2073640" lon="10.4490710">
    <ele>511.9</ele>
   </trkpt>
   <trkpt lat="60.2072220" lon="10.4491220">
    <ele>512.4</ele>
   </trkpt>
   <trkpt lat="60.2072150" lon="10.4491930">
    <ele>512.5</ele>
   </trkpt>
   <trkpt lat="60.2071860" lon="10.4492470">
    <ele>512.5</ele>
   </trkpt>
   <trkpt lat="60.2070990" lon="10.4496130">
    <ele>512.3</ele>
   </trkpt>
   <trkpt lat="60.2071420" lon="10.4500040">
    <ele>512.0</ele>
   </trkpt>
   <trkpt lat="60.2071210" lon="10.4501600">
    <ele>511.8</ele>
   </trkpt>
   <trkpt lat="60.2070970" lon="10.4502700">
    <ele>511.6</ele>
   </trkpt>
   <trkpt lat="60.2069840" lon="10.4503780">
    <ele>511.0</ele>
   </trkpt>
   <trkpt lat="60.2069260" lon="10.4503480">
    <ele>510.6</ele>
   </trkpt>
   <trkpt lat="60.2068100" lon="10.4502490">
    <ele>509.8</ele>
   </trkpt>
   <trkpt lat="60.2067070" lon="10.4500770">
    <ele>508.9</ele>
   </trkpt>
   <trkpt lat="60.2065930" lon="10.4498720">
    <ele>507.9</ele>
   </trkpt>
   <trkpt lat="60.2065620" lon="10.4497310">
    <ele>507.3</ele>
   </trkpt>
   <trkpt lat="60.2064770" lon="10.4494930">
    <ele>506.2</ele>
   </trkpt>
   <trkpt lat="60.2064390" lon="10.4493720">
    <ele>505.6</ele>
   </trkpt>
   <trkpt lat="60.2062910" lon="10.4491500">
    <ele>504.1</ele>
   </trkpt>
   <trkpt lat="60.2062630" lon="10.4491250">
    <ele>503.9</ele>
   </trkpt>
   <trkpt lat="60.2062450" lon="10.4490800">
    <ele>503.7</ele>
   </trkpt>
   <trkpt lat="60.2062270" lon="10.4490450">
    <ele>503.6</ele>
   </trkpt>
   <trkpt lat="60.2060790" lon="10.4487610">
    <ele>502.2</ele>
   </trkpt>
   <trkpt lat="60.2060570" lon="10.4486930">
    <ele>502.0</ele>
   </trkpt>
   <trkpt lat="60.2060480" lon="10.4484130">
    <ele>500.6</ele>
   </trkpt>
   <trkpt lat="60.2059620" lon="10.4479700">
    <ele>499.1</ele>
   </trkpt>
   <trkpt lat="60.2058800" lon="10.4477480">
    <ele>497.9</ele>
   </trkpt>
   <trkpt lat="60.2058380" lon="10.4476740">
    <ele>497.5</ele>
   </trkpt>
   <trkpt lat="60.2056380" lon="10.4475250">
    <ele>496.1</ele>
   </trkpt>
   <trkpt lat="60.2055850" lon="10.4475050">
    <ele>495.7</ele>
   </trkpt>
   <trkpt lat="60.2055090" lon="10.4475120">
    <ele>495.2</ele>
   </trkpt>
   <trkpt lat="60.2053790" lon="10.4474330">
    <ele>494.2</ele>
   </trkpt>
   <trkpt lat="60.2052360" lon="10.4472600">
    <ele>493.1</ele>
   </trkpt>
   <trkpt lat="60.2052020" lon="10.4472390">
    <ele>492.9</ele>
   </trkpt>
   <trkpt lat="60.2050110" lon="10.4471750">
    <ele>492.1</ele>
   </trkpt>
   <trkpt lat="60.2049790" lon="10.4471540">
    <ele>491.9</ele>
   </trkpt>
   <trkpt lat="60.2048250" lon="10.4470050">
    <ele>491.3</ele>
   </trkpt>
   <trkpt lat="60.2047510" lon="10.4468910">
    <ele>491.0</ele>
   </trkpt>
   <trkpt lat="60.2047570" lon="10.4468450">
    <ele>490.9</ele>
   </trkpt>
   <trkpt lat="60.2045910" lon="10.4466920">
    <ele>490.3</ele>
   </trkpt>
   <trkpt lat="60.2044040" lon="10.4466210">
    <ele>489.7</ele>
   </trkpt>
   <trkpt lat="60.2043170" lon="10.4466360">
    <ele>489.4</ele>
   </trkpt>
   <trkpt lat="60.2042810" lon="10.4466270">
    <ele>489.3</ele>
   </trkpt>
   <trkpt lat="60.2042390" lon="10.4466100">
    <ele>489.1</ele>
   </trkpt>
   <trkpt lat="60.2042080" lon="10.4466120">
    <ele>489.1</ele>
   </trkpt>
   <trkpt lat="60.2041780" lon="10.4466030">
    <ele>489.0</ele>
   </trkpt>
   <trkpt lat="60.2040860" lon="10.4465480">
    <ele>489.0</ele>
   </trkpt>
   <trkpt lat="60.2038860" lon="10.4465130">
    <ele>489.7</ele>
   </trkpt>
   <trkpt lat="60.2038620" lon="10.4465070">
    <ele>489.8</ele>
   </trkpt>
   <trkpt lat="60.2038410" lon="10.4465150">
    <ele>489.9</ele>
   </trkpt>
   <trkpt lat="60.2037670" lon="10.4466150">
    <ele>490.4</ele>
   </trkpt>
   <trkpt lat="60.2037150" lon="10.4466290">
    <ele>490.7</ele>
   </trkpt>
   <trkpt lat="60.2036160" lon="10.4465730">
    <ele>491.5</ele>
   </trkpt>
   <trkpt lat="60.2035520" lon="10.4465150">
    <ele>492.1</ele>
   </trkpt>
   <trkpt lat="60.2034740" lon="10.4464280">
    <ele>493.0</ele>
   </trkpt>
   <trkpt lat="60.2034270" lon="10.4463860">
    <ele>493.5</ele>
   </trkpt>
   <trkpt lat="60.2033690" lon="10.4463640">
    <ele>494.1</ele>
   </trkpt>
   <trkpt lat="60.2033380" lon="10.4463380">
    <ele>494.4</ele>
   </trkpt>
   <trkpt lat="60.2032920" lon="10.4463100">
    <ele>494.9</ele>
   </trkpt>
   <trkpt lat="60.2032710" lon="10.4462990">
    <ele>495.1</ele>
   </trkpt>
   <trkpt lat="60.2031510" lon="10.4462500">
    <ele>496.2</ele>
   </trkpt>
   <trkpt lat="60.2030730" lon="10.4462310">
    <ele>496.9</ele>
   </trkpt>
   <trkpt lat="60.2029740" lon="10.4461610">
    <ele>497.8</ele>
   </trkpt>
   <trkpt lat="60.2028010" lon="10.4460630">
    <ele>499.4</ele>
   </trkpt>
   <trkpt lat="60.2027680" lon="10.4460460">
    <ele>499.7</ele>
   </trkpt>
   <trkpt lat="60.2025800" lon="10.4459520">
    <ele>500.7</ele>
   </trkpt>
   <trkpt lat="60.2025480" lon="10.4459390">
    <ele>500.9</ele>
   </trkpt>
   <trkpt lat="60.2024310" lon="10.4458840">
    <ele>501.5</ele>
   </trkpt>
   <trkpt lat="60.2024150" lon="10.4458740">
    <ele>501.6</ele>
   </trkpt>
   <trkpt lat="60.2024050" lon="10.4458700">
    <ele>501.7</ele>
   </trkpt>
   <trkpt lat="60.2023360" lon="10.4458260">
    <ele>502.2</ele>
   </trkpt>
   <trkpt lat="60.2023300" lon="10.4458340">
    <ele>502.2</ele>
   </trkpt>
   <trkpt lat="60.2022950" lon="10.4458210">
    <ele>502.5</ele>
   </trkpt>
   <trkpt lat="60.2022050" lon="10.4457720">
    <ele>503.3</ele>
   </trkpt>
   <trkpt lat="60.2020460" lon="10.4456960">
    <ele>505.0</ele>
   </trkpt>
   <trkpt lat="60.2019130" lon="10.4456090">
    <ele>506.6</ele>
   </trkpt>
   <trkpt lat="60.2018260" lon="10.4455790">
    <ele>507.6</ele>
   </trkpt>
   <trkpt lat="60.2018160" lon="10.4455590">
    <ele>507.8</ele>
   </trkpt>
   <trkpt lat="60.2017590" lon="10.4454990">
    <ele>508.4</ele>
   </trkpt>
   <trkpt lat="60.2017310" lon="10.4454670">
    <ele>508.7</ele>
   </trkpt>
   <trkpt lat="60.2016080" lon="10.4453240">
    <ele>510.0</ele>
   </trkpt>
   <trkpt lat="60.2015720" lon="10.4453000">
    <ele>510.4</ele>
   </trkpt>
   <trkpt lat="60.2015110" lon="10.4452300">
    <ele>511.0</ele>
   </trkpt>
   <trkpt lat="60.2014380" lon="10.4451130">
    <ele>511.9</ele>
   </trkpt>
   <trkpt lat="60.2014240" lon="10.4450810">
    <ele>512.1</ele>
   </trkpt>
   <trkpt lat="60.2014880" lon="10.4451050">
    <ele>512.7</ele>
   </trkpt>
   <trkpt lat="60.2014720" lon="10.4450830">
    <ele>512.8</ele>
   </trkpt>
   <trkpt lat="60.2014500" lon="10.4450100">
    <ele>513.2</ele>
   </trkpt>
   <trkpt lat="60.2014520" lon="10.4449620">
    <ele>513.4</ele>
   </trkpt>
   <trkpt lat="60.2014190" lon="10.4449290">
    <ele>513.6</ele>
   </trkpt>
   <trkpt lat="60.2013310" lon="10.4447040">
    <ele>514.3</ele>
   </trkpt>
   <trkpt lat="60.2011820" lon="10.4444580">
    <ele>515.2</ele>
   </trkpt>
   <trkpt lat="60.2011470" lon="10.4444020">
    <ele>515.4</ele>
   </trkpt>
   <trkpt lat="60.2009980" lon="10.4442300">
    <ele>516.2</ele>
   </trkpt>
   <trkpt lat="60.2010130" lon="10.4441530">
    <ele>516.1</ele>
   </trkpt>
   <trkpt lat="60.2009470" lon="10.4440980">
    <ele>515.7</ele>
   </trkpt>
   <trkpt lat="60.2008540" lon="10.4439860">
    <ele>515.5</ele>
   </trkpt>
   <trkpt lat="60.2008220" lon="10.4439470">
    <ele>515.4</ele>
   </trkpt>
   <trkpt lat="60.2007400" lon="10.4438440">
    <ele>515.6</ele>
   </trkpt>
   <trkpt lat="60.2006080" lon="10.4438220">
    <ele>515.9</ele>
   </trkpt>
   <trkpt lat="60.2004970" lon="10.4437890">
    <ele>516.1</ele>
   </trkpt>
   <trkpt lat="60.2002920" lon="10.4437360">
    <ele>516.2</ele>
   </trkpt>
   <trkpt lat="60.2002580" lon="10.4437440">
    <ele>516.2</ele>
   </trkpt>
   <trkpt lat="60.2000950" lon="10.4437810">
    <ele>516.4</ele>
   </trkpt>
   <trkpt lat="60.2000140" lon="10.4438120">
    <ele>516.6</ele>
   </trkpt>
   <trkpt lat="60.1999230" lon="10.4438530">
    <ele>516.8</ele>
   </trkpt>
   <trkpt lat="60.1997920" lon="10.4439700">
    <ele>517.0</ele>
   </trkpt>
   <trkpt lat="60.1996610" lon="10.4440470">
    <ele>516.9</ele>
   </trkpt>
   <trkpt lat="60.1996000" lon="10.4440590">
    <ele>516.9</ele>
   </trkpt>
   <trkpt lat="60.1994840" lon="10.4441130">
    <ele>516.9</ele>
   </trkpt>
   <trkpt lat="60.1992630" lon="10.4441210">
    <ele>517.1</ele>
   </trkpt>
   <trkpt lat="60.1990610" lon="10.4441880">
    <ele>517.2</ele>
   </trkpt>
   <trkpt lat="60.1988910" lon="10.4442820">
    <ele>517.2</ele>
   </trkpt>
   <trkpt lat="60.1987320" lon="10.4443300">
    <ele>517.0</ele>
   </trkpt>
   <trkpt lat="60.1985870" lon="10.4443830">
    <ele>517.0</ele>
   </trkpt>
   <trkpt lat="60.1984520" lon="10.4444060">
    <ele>517.1</ele>
   </trkpt>
   <trkpt lat="60.1983910" lon="10.4444280">
    <ele>517.2</ele>
   </trkpt>
   <trkpt lat="60.1982790" lon="10.4444790">
    <ele>517.5</ele>
   </trkpt>
   <trkpt lat="60.1982310" lon="10.4445130">
    <ele>517.6</ele>
   </trkpt>
   <trkpt lat="60.1980710" lon="10.4445830">
    <ele>518.1</ele>
   </trkpt>
   <trkpt lat="60.1978900" lon="10.4445950">
    <ele>518.5</ele>
   </trkpt>
   <trkpt lat="60.1978510" lon="10.4446040">
    <ele>518.6</ele>
   </trkpt>
   <trkpt lat="60.1976650" lon="10.4447280">
    <ele>519.0</ele>
   </trkpt>
   <trkpt lat="60.1976060" lon="10.4447910">
    <ele>519.1</ele>
   </trkpt>
   <trkpt lat="60.1975180" lon="10.4448800">
    <ele>519.3</ele>
   </trkpt>
   <trkpt lat="60.1973550" lon="10.4449550">
    <ele>519.5</ele>
   </trkpt>
   <trkpt lat="60.1972220" lon="10.4450780">
    <ele>519.8</ele>
   </trkpt>
   <trkpt lat="60.1971030" lon="10.4452160">
    <ele>520.3</ele>
   </trkpt>
   <trkpt lat="60.1970530" lon="10.4453340">
    <ele>520.8</ele>
   </trkpt>
   <trkpt lat="60.1970100" lon="10.4454210">
    <ele>521.2</ele>
   </trkpt>
   <trkpt lat="60.1970030" lon="10.4454590">
    <ele>521.3</ele>
   </trkpt>
   <trkpt lat="60.1969670" lon="10.4455080">
    <ele>521.6</ele>
   </trkpt>
   <trkpt lat="60.1969500" lon="10.4455390">
    <ele>521.8</ele>
   </trkpt>
   <trkpt lat="60.1969440" lon="10.4455820">
    <ele>522.0</ele>
   </trkpt>
   <trkpt lat="60.1968730" lon="10.4456910">
    <ele>522.5</ele>
   </trkpt>
   <trkpt lat="60.1967040" lon="10.4458780">
    <ele>523.4</ele>
   </trkpt>
   <trkpt lat="60.1965500" lon="10.4460030">
    <ele>523.7</ele>
   </trkpt>
   <trkpt lat="60.1964770" lon="10.4460610">
    <ele>523.8</ele>
   </trkpt>
   <trkpt lat="60.1963910" lon="10.4461430">
    <ele>523.9</ele>
   </trkpt>
   <trkpt lat="60.1963000" lon="10.4462350">
    <ele>524.0</ele>
   </trkpt>
   <trkpt lat="60.1962350" lon="10.4463010">
    <ele>524.1</ele>
   </trkpt>
   <trkpt lat="60.1962040" lon="10.4463020">
    <ele>524.2</ele>
   </trkpt>
   <trkpt lat="60.1961000" lon="10.4463470">
    <ele>524.7</ele>
   </trkpt>
   <trkpt lat="60.1960440" lon="10.4463640">
    <ele>525.0</ele>
   </trkpt>
   <trkpt lat="60.1959510" lon="10.4464020">
    <ele>525.6</ele>
   </trkpt>
   <trkpt lat="60.1959200" lon="10.4464140">
    <ele>525.9</ele>
   </trkpt>
   <trkpt lat="60.1958510" lon="10.4464690">
    <ele>526.5</ele>
   </trkpt>
   <trkpt lat="60.1958010" lon="10.4464930">
    <ele>526.9</ele>
   </trkpt>
   <trkpt lat="60.1957470" lon="10.4465200">
    <ele>527.3</ele>
   </trkpt>
   <trkpt lat="60.1957270" lon="10.4465460">
    <ele>527.5</ele>
   </trkpt>
   <trkpt lat="60.1956690" lon="10.4466160">
    <ele>528.0</ele>
   </trkpt>
   <trkpt lat="60.1955080" lon="10.4467040">
    <ele>528.9</ele>
   </trkpt>
   <trkpt lat="60.1953280" lon="10.4468460">
    <ele>529.3</ele>
   </trkpt>
   <trkpt lat="60.1952730" lon="10.4469120">
    <ele>529.2</ele>
   </trkpt>
   <trkpt lat="60.1952010" lon="10.4470060">
    <ele>529.0</ele>
   </trkpt>
   <trkpt lat="60.1951740" lon="10.4470380">
    <ele>528.9</ele>
   </trkpt>
   <trkpt lat="60.1949950" lon="10.4471230">
    <ele>527.1</ele>
   </trkpt>
   <trkpt lat="60.1949310" lon="10.4470810">
    <ele>527.1</ele>
   </trkpt>
   <trkpt lat="60.1948390" lon="10.4469850">
    <ele>527.1</ele>
   </trkpt>
   <trkpt lat="60.1947380" lon="10.4469350">
    <ele>527.2</ele>
   </trkpt>
   <trkpt lat="60.1947110" lon="10.4469430">
    <ele>527.2</ele>
   </trkpt>
   <trkpt lat="60.1946480" lon="10.4469530">
    <ele>527.4</ele>
   </trkpt>
   <trkpt lat="60.1945510" lon="10.4469630">
    <ele>528.2</ele>
   </trkpt>
   <trkpt lat="60.1943910" lon="10.4470680">
    <ele>529.8</ele>
   </trkpt>
   <trkpt lat="60.1942570" lon="10.4471430">
    <ele>531.2</ele>
   </trkpt>
   <trkpt lat="60.1942380" lon="10.4471480">
    <ele>531.5</ele>
   </trkpt>
   <trkpt lat="60.1942280" lon="10.4471540">
    <ele>531.6</ele>
   </trkpt>
   <trkpt lat="60.1942300" lon="10.4471530">
    <ele>531.6</ele>
   </trkpt>
   <trkpt lat="60.1941910" lon="10.4471860">
    <ele>532.1</ele>
   </trkpt>
   <trkpt lat="60.1941810" lon="10.4471840">
    <ele>532.2</ele>
   </trkpt>
   <trkpt lat="60.1941590" lon="10.4471670">
    <ele>532.4</ele>
   </trkpt>
   <trkpt lat="60.1940810" lon="10.4470580">
    <ele>533.5</ele>
   </trkpt>
   <trkpt lat="60.1939570" lon="10.4468230">
    <ele>535.6</ele>
   </trkpt>
   <trkpt lat="60.1939730" lon="10.4465310">
    <ele>536.8</ele>
   </trkpt>
   <trkpt lat="60.1940580" lon="10.4462070">
    <ele>538.0</ele>
   </trkpt>
   <trkpt lat="60.1940950" lon="10.4459000">
    <ele>538.9</ele>
   </trkpt>
   <trkpt lat="60.1941210" lon="10.4457170">
    <ele>539.5</ele>
   </trkpt>
   <trkpt lat="60.1941320" lon="10.4456660">
    <ele>539.7</ele>
   </trkpt>
   <trkpt lat="60.1942400" lon="10.4454620">
    <ele>540.6</ele>
   </trkpt>
   <trkpt lat="60.1943760" lon="10.4452510">
    <ele>541.6</ele>
   </trkpt>
   <trkpt lat="60.1945030" lon="10.4451210">
    <ele>542.3</ele>
   </trkpt>
   <trkpt lat="60.1946130" lon="10.4450840">
    <ele>542.9</ele>
   </trkpt>
   <trkpt lat="60.1947080" lon="10.4450320">
    <ele>543.4</ele>
   </trkpt>
   <trkpt lat="60.1948460" lon="10.4448800">
    <ele>544.2</ele>
   </trkpt>
   <trkpt lat="60.1950200" lon="10.4447160">
    <ele>544.9</ele>
   </trkpt>
   <trkpt lat="60.1950550" lon="10.4446860">
    <ele>545.1</ele>
   </trkpt>
   <trkpt lat="60.1951300" lon="10.4444280">
    <ele>545.4</ele>
   </trkpt>
   <trkpt lat="60.1951910" lon="10.4440350">
    <ele>545.3</ele>
   </trkpt>
   <trkpt lat="60.1952070" lon="10.4439850">
    <ele>545.2</ele>
   </trkpt>
   <trkpt lat="60.1952760" lon="10.4437280">
    <ele>545.2</ele>
   </trkpt>
   <trkpt lat="60.1953130" lon="10.4435030">
    <ele>545.1</ele>
   </trkpt>
   <trkpt lat="60.1953620" lon="10.4432910">
    <ele>544.7</ele>
   </trkpt>
   <trkpt lat="60.1954600" lon="10.4431680">
    <ele>544.2</ele>
   </trkpt>
   <trkpt lat="60.1954800" lon="10.4431320">
    <ele>544.1</ele>
   </trkpt>
   <trkpt lat="60.1956060" lon="10.4430050">
    <ele>543.6</ele>
   </trkpt>
   <trkpt lat="60.1957490" lon="10.4428080">
    <ele>543.0</ele>
   </trkpt>
   <trkpt lat="60.1958390" lon="10.4427410">
    <ele>542.6</ele>
   </trkpt>
   <trkpt lat="60.1958670" lon="10.4425290">
    <ele>542.1</ele>
   </trkpt>
   <trkpt lat="60.1960500" lon="10.4423740">
    <ele>541.0</ele>
   </trkpt>
   <trkpt lat="60.1961230" lon="10.4422760">
    <ele>540.5</ele>
   </trkpt>
   <trkpt lat="60.1961910" lon="10.4420820">
    <ele>539.8</ele>
   </trkpt>
   <trkpt lat="60.1962480" lon="10.4419120">
    <ele>539.3</ele>
   </trkpt>
   <trkpt lat="60.1963440" lon="10.4416170">
    <ele>538.3</ele>
   </trkpt>
   <trkpt lat="60.1963550" lon="10.4412990">
    <ele>537.2</ele>
   </trkpt>
   <trkpt lat="60.1963300" lon="10.4410760">
    <ele>536.6</ele>
   </trkpt>
   <trkpt lat="60.1963470" lon="10.4409500">
    <ele>536.3</ele>
   </trkpt>
   <trkpt lat="60.1963690" lon="10.4405890">
    <ele>535.9</ele>
   </trkpt>
   <trkpt lat="60.1963260" lon="10.4402480">
    <ele>535.8</ele>
   </trkpt>
   <trkpt lat="60.1962680" lon="10.4398660">
    <ele>535.8</ele>
   </trkpt>
   <trkpt lat="60.1962630" lon="10.4398030">
    <ele>535.8</ele>
   </trkpt>
   <trkpt lat="60.1963130" lon="10.4394190">
    <ele>536.0</ele>
   </trkpt>
   <trkpt lat="60.1963270" lon="10.4393600">
    <ele>536.0</ele>
   </trkpt>
   <trkpt lat="60.1963780" lon="10.4389880">
    <ele>536.5</ele>
   </trkpt>
   <trkpt lat="60.1963910" lon="10.4389290">
    <ele>536.6</ele>
   </trkpt>
   <trkpt lat="60.1964590" lon="10.4386610">
    <ele>537.3</ele>
   </trkpt>
   <trkpt lat="60.1964430" lon="10.4383490">
    <ele>538.4</ele>
   </trkpt>
   <trkpt lat="60.1964690" lon="10.4380220">
    <ele>539.9</ele>
   </trkpt>
   <trkpt lat="60.1964740" lon="10.4377690">
    <ele>541.1</ele>
   </trkpt>
   <trkpt lat="60.1964820" lon="10.4375030">
    <ele>542.3</ele>
   </trkpt>
   <trkpt lat="60.1965340" lon="10.4373760">
    <ele>543.0</ele>
   </trkpt>
   <trkpt lat="60.1965790" lon="10.4373410">
    <ele>543.4</ele>
   </trkpt>
   <trkpt lat="60.1967570" lon="10.4372030">
    <ele>544.3</ele>
   </trkpt>
   <trkpt lat="60.1967660" lon="10.4371590">
    <ele>544.4</ele>
   </trkpt>
   <trkpt lat="60.1967940" lon="10.4371140">
    <ele>544.5</ele>
   </trkpt>
   <trkpt lat="60.1968660" lon="10.4369740">
    <ele>544.7</ele>
   </trkpt>
   <trkpt lat="60.1969310" lon="10.4368510">
    <ele>544.9</ele>
   </trkpt>
   <trkpt lat="60.1970560" lon="10.4365350">
    <ele>545.0</ele>
   </trkpt>
   <trkpt lat="60.1971460" lon="10.4362540">
    <ele>545.2</ele>
   </trkpt>
   <trkpt lat="60.1972070" lon="10.4359240">
    <ele>545.5</ele>
   </trkpt>
   <trkpt lat="60.1972280" lon="10.4356540">
    <ele>545.9</ele>
   </trkpt>
   <trkpt lat="60.1972050" lon="10.4354930">
    <ele>546.1</ele>
   </trkpt>
   <trkpt lat="60.1971980" lon="10.4353260">
    <ele>546.2</ele>
   </trkpt>
   <trkpt lat="60.1972010" lon="10.4350520">
    <ele>546.1</ele>
   </trkpt>
   <trkpt lat="60.1972530" lon="10.4348000">
    <ele>545.9</ele>
   </trkpt>
   <trkpt lat="60.1972510" lon="10.4347270">
    <ele>545.9</ele>
   </trkpt>
   <trkpt lat="60.1972110" lon="10.4344320">
    <ele>545.8</ele>
   </trkpt>
   <trkpt lat="60.1971870" lon="10.4340930">
    <ele>546.0</ele>
   </trkpt>
   <trkpt lat="60.1971900" lon="10.4337890">
    <ele>546.3</ele>
   </trkpt>
   <trkpt lat="60.1971980" lon="10.4337290">
    <ele>546.4</ele>
   </trkpt>
   <trkpt lat="60.1972600" lon="10.4334010">
    <ele>547.0</ele>
   </trkpt>
   <trkpt lat="60.1972640" lon="10.4331780">
    <ele>547.5</ele>
   </trkpt>
   <trkpt lat="60.1972570" lon="10.4327910">
    <ele>548.5</ele>
   </trkpt>
   <trkpt lat="60.1972950" lon="10.4323930">
    <ele>549.5</ele>
   </trkpt>
   <trkpt lat="60.1973290" lon="10.4321510">
    <ele>549.7</ele>
   </trkpt>
   <trkpt lat="60.1973920" lon="10.4318130">
    <ele>549.9</ele>
   </trkpt>
   <trkpt lat="60.1974160" lon="10.4316980">
    <ele>550.1</ele>
   </trkpt>
   <trkpt lat="60.1974540" lon="10.4315450">
    <ele>550.3</ele>
   </trkpt>
   <trkpt lat="60.1974630" lon="10.4313610">
    <ele>550.5</ele>
   </trkpt>
   <trkpt lat="60.1974620" lon="10.4313220">
    <ele>550.6</ele>
   </trkpt>
   <trkpt lat="60.1974430" lon="10.4312530">
    <ele>550.7</ele>
   </trkpt>
   <trkpt lat="60.1973690" lon="10.4311270">
    <ele>551.0</ele>
   </trkpt>
   <trkpt lat="60.1973570" lon="10.4311000">
    <ele>551.1</ele>
   </trkpt>
   <trkpt lat="60.1973140" lon="10.4310150">
    <ele>551.3</ele>
   </trkpt>
   <trkpt lat="60.1972840" lon="10.4309550">
    <ele>551.5</ele>
   </trkpt>
   <trkpt lat="60.1972170" lon="10.4308630">
    <ele>551.8</ele>
   </trkpt>
   <trkpt lat="60.1971940" lon="10.4308470">
    <ele>552.0</ele>
   </trkpt>
   <trkpt lat="60.1970790" lon="10.4307940">
    <ele>552.5</ele>
   </trkpt>
   <trkpt lat="60.1969850" lon="10.4307350">
    <ele>553.1</ele>
   </trkpt>
   <trkpt lat="60.1968350" lon="10.4306760">
    <ele>554.1</ele>
   </trkpt>
   <trkpt lat="60.1966310" lon="10.4306170">
    <ele>555.3</ele>
   </trkpt>
   <trkpt lat="60.1965590" lon="10.4306030">
    <ele>555.6</ele>
   </trkpt>
   <trkpt lat="60.1965000" lon="10.4305910">
    <ele>555.9</ele>
   </trkpt>
   <trkpt lat="60.1963400" lon="10.4305380">
    <ele>556.6</ele>
   </trkpt>
   <trkpt lat="60.1961810" lon="10.4304300">
    <ele>556.8</ele>
   </trkpt>
   <trkpt lat="60.1961280" lon="10.4304090">
    <ele>556.8</ele>
   </trkpt>
   <trkpt lat="60.1959570" lon="10.4303320">
    <ele>556.4</ele>
   </trkpt>
   <trkpt lat="60.1959010" lon="10.4303470">
    <ele>556.4</ele>
   </trkpt>
   <trkpt lat="60.1958310" lon="10.4303560">
    <ele>556.5</ele>
   </trkpt>
   <trkpt lat="60.1957320" lon="10.4303430">
    <ele>556.8</ele>
   </trkpt>
   <trkpt lat="60.1955480" lon="10.4302690">
    <ele>557.9</ele>
   </trkpt>
   <trkpt lat="60.1955250" lon="10.4302570">
    <ele>558.0</ele>
   </trkpt>
   <trkpt lat="60.1954740" lon="10.4302170">
    <ele>558.4</ele>
   </trkpt>
   <trkpt lat="60.1954050" lon="10.4301990">
    <ele>558.7</ele>
   </trkpt>
   <trkpt lat="60.1952740" lon="10.4301000">
    <ele>559.5</ele>
   </trkpt>
   <trkpt lat="60.1952190" lon="10.4299980">
    <ele>559.8</ele>
   </trkpt>
   <trkpt lat="60.1952050" lon="10.4299640">
    <ele>560.0</ele>
   </trkpt>
   <trkpt lat="60.1951450" lon="10.4298310">
    <ele>560.4</ele>
   </trkpt>
   <trkpt lat="60.1950720" lon="10.4297120">
    <ele>560.9</ele>
   </trkpt>
   <trkpt lat="60.1950050" lon="10.4296050">
    <ele>561.3</ele>
   </trkpt>
   <trkpt lat="60.1949650" lon="10.4295490">
    <ele>561.7</ele>
   </trkpt>
   <trkpt lat="60.1947990" lon="10.4293580">
    <ele>563.3</ele>
   </trkpt>
   <trkpt lat="60.1947870" lon="10.4293410">
    <ele>563.4</ele>
   </trkpt>
   <trkpt lat="60.1946110" lon="10.4291410">
    <ele>565.3</ele>
   </trkpt>
   <trkpt lat="60.1945910" lon="10.4291180">
    <ele>565.5</ele>
   </trkpt>
   <trkpt lat="60.1944980" lon="10.4290290">
    <ele>566.5</ele>
   </trkpt>
   <trkpt lat="60.1944490" lon="10.4289210">
    <ele>567.1</ele>
   </trkpt>
   <trkpt lat="60.1944150" lon="10.4288440">
    <ele>567.5</ele>
   </trkpt>
   <trkpt lat="60.1943550" lon="10.4286870">
    <ele>567.8</ele>
   </trkpt>
   <trkpt lat="60.1941810" lon="10.4285200">
    <ele>567.9</ele>
   </trkpt>
   <trkpt lat="60.1940150" lon="10.4284980">
    <ele>567.3</ele>
   </trkpt>
   <trkpt lat="60.1938050" lon="10.4283860">
    <ele>566.5</ele>
   </trkpt>
   <trkpt lat="60.1937660" lon="10.4283590">
    <ele>566.3</ele>
   </trkpt>
   <trkpt lat="60.1936130" lon="10.4281630">
    <ele>565.8</ele>
   </trkpt>
   <trkpt lat="60.1934920" lon="10.4278510">
    <ele>565.4</ele>
   </trkpt>
   <trkpt lat="60.1934560" lon="10.4276890">
    <ele>565.2</ele>
   </trkpt>
   <trkpt lat="60.1934410" lon="10.4275000">
    <ele>565.1</ele>
   </trkpt>
   <trkpt lat="60.1933270" lon="10.4272330">
    <ele>564.8</ele>
   </trkpt>
   <trkpt lat="60.1931690" lon="10.4270250">
    <ele>564.6</ele>
   </trkpt>
   <trkpt lat="60.1931080" lon="10.4269380">
    <ele>564.6</ele>
   </trkpt>
   <trkpt lat="60.1930810" lon="10.4268640">
    <ele>564.6</ele>
   </trkpt>
   <trkpt lat="60.1930430" lon="10.4267600">
    <ele>564.6</ele>
   </trkpt>
   <trkpt lat="60.1929060" lon="10.4265670">
    <ele>564.7</ele>
   </trkpt>
   <trkpt lat="60.1927480" lon="10.4263780">
    <ele>564.7</ele>
   </trkpt>
   <trkpt lat="60.1927220" lon="10.4263540">
    <ele>564.6</ele>
   </trkpt>
   <trkpt lat="60.1926560" lon="10.4262890">
    <ele>564.6</ele>
   </trkpt>
   <trkpt lat="60.1925670" lon="10.4261650">
    <ele>564.6</ele>
   </trkpt>
   <trkpt lat="60.1924400" lon="10.4259170">
    <ele>564.5</ele>
   </trkpt>
   <trkpt lat="60.1923750" lon="10.4257650">
    <ele>564.4</ele>
   </trkpt>
   <trkpt lat="60.1921960" lon="10.4255510">
    <ele>564.6</ele>
   </trkpt>
   <trkpt lat="60.1921280" lon="10.4254480">
    <ele>564.5</ele>
   </trkpt>
   <trkpt lat="60.1920380" lon="10.4252340">
    <ele>564.5</ele>
   </trkpt>
   <trkpt lat="60.1919300" lon="10.4249370">
    <ele>564.5</ele>
   </trkpt>
   <trkpt lat="60.1919160" lon="10.4248970">
    <ele>564.5</ele>
   </trkpt>
   <trkpt lat="60.1918620" lon="10.4248190">
    <ele>564.5</ele>
   </trkpt>
   <trkpt lat="60.1917990" lon="10.4247130">
    <ele>564.5</ele>
   </trkpt>
   <trkpt lat="60.1916980" lon="10.4244770">
    <ele>564.6</ele>
   </trkpt>
   <trkpt lat="60.1916700" lon="10.4244300">
    <ele>564.6</ele>
   </trkpt>
   <trkpt lat="60.1914830" lon="10.4242000">
    <ele>564.7</ele>
   </trkpt>
   <trkpt lat="60.1913600" lon="10.4240880">
    <ele>564.6</ele>
   </trkpt>
   <trkpt lat="60.1912960" lon="10.4240430">
    <ele>564.6</ele>
   </trkpt>
   <trkpt lat="60.1911170" lon="10.4239730">
    <ele>564.5</ele>
   </trkpt>
   <trkpt lat="60.1909870" lon="10.4239130">
    <ele>564.5</ele>
   </trkpt>
   <trkpt lat="60.1908030" lon="10.4238780">
    <ele>564.5</ele>
   </trkpt>
   <trkpt lat="60.1907650" lon="10.4238680">
    <ele>564.5</ele>
   </trkpt>
   <trkpt lat="60.1905820" lon="10.4238240">
    <ele>564.5</ele>
   </trkpt>
   <trkpt lat="60.1905110" lon="10.4237650">
    <ele>564.4</ele>
   </trkpt>
   <trkpt lat="60.1904370" lon="10.4236870">
    <ele>564.4</ele>
   </trkpt>
   <trkpt lat="60.1903870" lon="10.4236620">
    <ele>564.4</ele>
   </trkpt>
   <trkpt lat="60.1902430" lon="10.4235570">
    <ele>564.4</ele>
   </trkpt>
   <trkpt lat="60.1902070" lon="10.4235530">
    <ele>564.4</ele>
   </trkpt>
   <trkpt lat="60.1902170" lon="10.4235470">
    <ele>564.4</ele>
   </trkpt>
   <trkpt lat="60.1902300" lon="10.4235400">
    <ele>564.4</ele>
   </trkpt>
   <trkpt lat="60.1902130" lon="10.4234860">
    <ele>564.4</ele>
   </trkpt>
   <trkpt lat="60.1900380" lon="10.4233720">
    <ele>564.3</ele>
   </trkpt>
   <trkpt lat="60.1898620" lon="10.4233270">
    <ele>564.2</ele>
   </trkpt>
   <trkpt lat="60.1896700" lon="10.4232260">
    <ele>564.3</ele>
   </trkpt>
   <trkpt lat="60.1896280" lon="10.4232090">
    <ele>564.4</ele>
   </trkpt>
   <trkpt lat="60.1895940" lon="10.4231780">
    <ele>564.5</ele>
   </trkpt>
   <trkpt lat="60.1894660" lon="10.4230590">
    <ele>564.9</ele>
   </trkpt>
   <trkpt lat="60.1893210" lon="10.4229440">
    <ele>565.5</ele>
   </trkpt>
   <trkpt lat="60.1892200" lon="10.4228050">
    <ele>565.8</ele>
   </trkpt>
   <trkpt lat="60.1891670" lon="10.4227440">
    <ele>566.0</ele>
   </trkpt>
   <trkpt lat="60.1889850" lon="10.4225520">
    <ele>566.7</ele>
   </trkpt>
   <trkpt lat="60.1889620" lon="10.4225300">
    <ele>566.7</ele>
   </trkpt>
   <trkpt lat="60.1888850" lon="10.4224410">
    <ele>567.0</ele>
   </trkpt>
   <trkpt lat="60.1888390" lon="10.4223830">
    <ele>567.2</ele>
   </trkpt>
   <trkpt lat="60.1888120" lon="10.4223520">
    <ele>567.3</ele>
   </trkpt>
   <trkpt lat="60.1886880" lon="10.4222020">
    <ele>567.8</ele>
   </trkpt>
   <trkpt lat="60.1886020" lon="10.4220780">
    <ele>568.1</ele>
   </trkpt>
   <trkpt lat="60.1884970" lon="10.4219580">
    <ele>568.5</ele>
   </trkpt>
   <trkpt lat="60.1883250" lon="10.4217480">
    <ele>569.1</ele>
   </trkpt>
   <trkpt lat="60.1883020" lon="10.4217230">
    <ele>569.2</ele>
   </trkpt>
   <trkpt lat="60.1881650" lon="10.4215830">
    <ele>569.6</ele>
   </trkpt>
   <trkpt lat="60.1881470" lon="10.4215580">
    <ele>569.6</ele>
   </trkpt>
   <trkpt lat="60.1880480" lon="10.4214700">
    <ele>569.9</ele>
   </trkpt>
   <trkpt lat="60.1879240" lon="10.4213640">
    <ele>570.4</ele>
   </trkpt>
   <trkpt lat="60.1877500" lon="10.4213050">
    <ele>571.0</ele>
   </trkpt>
   <trkpt lat="60.1877180" lon="10.4212820">
    <ele>571.1</ele>
   </trkpt>
   <trkpt lat="60.1875530" lon="10.4212290">
    <ele>571.3</ele>
   </trkpt>
   <trkpt lat="60.1873770" lon="10.4211000">
    <ele>570.9</ele>
   </trkpt>
   <trkpt lat="60.1873370" lon="10.4210850">
    <ele>570.7</ele>
   </trkpt>
   <trkpt lat="60.1871530" lon="10.4210920">
    <ele>569.6</ele>
   </trkpt>
   <trkpt lat="60.1869900" lon="10.4210540">
    <ele>568.4</ele>
   </trkpt>
   <trkpt lat="60.1868370" lon="10.4210290">
    <ele>567.5</ele>
   </trkpt>
   <trkpt lat="60.1866710" lon="10.4209840">
    <ele>566.8</ele>
   </trkpt>
   <trkpt lat="60.1866400" lon="10.4209240">
    <ele>566.6</ele>
   </trkpt>
   <trkpt lat="60.1865760" lon="10.4208840">
    <ele>566.4</ele>
   </trkpt>
   <trkpt lat="60.1864160" lon="10.4208060">
    <ele>565.8</ele>
   </trkpt>
   <trkpt lat="60.1863260" lon="10.4207890">
    <ele>565.6</ele>
   </trkpt>
   <trkpt lat="60.1861660" lon="10.4207220">
    <ele>565.2</ele>
   </trkpt>
   <trkpt lat="60.1860920" lon="10.4206730">
    <ele>565.1</ele>
   </trkpt>
   <trkpt lat="60.1859240" lon="10.4205390">
    <ele>565.2</ele>
   </trkpt>
   <trkpt lat="60.1857850" lon="10.4204690">
    <ele>565.4</ele>
   </trkpt>
   <trkpt lat="60.1856070" lon="10.4203040">
    <ele>565.9</ele>
   </trkpt>
   <trkpt lat="60.1856000" lon="10.4202860">
    <ele>565.9</ele>
   </trkpt>
   <trkpt lat="60.1854780" lon="10.4201690">
    <ele>566.5</ele>
   </trkpt>
   <trkpt lat="60.1853550" lon="10.4201140">
    <ele>567.1</ele>
   </trkpt>
   <trkpt lat="60.1853200" lon="10.4201130">
    <ele>567.3</ele>
   </trkpt>
   <trkpt lat="60.1852600" lon="10.4201030">
    <ele>567.7</ele>
   </trkpt>
   <trkpt lat="60.1851700" lon="10.4200710">
    <ele>568.1</ele>
   </trkpt>
   <trkpt lat="60.1850560" lon="10.4200040">
    <ele>568.6</ele>
   </trkpt>
   <trkpt lat="60.1849900" lon="10.4199600">
    <ele>568.9</ele>
   </trkpt>
   <trkpt lat="60.1848360" lon="10.4198550">
    <ele>569.6</ele>
   </trkpt>
   <trkpt lat="60.1847570" lon="10.4198260">
    <ele>569.9</ele>
   </trkpt>
   <trkpt lat="60.1846510" lon="10.4197760">
    <ele>570.4</ele>
   </trkpt>
   <trkpt lat="60.1845100" lon="10.4197380">
    <ele>570.9</ele>
   </trkpt>
   <trkpt lat="60.1843230" lon="10.4196500">
    <ele>571.6</ele>
   </trkpt>
   <trkpt lat="60.1843030" lon="10.4196250">
    <ele>571.7</ele>
   </trkpt>
   <trkpt lat="60.1842330" lon="10.4195790">
    <ele>571.9</ele>
   </trkpt>
   <trkpt lat="60.1841680" lon="10.4195170">
    <ele>572.0</ele>
   </trkpt>
   <trkpt lat="60.1840260" lon="10.4194190">
    <ele>572.2</ele>
   </trkpt>
   <trkpt lat="60.1839940" lon="10.4193950">
    <ele>572.3</ele>
   </trkpt>
   <trkpt lat="60.1838130" lon="10.4192620">
    <ele>572.1</ele>
   </trkpt>
   <trkpt lat="60.1837820" lon="10.4192440">
    <ele>572.0</ele>
   </trkpt>
   <trkpt lat="60.1836130" lon="10.4191660">
    <ele>571.6</ele>
   </trkpt>
   <trkpt lat="60.1834910" lon="10.4190770">
    <ele>571.2</ele>
   </trkpt>
   <trkpt lat="60.1833300" lon="10.4190380">
    <ele>570.6</ele>
   </trkpt>
   <trkpt lat="60.1833020" lon="10.4190290">
    <ele>570.5</ele>
   </trkpt>
   <trkpt lat="60.1831630" lon="10.4190270">
    <ele>570.1</ele>
   </trkpt>
   <trkpt lat="60.1829780" lon="10.4189020">
    <ele>569.8</ele>
   </trkpt>
   <trkpt lat="60.1828390" lon="10.4189080">
    <ele>569.6</ele>
   </trkpt>
   <trkpt lat="60.1826370" lon="10.4188840">
    <ele>569.6</ele>
   </trkpt>
   <trkpt lat="60.1825640" lon="10.4188650">
    <ele>569.6</ele>
   </trkpt>
   <trkpt lat="60.1823630" lon="10.4188130">
    <ele>569.8</ele>
   </trkpt>
   <trkpt lat="60.1822630" lon="10.4188020">
    <ele>570.1</ele>
   </trkpt>
   <trkpt lat="60.1821190" lon="10.4185850">
    <ele>570.7</ele>
   </trkpt>
   <trkpt lat="60.1821190" lon="10.4185850">
    <ele>570.7</ele>
   </trkpt>
   <trkpt lat="60.1819950" lon="10.4184560">
    <ele>571.3</ele>
   </trkpt>
   <trkpt lat="60.1817900" lon="10.4183860">
    <ele>572.2</ele>
   </trkpt>
   <trkpt lat="60.1817350" lon="10.4183440">
    <ele>572.5</ele>
   </trkpt>
   <trkpt lat="60.1816870" lon="10.4183110">
    <ele>572.7</ele>
   </trkpt>
   <trkpt lat="60.1816250" lon="10.4182580">
    <ele>573.0</ele>
   </trkpt>
   <trkpt lat="60.1814550" lon="10.4180840">
    <ele>573.9</ele>
   </trkpt>
   <trkpt lat="60.1813060" lon="10.4179430">
    <ele>574.4</ele>
   </trkpt>
   <trkpt lat="60.1812060" lon="10.4178880">
    <ele>574.6</ele>
   </trkpt>
   <trkpt lat="60.1811630" lon="10.4178720">
    <ele>574.7</ele>
   </trkpt>
   <trkpt lat="60.1810440" lon="10.4178240">
    <ele>575.0</ele>
   </trkpt>
   <trkpt lat="60.1808470" lon="10.4178120">
    <ele>575.5</ele>
   </trkpt>
   <trkpt lat="60.1806520" lon="10.4178960">
    <ele>575.4</ele>
   </trkpt>
   <trkpt lat="60.1804750" lon="10.4180070">
    <ele>574.0</ele>
   </trkpt>
   <trkpt lat="60.1804100" lon="10.4180700">
    <ele>573.4</ele>
   </trkpt>
   <trkpt lat="60.1802890" lon="10.4181540">
    <ele>572.3</ele>
   </trkpt>
   <trkpt lat="60.1801110" lon="10.4182610">
    <ele>570.7</ele>
   </trkpt>
   <trkpt lat="60.1800410" lon="10.4182950">
    <ele>570.0</ele>
   </trkpt>
   <trkpt lat="60.1798240" lon="10.4184070">
    <ele>567.6</ele>
   </trkpt>
   <trkpt lat="60.1797810" lon="10.4184030">
    <ele>567.2</ele>
   </trkpt>
   <trkpt lat="60.1796360" lon="10.4185340">
    <ele>565.7</ele>
   </trkpt>
   <trkpt lat="60.1795810" lon="10.4185690">
    <ele>565.3</ele>
   </trkpt>
   <trkpt lat="60.1794760" lon="10.4186130">
    <ele>564.7</ele>
   </trkpt>
   <trkpt lat="60.1794040" lon="10.4187290">
    <ele>564.2</ele>
   </trkpt>
   <trkpt lat="60.1792030" lon="10.4187600">
    <ele>563.5</ele>
   </trkpt>
   <trkpt lat="60.1791710" lon="10.4187700">
    <ele>563.5</ele>
   </trkpt>
   <trkpt lat="60.1789820" lon="10.4188470">
    <ele>563.3</ele>
   </trkpt>
   <trkpt lat="60.1788660" lon="10.4189090">
    <ele>563.3</ele>
   </trkpt>
   <trkpt lat="60.1786900" lon="10.4189700">
    <ele>563.3</ele>
   </trkpt>
   <trkpt lat="60.1784810" lon="10.4190240">
    <ele>563.4</ele>
   </trkpt>
   <trkpt lat="60.1784380" lon="10.4190320">
    <ele>563.4</ele>
   </trkpt>
   <trkpt lat="60.1782980" lon="10.4190680">
    <ele>563.4</ele>
   </trkpt>
   <trkpt lat="60.1781100" lon="10.4191430">
    <ele>563.5</ele>
   </trkpt>
   <trkpt lat="60.1780790" lon="10.4191540">
    <ele>563.5</ele>
   </trkpt>
   <trkpt lat="60.1779670" lon="10.4192680">
    <ele>563.6</ele>
   </trkpt>
   <trkpt lat="60.1778400" lon="10.4193860">
    <ele>563.9</ele>
   </trkpt>
   <trkpt lat="60.1777450" lon="10.4194260">
    <ele>564.1</ele>
   </trkpt>
   <trkpt lat="60.1776150" lon="10.4194370">
    <ele>564.3</ele>
   </trkpt>
   <trkpt lat="60.1774850" lon="10.4194400">
    <ele>564.3</ele>
   </trkpt>
   <trkpt lat="60.1773850" lon="10.4194570">
    <ele>564.3</ele>
   </trkpt>
   <trkpt lat="60.1772600" lon="10.4194870">
    <ele>564.3</ele>
   </trkpt>
   <trkpt lat="60.1770840" lon="10.4195740">
    <ele>564.2</ele>
   </trkpt>
   <trkpt lat="60.1769640" lon="10.4195360">
    <ele>564.2</ele>
   </trkpt>
   <trkpt lat="60.1768840" lon="10.4194950">
    <ele>564.2</ele>
   </trkpt>
   <trkpt lat="60.1767050" lon="10.4194980">
    <ele>564.0</ele>
   </trkpt>
   <trkpt lat="60.1766400" lon="10.4195130">
    <ele>563.9</ele>
   </trkpt>
   <trkpt lat="60.1764940" lon="10.4195520">
    <ele>563.7</ele>
   </trkpt>
   <trkpt lat="60.1763740" lon="10.4195590">
    <ele>563.8</ele>
   </trkpt>
   <trkpt lat="60.1763010" lon="10.4195590">
    <ele>563.9</ele>
   </trkpt>
   <trkpt lat="60.1761100" lon="10.4196210">
    <ele>564.1</ele>
   </trkpt>
   <trkpt lat="60.1760680" lon="10.4196350">
    <ele>564.2</ele>
   </trkpt>
   <trkpt lat="60.1760040" lon="10.4196790">
    <ele>564.1</ele>
   </trkpt>
   <trkpt lat="60.1759190" lon="10.4197230">
    <ele>564.0</ele>
   </trkpt>
   <trkpt lat="60.1757170" lon="10.4198270">
    <ele>563.8</ele>
   </trkpt>
   <trkpt lat="60.1757170" lon="10.4198270">
    <ele>563.8</ele>
   </trkpt>
   <trkpt lat="60.1755600" lon="10.4198740">
    <ele>563.9</ele>
   </trkpt>
   <trkpt lat="60.1754080" lon="10.4199230">
    <ele>564.2</ele>
   </trkpt>
   <trkpt lat="60.1753540" lon="10.4199220">
    <ele>564.4</ele>
   </trkpt>
   <trkpt lat="60.1751500" lon="10.4198530">
    <ele>565.4</ele>
   </trkpt>
   <trkpt lat="60.1749970" lon="10.4197930">
    <ele>566.5</ele>
   </trkpt>
   <trkpt lat="60.1748590" lon="10.4197860">
    <ele>567.4</ele>
   </trkpt>
   <trkpt lat="60.1746800" lon="10.4197060">
    <ele>568.4</ele>
   </trkpt>
   <trkpt lat="60.1744670" lon="10.4196540">
    <ele>569.5</ele>
   </trkpt>
   <trkpt lat="60.1742810" lon="10.4196670">
    <ele>570.2</ele>
   </trkpt>
   <trkpt lat="60.1742320" lon="10.4197140">
    <ele>570.3</ele>
   </trkpt>
   <trkpt lat="60.1741840" lon="10.4198040">
    <ele>570.4</ele>
   </trkpt>
   <trkpt lat="60.1741310" lon="10.4198340">
    <ele>570.4</ele>
   </trkpt>
   <trkpt lat="60.1740530" lon="10.4198360">
    <ele>570.4</ele>
   </trkpt>
   <trkpt lat="60.1740160" lon="10.4198220">
    <ele>570.3</ele>
   </trkpt>
   <trkpt lat="60.1739740" lon="10.4198390">
    <ele>570.2</ele>
   </trkpt>
   <trkpt lat="60.1739210" lon="10.4198980">
    <ele>569.9</ele>
   </trkpt>
   <trkpt lat="60.1738850" lon="10.4198960">
    <ele>569.7</ele>
   </trkpt>
   <trkpt lat="60.1737090" lon="10.4199980">
    <ele>568.2</ele>
   </trkpt>
   <trkpt lat="60.1735320" lon="10.4201000">
    <ele>566.6</ele>
   </trkpt>
   <trkpt lat="60.1735320" lon="10.4201000">
    <ele>566.6</ele>
   </trkpt>
   <trkpt lat="60.1732810" lon="10.4202040">
    <ele>565.4</ele>
   </trkpt>
   <trkpt lat="60.1732810" lon="10.4202040">
    <ele>565.4</ele>
   </trkpt>
   <trkpt lat="60.1730170" lon="10.4200980">
    <ele>565.8</ele>
   </trkpt>
   <trkpt lat="60.1728800" lon="10.4200660">
    <ele>566.4</ele>
   </trkpt>
   <trkpt lat="60.1727430" lon="10.4200210">
    <ele>567.3</ele>
   </trkpt>
   <trkpt lat="60.1727030" lon="10.4199550">
    <ele>567.8</ele>
   </trkpt>
   <trkpt lat="60.1726670" lon="10.4198360">
    <ele>568.5</ele>
   </trkpt>
   <trkpt lat="60.1726440" lon="10.4197470">
    <ele>569.1</ele>
   </trkpt>
   <trkpt lat="60.1726010" lon="10.4195660">
    <ele>570.4</ele>
   </trkpt>
   <trkpt lat="60.1725720" lon="10.4193640">
    <ele>571.9</ele>
   </trkpt>
   <trkpt lat="60.1725610" lon="10.4192970">
    <ele>572.3</ele>
   </trkpt>
   <trkpt lat="60.1725160" lon="10.4191130">
    <ele>573.6</ele>
   </trkpt>
   <trkpt lat="60.1725040" lon="10.4190650">
    <ele>573.9</ele>
   </trkpt>
   <trkpt lat="60.1725020" lon="10.4188880">
    <ele>575.0</ele>
   </trkpt>
   <trkpt lat="60.1725060" lon="10.4188560">
    <ele>575.2</ele>
   </trkpt>
   <trkpt lat="60.1725160" lon="10.4187550">
    <ele>575.7</ele>
   </trkpt>
   <trkpt lat="60.1725110" lon="10.4186230">
    <ele>576.5</ele>
   </trkpt>
   <trkpt lat="60.1724900" lon="10.4184970">
    <ele>577.1</ele>
   </trkpt>
   <trkpt lat="60.1724990" lon="10.4184030">
    <ele>577.6</ele>
   </trkpt>
   <trkpt lat="60.1725040" lon="10.4182700">
    <ele>578.3</ele>
   </trkpt>
   <trkpt lat="60.1724950" lon="10.4181400">
    <ele>579.0</ele>
   </trkpt>
   <trkpt lat="60.1724810" lon="10.4180380">
    <ele>579.6</ele>
   </trkpt>
   <trkpt lat="60.1724550" lon="10.4178010">
    <ele>580.8</ele>
   </trkpt>
   <trkpt lat="60.1724410" lon="10.4177690">
    <ele>581.0</ele>
   </trkpt>
   <trkpt lat="60.1724130" lon="10.4176400">
    <ele>581.7</ele>
   </trkpt>
   <trkpt lat="60.1724130" lon="10.4174980">
    <ele>582.3</ele>
   </trkpt>
   <trkpt lat="60.1724010" lon="10.4174310">
    <ele>582.6</ele>
   </trkpt>
   <trkpt lat="60.1724410" lon="10.4171400">
    <ele>583.9</ele>
   </trkpt>
   <trkpt lat="60.1724330" lon="10.4170460">
    <ele>584.2</ele>
   </trkpt>
   <trkpt lat="60.1724330" lon="10.4168640">
    <ele>584.9</ele>
   </trkpt>
   <trkpt lat="60.1724060" lon="10.4167700">
    <ele>585.3</ele>
   </trkpt>
   <trkpt lat="60.1723970" lon="10.4167220">
    <ele>585.5</ele>
   </trkpt>
   <trkpt lat="60.1723800" lon="10.4166220">
    <ele>585.9</ele>
   </trkpt>
   <trkpt lat="60.1723900" lon="10.4165090">
    <ele>586.3</ele>
   </trkpt>
   <trkpt lat="60.1723850" lon="10.4164820">
    <ele>586.5</ele>
   </trkpt>
   <trkpt lat="60.1723780" lon="10.4163970">
    <ele>586.8</ele>
   </trkpt>
   <trkpt lat="60.1723690" lon="10.4163480">
    <ele>587.0</ele>
   </trkpt>
   <trkpt lat="60.1724030" lon="10.4161140">
    <ele>587.9</ele>
   </trkpt>
   <trkpt lat="60.1724810" lon="10.4160360">
    <ele>588.5</ele>
   </trkpt>
   <trkpt lat="60.1725300" lon="10.4159510">
    <ele>588.9</ele>
   </trkpt>
   <trkpt lat="60.1724920" lon="10.4157860">
    <ele>589.4</ele>
   </trkpt>
   <trkpt lat="60.1724840" lon="10.4157550">
    <ele>589.5</ele>
   </trkpt>
   <trkpt lat="60.1725130" lon="10.4157100">
    <ele>589.7</ele>
   </trkpt>
   <trkpt lat="60.1725100" lon="10.4157200">
    <ele>589.7</ele>
   </trkpt>
   <trkpt lat="60.1724660" lon="10.4157340">
    <ele>590.0</ele>
   </trkpt>
   <trkpt lat="60.1723980" lon="10.4157610">
    <ele>590.3</ele>
   </trkpt>
   <trkpt lat="60.1723160" lon="10.4158040">
    <ele>590.8</ele>
   </trkpt>
   <trkpt lat="60.1722920" lon="10.4158240">
    <ele>591.0</ele>
   </trkpt>
   <trkpt lat="60.1721990" lon="10.4159400">
    <ele>591.7</ele>
   </trkpt>
   <trkpt lat="60.1721830" lon="10.4159650">
    <ele>591.8</ele>
   </trkpt>
   <trkpt lat="60.1720720" lon="10.4161070">
    <ele>592.8</ele>
   </trkpt>
   <trkpt lat="60.1720530" lon="10.4161350">
    <ele>592.9</ele>
   </trkpt>
   <trkpt lat="60.1719990" lon="10.4162170">
    <ele>593.5</ele>
   </trkpt>
   <trkpt lat="60.1719740" lon="10.4162850">
    <ele>593.8</ele>
   </trkpt>
   <trkpt lat="60.1719570" lon="10.4163180">
    <ele>594.0</ele>
   </trkpt>
   <trkpt lat="60.1718580" lon="10.4165450">
    <ele>595.1</ele>
   </trkpt>
   <trkpt lat="60.1718120" lon="10.4166580">
    <ele>595.6</ele>
   </trkpt>
   <trkpt lat="60.1717430" lon="10.4167960">
    <ele>596.3</ele>
   </trkpt>
   <trkpt lat="60.1716290" lon="10.4170690">
    <ele>597.4</ele>
   </trkpt>
   <trkpt lat="60.1716310" lon="10.4171120">
    <ele>597.5</ele>
   </trkpt>
   <trkpt lat="60.1716200" lon="10.4172000">
    <ele>597.9</ele>
   </trkpt>
   <trkpt lat="60.1715750" lon="10.4172590">
    <ele>598.2</ele>
   </trkpt>
   <trkpt lat="60.1714570" lon="10.4172970">
    <ele>598.5</ele>
   </trkpt>
   <trkpt lat="60.1714280" lon="10.4172850">
    <ele>598.6</ele>
   </trkpt>
   <trkpt lat="60.1713240" lon="10.4171290">
    <ele>600.4</ele>
   </trkpt>
   <trkpt lat="60.1712800" lon="10.4167910">
    <ele>601.2</ele>
   </trkpt>
   <trkpt lat="60.1712300" lon="10.4165550">
    <ele>601.6</ele>
   </trkpt>
   <trkpt lat="60.1712190" lon="10.4165040">
    <ele>601.6</ele>
   </trkpt>
   <trkpt lat="60.1711100" lon="10.4161630">
    <ele>601.4</ele>
   </trkpt>
   <trkpt lat="60.1710640" lon="10.4159970">
    <ele>601.3</ele>
   </trkpt>
   <trkpt lat="60.1710200" lon="10.4157740">
    <ele>601.3</ele>
   </trkpt>
   <trkpt lat="60.1710100" lon="10.4154600">
    <ele>602.0</ele>
   </trkpt>
   <trkpt lat="60.1710040" lon="10.4152980">
    <ele>602.5</ele>
   </trkpt>
   <trkpt lat="60.1710200" lon="10.4150890">
    <ele>603.3</ele>
   </trkpt>
   <trkpt lat="60.1710400" lon="10.4148120">
    <ele>604.4</ele>
   </trkpt>
   <trkpt lat="60.1711770" lon="10.4145840">
    <ele>605.6</ele>
   </trkpt>
   <trkpt lat="60.1713750" lon="10.4144430">
    <ele>606.9</ele>
   </trkpt>
   <trkpt lat="60.1715700" lon="10.4143140">
    <ele>608.0</ele>
   </trkpt>
   <trkpt lat="60.1717580" lon="10.4141870">
    <ele>609.0</ele>
   </trkpt>
   <trkpt lat="60.1719530" lon="10.4140910">
    <ele>609.5</ele>
   </trkpt>
   <trkpt lat="60.1719930" lon="10.4140760">
    <ele>609.6</ele>
   </trkpt>
   <trkpt lat="60.1721910" lon="10.4139600">
    <ele>610.0</ele>
   </trkpt>
   <trkpt lat="60.1723050" lon="10.4139160">
    <ele>610.2</ele>
   </trkpt>
   <trkpt lat="60.1723720" lon="10.4138790">
    <ele>610.3</ele>
   </trkpt>
   <trkpt lat="60.1725380" lon="10.4137090">
    <ele>610.7</ele>
   </trkpt>
   <trkpt lat="60.1725930" lon="10.4136420">
    <ele>610.9</ele>
   </trkpt>
   <trkpt lat="60.1727360" lon="10.4134110">
    <ele>611.6</ele>
   </trkpt>
   <trkpt lat="60.1727330" lon="10.4133550">
    <ele>611.7</ele>
   </trkpt>
   <trkpt lat="60.1727300" lon="10.4133160">
    <ele>611.8</ele>
   </trkpt>
   <trkpt lat="60.1726750" lon="10.4130620">
    <ele>612.4</ele>
   </trkpt>
   <trkpt lat="60.1725610" lon="10.4127610">
    <ele>613.0</ele>
   </trkpt>
   <trkpt lat="60.1724950" lon="10.4124770">
    <ele>613.3</ele>
   </trkpt>
   <trkpt lat="60.1724890" lon="10.4124170">
    <ele>613.4</ele>
   </trkpt>
   <trkpt lat="60.1724900" lon="10.4123660">
    <ele>613.5</ele>
   </trkpt>
   <trkpt lat="60.1724860" lon="10.4120750">
    <ele>613.8</ele>
   </trkpt>
   <trkpt lat="60.1725070" lon="10.4117170">
    <ele>614.3</ele>
   </trkpt>
   <trkpt lat="60.1725190" lon="10.4116550">
    <ele>614.4</ele>
   </trkpt>
   <trkpt lat="60.1725100" lon="10.4115130">
    <ele>614.7</ele>
   </trkpt>
   <trkpt lat="60.1725180" lon="10.4111790">
    <ele>615.6</ele>
   </trkpt>
   <trkpt lat="60.1725210" lon="10.4110100">
    <ele>616.0</ele>
   </trkpt>
   <trkpt lat="60.1725410" lon="10.4108620">
    <ele>616.5</ele>
   </trkpt>
   <trkpt lat="60.1725730" lon="10.4106870">
    <ele>617.0</ele>
   </trkpt>
   <trkpt lat="60.1725800" lon="10.4106360">
    <ele>617.1</ele>
   </trkpt>
   <trkpt lat="60.1726400" lon="10.4104890">
    <ele>617.6</ele>
   </trkpt>
   <trkpt lat="60.1727020" lon="10.4103580">
    <ele>618.1</ele>
   </trkpt>
   <trkpt lat="60.1726580" lon="10.4101100">
    <ele>618.9</ele>
   </trkpt>
   <trkpt lat="60.1726400" lon="10.4100240">
    <ele>619.1</ele>
   </trkpt>
   <trkpt lat="60.1725850" lon="10.4099290">
    <ele>619.6</ele>
   </trkpt>
   <trkpt lat="60.1724470" lon="10.4098820">
    <ele>619.4</ele>
   </trkpt>
   <trkpt lat="60.1722620" lon="10.4098690">
    <ele>619.7</ele>
   </trkpt>
   <trkpt lat="60.1721890" lon="10.4098680">
    <ele>620.0</ele>
   </trkpt>
   <trkpt lat="60.1721560" lon="10.4098970">
    <ele>620.2</ele>
   </trkpt>
   <trkpt lat="60.1721110" lon="10.4099450">
    <ele>620.5</ele>
   </trkpt>
   <trkpt lat="60.1720390" lon="10.4099880">
    <ele>620.9</ele>
   </trkpt>
   <trkpt lat="60.1720070" lon="10.4100010">
    <ele>621.1</ele>
   </trkpt>
   <trkpt lat="60.1718380" lon="10.4101390">
    <ele>622.1</ele>
   </trkpt>
   <trkpt lat="60.1717850" lon="10.4101890">
    <ele>622.3</ele>
   </trkpt>
   <trkpt lat="60.1716810" lon="10.4102890">
    <ele>622.2</ele>
   </trkpt>
   <trkpt lat="60.1715180" lon="10.4104670">
    <ele>621.3</ele>
   </trkpt>
   <trkpt lat="60.1713840" lon="10.4105990">
    <ele>621.0</ele>
   </trkpt>
   <trkpt lat="60.1712090" lon="10.4106960">
    <ele>621.0</ele>
   </trkpt>
   <trkpt lat="60.1710410" lon="10.4108410">
    <ele>621.4</ele>
   </trkpt>
   <trkpt lat="60.1709490" lon="10.4109260">
    <ele>621.9</ele>
   </trkpt>
   <trkpt lat="60.1709270" lon="10.4109400">
    <ele>622.0</ele>
   </trkpt>
   <trkpt lat="60.1707670" lon="10.4109790">
    <ele>623.1</ele>
   </trkpt>
   <trkpt lat="60.1706780" lon="10.4109900">
    <ele>623.8</ele>
   </trkpt>
   <trkpt lat="60.1706340" lon="10.4109970">
    <ele>624.1</ele>
   </trkpt>
   <trkpt lat="60.1704530" lon="10.4109900">
    <ele>625.0</ele>
   </trkpt>
   <trkpt lat="60.1703050" lon="10.4109530">
    <ele>625.3</ele>
   </trkpt>
   <trkpt lat="60.1702940" lon="10.4109420">
    <ele>625.3</ele>
   </trkpt>
   <trkpt lat="60.1701430" lon="10.4109130">
    <ele>625.5</ele>
   </trkpt>
   <trkpt lat="60.1700130" lon="10.4108380">
    <ele>626.5</ele>
   </trkpt>
   <trkpt lat="60.1698780" lon="10.4107720">
    <ele>627.7</ele>
   </trkpt>
   <trkpt lat="60.1697840" lon="10.4106750">
    <ele>628.2</ele>
   </trkpt>
   <trkpt lat="60.1697690" lon="10.4106580">
    <ele>628.2</ele>
   </trkpt>
   <trkpt lat="60.1696890" lon="10.4105800">
    <ele>628.5</ele>
   </trkpt>
   <trkpt lat="60.1696790" lon="10.4105500">
    <ele>628.6</ele>
   </trkpt>
   <trkpt lat="60.1696380" lon="10.4105100">
    <ele>628.8</ele>
   </trkpt>
   <trkpt lat="60.1695240" lon="10.4104710">
    <ele>629.4</ele>
   </trkpt>
   <trkpt lat="60.1694150" lon="10.4104260">
    <ele>630.3</ele>
   </trkpt>
   <trkpt lat="60.1693700" lon="10.4104140">
    <ele>630.6</ele>
   </trkpt>
   <trkpt lat="60.1692080" lon="10.4104500">
    <ele>631.5</ele>
   </trkpt>
   <trkpt lat="60.1691590" lon="10.4104160">
    <ele>631.5</ele>
   </trkpt>
   <trkpt lat="60.1690640" lon="10.4103600">
    <ele>631.2</ele>
   </trkpt>
   <trkpt lat="60.1688920" lon="10.4102900">
    <ele>630.6</ele>
   </trkpt>
   <trkpt lat="60.1688710" lon="10.4102850">
    <ele>630.5</ele>
   </trkpt>
   <trkpt lat="60.1688120" lon="10.4102880">
    <ele>630.5</ele>
   </trkpt>
   <trkpt lat="60.1687330" lon="10.4102250">
    <ele>630.7</ele>
   </trkpt>
   <trkpt lat="60.1686840" lon="10.4101740">
    <ele>630.8</ele>
   </trkpt>
   <trkpt lat="60.1686380" lon="10.4100850">
    <ele>631.2</ele>
   </trkpt>
   <trkpt lat="60.1686090" lon="10.4099930">
    <ele>631.3</ele>
   </trkpt>
   <trkpt lat="60.1686090" lon="10.4099720">
    <ele>631.3</ele>
   </trkpt>
   <trkpt lat="60.1686090" lon="10.4099490">
    <ele>631.3</ele>
   </trkpt>
   <trkpt lat="60.1685950" lon="10.4098970">
    <ele>631.4</ele>
   </trkpt>
   <trkpt lat="60.1685730" lon="10.4098680">
    <ele>631.5</ele>
   </trkpt>
   <trkpt lat="60.1685300" lon="10.4098300">
    <ele>631.6</ele>
   </trkpt>
   <trkpt lat="60.1685110" lon="10.4098050">
    <ele>631.7</ele>
   </trkpt>
   <trkpt lat="60.1684250" lon="10.4097180">
    <ele>632.2</ele>
   </trkpt>
   <trkpt lat="60.1683080" lon="10.4096360">
    <ele>633.1</ele>
   </trkpt>
   <trkpt lat="60.1682780" lon="10.4096100">
    <ele>633.3</ele>
   </trkpt>
   <trkpt lat="60.1680870" lon="10.4094670">
    <ele>634.5</ele>
   </trkpt>
   <trkpt lat="60.1680660" lon="10.4094320">
    <ele>634.6</ele>
   </trkpt>
   <trkpt lat="60.1680560" lon="10.4092260">
    <ele>635.0</ele>
   </trkpt>
   <trkpt lat="60.1680480" lon="10.4091240">
    <ele>635.1</ele>
   </trkpt>
   <trkpt lat="60.1680690" lon="10.4090030">
    <ele>635.3</ele>
   </trkpt>
   <trkpt lat="60.1680690" lon="10.4087730">
    <ele>635.8</ele>
   </trkpt>
   <trkpt lat="60.1680650" lon="10.4087240">
    <ele>636.0</ele>
   </trkpt>
   <trkpt lat="60.1680660" lon="10.4086850">
    <ele>636.1</ele>
   </trkpt>
   <trkpt lat="60.1680680" lon="10.4085730">
    <ele>636.6</ele>
   </trkpt>
   <trkpt lat="60.1680750" lon="10.4084760">
    <ele>637.1</ele>
   </trkpt>
   <trkpt lat="60.1681100" lon="10.4084140">
    <ele>637.7</ele>
   </trkpt>
   <trkpt lat="60.1681410" lon="10.4083590">
    <ele>638.3</ele>
   </trkpt>
   <trkpt lat="60.1682110" lon="10.4082860">
    <ele>639.7</ele>
   </trkpt>
   <trkpt lat="60.1682270" lon="10.4082620">
    <ele>640.1</ele>
   </trkpt>
   <trkpt lat="60.1682540" lon="10.4082280">
    <ele>640.8</ele>
   </trkpt>
   <trkpt lat="60.1683610" lon="10.4081520">
    <ele>643.0</ele>
   </trkpt>
   <trkpt lat="60.1683570" lon="10.4081320">
    <ele>643.3</ele>
   </trkpt>
   <trkpt lat="60.1683460" lon="10.4080920">
    <ele>643.7</ele>
   </trkpt>
   <trkpt lat="60.1683370" lon="10.4080720">
    <ele>644.0</ele>
   </trkpt>
   <trkpt lat="60.1683260" lon="10.4080490">
    <ele>644.3</ele>
   </trkpt>
   <trkpt lat="60.1683430" lon="10.4079620">
    <ele>645.2</ele>
   </trkpt>
   <trkpt lat="60.1683790" lon="10.4079400">
    <ele>645.9</ele>
   </trkpt>
   <trkpt lat="60.1684160" lon="10.4078640">
    <ele>646.8</ele>
   </trkpt>
   <trkpt lat="60.1684160" lon="10.4077700">
    <ele>647.5</ele>
   </trkpt>
   <trkpt lat="60.1683310" lon="10.4076850">
    <ele>648.7</ele>
   </trkpt>
   <trkpt lat="60.1683710" lon="10.4076310">
    <ele>649.3</ele>
   </trkpt>
   <trkpt lat="60.1684270" lon="10.4074660">
    <ele>650.5</ele>
   </trkpt>
   <trkpt lat="60.1683890" lon="10.4074340">
    <ele>651.0</ele>
   </trkpt>
   <trkpt lat="60.1683870" lon="10.4074240">
    <ele>651.1</ele>
   </trkpt>
   <trkpt lat="60.1683890" lon="10.4073750">
    <ele>651.3</ele>
   </trkpt>
   <trkpt lat="60.1684070" lon="10.4073270">
    <ele>651.7</ele>
   </trkpt>
   <trkpt lat="60.1684230" lon="10.4072390">
    <ele>652.2</ele>
   </trkpt>
   <trkpt lat="60.1684140" lon="10.4071240">
    <ele>652.8</ele>
   </trkpt>
   <trkpt lat="60.1684090" lon="10.4070740">
    <ele>653.1</ele>
   </trkpt>
   <trkpt lat="60.1684070" lon="10.4070520">
    <ele>653.2</ele>
   </trkpt>
   <trkpt lat="60.1683790" lon="10.4069040">
    <ele>653.9</ele>
   </trkpt>
   <trkpt lat="60.1683620" lon="10.4068300">
    <ele>654.3</ele>
   </trkpt>
   <trkpt lat="60.1683280" lon="10.4067270">
    <ele>654.9</ele>
   </trkpt>
   <trkpt lat="60.1683560" lon="10.4067050">
    <ele>655.2</ele>
   </trkpt>
   <trkpt lat="60.1683260" lon="10.4066360">
    <ele>655.6</ele>
   </trkpt>
   <trkpt lat="60.1682980" lon="10.4065820">
    <ele>655.9</ele>
   </trkpt>
   <trkpt lat="60.1682260" lon="10.4064070">
    <ele>656.8</ele>
   </trkpt>
   <trkpt lat="60.1682130" lon="10.4063650">
    <ele>657.0</ele>
   </trkpt>
   <trkpt lat="60.1681720" lon="10.4062830">
    <ele>657.3</ele>
   </trkpt>
   <trkpt lat="60.1681140" lon="10.4061290">
    <ele>657.9</ele>
   </trkpt>
   <trkpt lat="60.1680920" lon="10.4060890">
    <ele>658.1</ele>
   </trkpt>
   <trkpt lat="60.1680560" lon="10.4060200">
    <ele>658.4</ele>
   </trkpt>
   <trkpt lat="60.1680060" lon="10.4059610">
    <ele>658.6</ele>
   </trkpt>
   <trkpt lat="60.1679260" lon="10.4059050">
    <ele>658.9</ele>
   </trkpt>
   <trkpt lat="60.1679070" lon="10.4058780">
    <ele>659.0</ele>
   </trkpt>
   <trkpt lat="60.1678830" lon="10.4058510">
    <ele>659.1</ele>
   </trkpt>
   <trkpt lat="60.1678300" lon="10.4057470">
    <ele>659.5</ele>
   </trkpt>
   <trkpt lat="60.1678260" lon="10.4056960">
    <ele>659.7</ele>
   </trkpt>
   <trkpt lat="60.1678170" lon="10.4056700">
    <ele>659.8</ele>
   </trkpt>
   <trkpt lat="60.1677520" lon="10.4056260">
    <ele>660.3</ele>
   </trkpt>
   <trkpt lat="60.1677040" lon="10.4055880">
    <ele>660.7</ele>
   </trkpt>
   <trkpt lat="60.1676850" lon="10.4055370">
    <ele>660.9</ele>
   </trkpt>
   <trkpt lat="60.1676870" lon="10.4055200">
    <ele>661.0</ele>
   </trkpt>
   <trkpt lat="60.1676860" lon="10.4054900">
    <ele>661.1</ele>
   </trkpt>
   <trkpt lat="60.1676790" lon="10.4054620">
    <ele>661.2</ele>
   </trkpt>
   <trkpt lat="60.1676680" lon="10.4054550">
    <ele>661.3</ele>
   </trkpt>
   <trkpt lat="60.1675520" lon="10.4054090">
    <ele>662.3</ele>
   </trkpt>
   <trkpt lat="60.1674980" lon="10.4053730">
    <ele>662.7</ele>
   </trkpt>
   <trkpt lat="60.1674410" lon="10.4053560">
    <ele>663.2</ele>
   </trkpt>
   <trkpt lat="60.1674050" lon="10.4053150">
    <ele>663.6</ele>
   </trkpt>
   <trkpt lat="60.1674060" lon="10.4052730">
    <ele>663.8</ele>
   </trkpt>
   <trkpt lat="60.1674100" lon="10.4052650">
    <ele>663.9</ele>
   </trkpt>
   <trkpt lat="60.1674100" lon="10.4052110">
    <ele>664.2</ele>
   </trkpt>
   <trkpt lat="60.1674080" lon="10.4051940">
    <ele>664.3</ele>
   </trkpt>
   <trkpt lat="60.1674050" lon="10.4051780">
    <ele>664.4</ele>
   </trkpt>
   <trkpt lat="60.1674060" lon="10.4051630">
    <ele>664.5</ele>
   </trkpt>
   <trkpt lat="60.1673950" lon="10.4051490">
    <ele>664.7</ele>
   </trkpt>
   <trkpt lat="60.1673860" lon="10.4051360">
    <ele>664.9</ele>
   </trkpt>
   <trkpt lat="60.1673820" lon="10.4051200">
    <ele>665.0</ele>
   </trkpt>
   <trkpt lat="60.1673800" lon="10.4051010">
    <ele>665.2</ele>
   </trkpt>
   <trkpt lat="60.1673610" lon="10.4050800">
    <ele>665.6</ele>
   </trkpt>
   <trkpt lat="60.1673490" lon="10.4050650">
    <ele>665.9</ele>
   </trkpt>
   <trkpt lat="60.1673170" lon="10.4050380">
    <ele>666.6</ele>
   </trkpt>
   <trkpt lat="60.1672910" lon="10.4050090">
    <ele>667.3</ele>
   </trkpt>
   <trkpt lat="60.1672630" lon="10.4049790">
    <ele>668.1</ele>
   </trkpt>
   <trkpt lat="60.1672480" lon="10.4049000">
    <ele>669.3</ele>
   </trkpt>
   <trkpt lat="60.1672450" lon="10.4048900">
    <ele>669.4</ele>
   </trkpt>
   <trkpt lat="60.1672430" lon="10.4048750">
    <ele>669.6</ele>
   </trkpt>
   <trkpt lat="60.1672740" lon="10.4048220">
    <ele>670.7</ele>
   </trkpt>
   <trkpt lat="60.1672610" lon="10.4047730">
    <ele>671.5</ele>
   </trkpt>
   <trkpt lat="60.1672600" lon="10.4047620">
    <ele>671.6</ele>
   </trkpt>
   <trkpt lat="60.1672430" lon="10.4047280">
    <ele>672.3</ele>
   </trkpt>
   <trkpt lat="60.1672000" lon="10.4047020">
    <ele>673.4</ele>
   </trkpt>
   <trkpt lat="60.1672270" lon="10.4046910">
    <ele>674.1</ele>
   </trkpt>
   <trkpt lat="60.1671930" lon="10.4046840">
    <ele>674.9</ele>
   </trkpt>
   <trkpt lat="60.1671630" lon="10.4046790">
    <ele>675.6</ele>
   </trkpt>
   <trkpt lat="60.1671380" lon="10.4046610">
    <ele>676.1</ele>
   </trkpt>
   <trkpt lat="60.1670960" lon="10.4046230">
    <ele>677.0</ele>
   </trkpt>
   <trkpt lat="60.1670490" lon="10.4045960">
    <ele>677.8</ele>
   </trkpt>
   <trkpt lat="60.1670320" lon="10.4045610">
    <ele>678.1</ele>
   </trkpt>
   <trkpt lat="60.1669950" lon="10.4044830">
    <ele>678.8</ele>
   </trkpt>
   <trkpt lat="60.1670610" lon="10.4043480">
    <ele>679.8</ele>
   </trkpt>
   <trkpt lat="60.1670510" lon="10.4043330">
    <ele>680.0</ele>
   </trkpt>
   <trkpt lat="60.1670410" lon="10.4043130">
    <ele>680.1</ele>
   </trkpt>
   <trkpt lat="60.1670390" lon="10.4042750">
    <ele>680.3</ele>
   </trkpt>
   <trkpt lat="60.1670930" lon="10.4042420">
    <ele>680.9</ele>
   </trkpt>
   <trkpt lat="60.1671420" lon="10.4041980">
    <ele>681.4</ele>
   </trkpt>
   <trkpt lat="60.1671510" lon="10.4041740">
    <ele>681.6</ele>
   </trkpt>
   <trkpt lat="60.1671370" lon="10.4041460">
    <ele>681.9</ele>
   </trkpt>
   <trkpt lat="60.1670470" lon="10.4039890">
    <ele>683.9</ele>
   </trkpt>
   <trkpt lat="60.1670330" lon="10.4039590">
    <ele>684.3</ele>
   </trkpt>
   <trkpt lat="60.1670100" lon="10.4039250">
    <ele>684.9</ele>
   </trkpt>
   <trkpt lat="60.1669980" lon="10.4038930">
    <ele>685.3</ele>
   </trkpt>
   <trkpt lat="60.1669810" lon="10.4038480">
    <ele>685.9</ele>
   </trkpt>
   <trkpt lat="60.1669810" lon="10.4038290">
    <ele>686.1</ele>
   </trkpt>
   <trkpt lat="60.1669690" lon="10.4038060">
    <ele>686.4</ele>
   </trkpt>
   <trkpt lat="60.1669720" lon="10.4037200">
    <ele>687.3</ele>
   </trkpt>
   <trkpt lat="60.1669700" lon="10.4037040">
    <ele>687.5</ele>
   </trkpt>
   <trkpt lat="60.1669740" lon="10.4036910">
    <ele>687.6</ele>
   </trkpt>
   <trkpt lat="60.1669850" lon="10.4036590">
    <ele>688.0</ele>
   </trkpt>
   <trkpt lat="60.1670070" lon="10.4036210">
    <ele>688.6</ele>
   </trkpt>
   <trkpt lat="60.1670050" lon="10.4035990">
    <ele>688.8</ele>
   </trkpt>
   <trkpt lat="60.1670150" lon="10.4035500">
    <ele>689.3</ele>
   </trkpt>
   <trkpt lat="60.1670100" lon="10.4035170">
    <ele>689.6</ele>
   </trkpt>
   <trkpt lat="60.1670120" lon="10.4034960">
    <ele>689.8</ele>
   </trkpt>
   <trkpt lat="60.1670250" lon="10.4034550">
    <ele>690.3</ele>
   </trkpt>
   <trkpt lat="60.1670300" lon="10.4034300">
    <ele>690.6</ele>
   </trkpt>
   <trkpt lat="60.1670370" lon="10.4033510">
    <ele>691.3</ele>
   </trkpt>
   <trkpt lat="60.1670240" lon="10.4032910">
    <ele>691.9</ele>
   </trkpt>
   <trkpt lat="60.1670290" lon="10.4032120">
    <ele>692.5</ele>
   </trkpt>
   <trkpt lat="60.1670300" lon="10.4031360">
    <ele>693.1</ele>
   </trkpt>
   <trkpt lat="60.1670020" lon="10.4030510">
    <ele>693.8</ele>
   </trkpt>
   <trkpt lat="60.1669840" lon="10.4030040">
    <ele>694.2</ele>
   </trkpt>
   <trkpt lat="60.1669720" lon="10.4029540">
    <ele>694.4</ele>
   </trkpt>
   <trkpt lat="60.1669000" lon="10.4028130">
    <ele>695.2</ele>
   </trkpt>
   <trkpt lat="60.1668480" lon="10.4026190">
    <ele>695.8</ele>
   </trkpt>
   <trkpt lat="60.1668360" lon="10.4025870">
    <ele>695.9</ele>
   </trkpt>
   <trkpt lat="60.1668260" lon="10.4025260">
    <ele>696.1</ele>
   </trkpt>
   <trkpt lat="60.1668340" lon="10.4024590">
    <ele>696.3</ele>
   </trkpt>
   <trkpt lat="60.1668280" lon="10.4024090">
    <ele>696.4</ele>
   </trkpt>
   <trkpt lat="60.1668190" lon="10.4023450">
    <ele>696.5</ele>
   </trkpt>
   <trkpt lat="60.1667800" lon="10.4022410">
    <ele>696.8</ele>
   </trkpt>
   <trkpt lat="60.1667690" lon="10.4022010">
    <ele>696.9</ele>
   </trkpt>
   <trkpt lat="60.1667180" lon="10.4020370">
    <ele>697.3</ele>
   </trkpt>
   <trkpt lat="60.1667020" lon="10.4019990">
    <ele>697.4</ele>
   </trkpt>
   <trkpt lat="60.1666130" lon="10.4018140">
    <ele>698.0</ele>
   </trkpt>
   <trkpt lat="60.1666020" lon="10.4017710">
    <ele>698.2</ele>
   </trkpt>
   <trkpt lat="60.1665810" lon="10.4016160">
    <ele>698.8</ele>
   </trkpt>
   <trkpt lat="60.1665690" lon="10.4015810">
    <ele>698.9</ele>
   </trkpt>
   <trkpt lat="60.1665420" lon="10.4014760">
    <ele>699.3</ele>
   </trkpt>
   <trkpt lat="60.1664930" lon="10.4013520">
    <ele>699.8</ele>
   </trkpt>
   <trkpt lat="60.1664510" lon="10.4012920">
    <ele>700.0</ele>
   </trkpt>
   <trkpt lat="60.1663980" lon="10.4011100">
    <ele>700.5</ele>
   </trkpt>
   <trkpt lat="60.1663060" lon="10.4008860">
    <ele>700.9</ele>
   </trkpt>
   <trkpt lat="60.1662480" lon="10.4007490">
    <ele>701.1</ele>
   </trkpt>
   <trkpt lat="60.1662290" lon="10.4006220">
    <ele>701.1</ele>
   </trkpt>
   <trkpt lat="60.1662370" lon="10.4005910">
    <ele>701.0</ele>
   </trkpt>
   <trkpt lat="60.1662470" lon="10.4005350">
    <ele>701.0</ele>
   </trkpt>
   <trkpt lat="60.1662770" lon="10.4004440">
    <ele>701.0</ele>
   </trkpt>
   <trkpt lat="60.1662910" lon="10.4003080">
    <ele>700.9</ele>
   </trkpt>
   <trkpt lat="60.1662940" lon="10.4002960">
    <ele>700.9</ele>
   </trkpt>
   <trkpt lat="60.1662690" lon="10.4003160">
    <ele>700.9</ele>
   </trkpt>
   <trkpt lat="60.1662320" lon="10.4003660">
    <ele>700.8</ele>
   </trkpt>
   <trkpt lat="60.1661580" lon="10.4003890">
    <ele>700.6</ele>
   </trkpt>
   <trkpt lat="60.1661140" lon="10.4003930">
    <ele>700.4</ele>
   </trkpt>
   <trkpt lat="60.1660680" lon="10.4003440">
    <ele>700.2</ele>
   </trkpt>
   <trkpt lat="60.1660320" lon="10.4002750">
    <ele>700.0</ele>
   </trkpt>
   <trkpt lat="60.1660030" lon="10.4001900">
    <ele>699.7</ele>
   </trkpt>
   <trkpt lat="60.1659890" lon="10.4001520">
    <ele>699.3</ele>
   </trkpt>
   <trkpt lat="60.1659570" lon="10.4000910">
    <ele>698.6</ele>
   </trkpt>
   <trkpt lat="60.1659210" lon="10.4000020">
    <ele>697.7</ele>
   </trkpt>
   <trkpt lat="60.1658970" lon="10.3999330">
    <ele>697.0</ele>
   </trkpt>
   <trkpt lat="60.1658930" lon="10.3999130">
    <ele>696.8</ele>
   </trkpt>
   <trkpt lat="60.1658700" lon="10.3998350">
    <ele>696.1</ele>
   </trkpt>
   <trkpt lat="60.1658650" lon="10.3998110">
    <ele>695.9</ele>
   </trkpt>
   <trkpt lat="60.1658470" lon="10.3996680">
    <ele>694.7</ele>
   </trkpt>
   <trkpt lat="60.1658410" lon="10.3996220">
    <ele>694.3</ele>
   </trkpt>
   <trkpt lat="60.1658230" lon="10.3995450">
    <ele>693.7</ele>
   </trkpt>
   <trkpt lat="60.1657850" lon="10.3994190">
    <ele>692.8</ele>
   </trkpt>
   <trkpt lat="60.1657730" lon="10.3993700">
    <ele>692.5</ele>
   </trkpt>
   <trkpt lat="60.1657490" lon="10.3991920">
    <ele>691.5</ele>
   </trkpt>
   <trkpt lat="60.1657350" lon="10.3990980">
    <ele>690.9</ele>
   </trkpt>
   <trkpt lat="60.1656790" lon="10.3988460">
    <ele>688.9</ele>
   </trkpt>
   <trkpt lat="60.1656030" lon="10.3986190">
    <ele>686.7</ele>
   </trkpt>
   <trkpt lat="60.1655160" lon="10.3984770">
    <ele>685.0</ele>
   </trkpt>
   <trkpt lat="60.1654240" lon="10.3983280">
    <ele>683.1</ele>
   </trkpt>
   <trkpt lat="60.1653810" lon="10.3982580">
    <ele>682.1</ele>
   </trkpt>
   <trkpt lat="60.1653580" lon="10.3981870">
    <ele>681.3</ele>
   </trkpt>
   <trkpt lat="60.1653490" lon="10.3980960">
    <ele>680.5</ele>
   </trkpt>
   <trkpt lat="60.1653510" lon="10.3980470">
    <ele>680.0</ele>
   </trkpt>
   <trkpt lat="60.1653520" lon="10.3979570">
    <ele>679.2</ele>
   </trkpt>
   <trkpt lat="60.1653280" lon="10.3978250">
    <ele>678.1</ele>
   </trkpt>
   <trkpt lat="60.1653210" lon="10.3977800">
    <ele>677.7</ele>
   </trkpt>
   <trkpt lat="60.1652980" lon="10.3975230">
    <ele>676.3</ele>
   </trkpt>
   <trkpt lat="60.1652830" lon="10.3974240">
    <ele>676.0</ele>
   </trkpt>
   <trkpt lat="60.1652520" lon="10.3973470">
    <ele>675.7</ele>
   </trkpt>
   <trkpt lat="60.1652330" lon="10.3973150">
    <ele>675.6</ele>
   </trkpt>
   <trkpt lat="60.1651860" lon="10.3972620">
    <ele>675.2</ele>
   </trkpt>
   <trkpt lat="60.1651290" lon="10.3971830">
    <ele>674.7</ele>
   </trkpt>
   <trkpt lat="60.1650970" lon="10.3971210">
    <ele>674.3</ele>
   </trkpt>
   <trkpt lat="60.1650570" lon="10.3970760">
    <ele>674.0</ele>
   </trkpt>
   <trkpt lat="60.1650370" lon="10.3970680">
    <ele>673.8</ele>
   </trkpt>
   <trkpt lat="60.1649950" lon="10.3971050">
    <ele>673.5</ele>
   </trkpt>
   <trkpt lat="60.1649780" lon="10.3971080">
    <ele>673.4</ele>
   </trkpt>
   <trkpt lat="60.1648630" lon="10.3971200">
    <ele>672.7</ele>
   </trkpt>
   <trkpt lat="60.1647520" lon="10.3971690">
    <ele>671.9</ele>
   </trkpt>
   <trkpt lat="60.1646540" lon="10.3972160">
    <ele>671.0</ele>
   </trkpt>
   <trkpt lat="60.1645990" lon="10.3972180">
    <ele>670.4</ele>
   </trkpt>
   <trkpt lat="60.1645730" lon="10.3972240">
    <ele>670.2</ele>
   </trkpt>
   <trkpt lat="60.1644760" lon="10.3972050">
    <ele>669.1</ele>
   </trkpt>
   <trkpt lat="60.1644140" lon="10.3972430">
    <ele>668.4</ele>
   </trkpt>
   <trkpt lat="60.1643970" lon="10.3972730">
    <ele>668.1</ele>
   </trkpt>
   <trkpt lat="60.1643820" lon="10.3972950">
    <ele>667.9</ele>
   </trkpt>
   <trkpt lat="60.1643300" lon="10.3973950">
    <ele>667.0</ele>
   </trkpt>
   <trkpt lat="60.1643240" lon="10.3974260">
    <ele>666.8</ele>
   </trkpt>
   <trkpt lat="60.1643190" lon="10.3974500">
    <ele>666.6</ele>
   </trkpt>
   <trkpt lat="60.1642940" lon="10.3974790">
    <ele>666.3</ele>
   </trkpt>
   <trkpt lat="60.1642090" lon="10.3976250">
    <ele>664.8</ele>
   </trkpt>
   <trkpt lat="60.1641900" lon="10.3976230">
    <ele>664.5</ele>
   </trkpt>
   <trkpt lat="60.1641580" lon="10.3976080">
    <ele>663.8</ele>
   </trkpt>
   <trkpt lat="60.1641330" lon="10.3975910">
    <ele>663.3</ele>
   </trkpt>
   <trkpt lat="60.1640860" lon="10.3975890">
    <ele>662.3</ele>
   </trkpt>
   <trkpt lat="60.1640310" lon="10.3975890">
    <ele>661.0</ele>
   </trkpt>
   <trkpt lat="60.1640020" lon="10.3976010">
    <ele>660.3</ele>
   </trkpt>
   <trkpt lat="60.1639620" lon="10.3976460">
    <ele>659.3</ele>
   </trkpt>
   <trkpt lat="60.1639300" lon="10.3977200">
    <ele>658.3</ele>
   </trkpt>
   <trkpt lat="60.1639170" lon="10.3977620">
    <ele>658.2</ele>
   </trkpt>
   <trkpt lat="60.1638990" lon="10.3977880">
    <ele>658.3</ele>
   </trkpt>
   <trkpt lat="60.1638800" lon="10.3978100">
    <ele>658.3</ele>
   </trkpt>
   <trkpt lat="60.1638460" lon="10.3978700">
    <ele>658.3</ele>
   </trkpt>
   <trkpt lat="60.1638450" lon="10.3978710">
    <ele>658.3</ele>
   </trkpt>
   <trkpt lat="60.1638140" lon="10.3979510">
    <ele>658.2</ele>
   </trkpt>
   <trkpt lat="60.1638090" lon="10.3979800">
    <ele>658.1</ele>
   </trkpt>
   <trkpt lat="60.1637910" lon="10.3981030">
    <ele>657.8</ele>
   </trkpt>
   <trkpt lat="60.1637930" lon="10.3981600">
    <ele>657.6</ele>
   </trkpt>
   <trkpt lat="60.1637940" lon="10.3981900">
    <ele>657.4</ele>
   </trkpt>
   <trkpt lat="60.1637590" lon="10.3984070">
    <ele>656.4</ele>
   </trkpt>
   <trkpt lat="60.1637420" lon="10.3984600">
    <ele>656.3</ele>
   </trkpt>
   <trkpt lat="60.1637200" lon="10.3984600">
    <ele>656.3</ele>
   </trkpt>
   <trkpt lat="60.1636870" lon="10.3984280">
    <ele>656.2</ele>
   </trkpt>
   <trkpt lat="60.1636540" lon="10.3984480">
    <ele>656.1</ele>
   </trkpt>
   <trkpt lat="60.1635640" lon="10.3985420">
    <ele>655.1</ele>
   </trkpt>
   <trkpt lat="60.1635460" lon="10.3985660">
    <ele>654.7</ele>
   </trkpt>
   <trkpt lat="60.1635290" lon="10.3985800">
    <ele>654.4</ele>
   </trkpt>
   <trkpt lat="60.1635160" lon="10.3985760">
    <ele>654.1</ele>
   </trkpt>
   <trkpt lat="60.1635060" lon="10.3985610">
    <ele>653.9</ele>
   </trkpt>
   <trkpt lat="60.1634910" lon="10.3985620">
    <ele>653.6</ele>
   </trkpt>
   <trkpt lat="60.1634250" lon="10.3985600">
    <ele>652.3</ele>
   </trkpt>
   <trkpt lat="60.1633890" lon="10.3985390">
    <ele>651.6</ele>
   </trkpt>
   <trkpt lat="60.1633820" lon="10.3985430">
    <ele>651.5</ele>
   </trkpt>
   <trkpt lat="60.1633620" lon="10.3985510">
    <ele>651.1</ele>
   </trkpt>
   <trkpt lat="60.1632990" lon="10.3985680">
    <ele>650.0</ele>
   </trkpt>
   <trkpt lat="60.1632880" lon="10.3985870">
    <ele>649.7</ele>
   </trkpt>
   <trkpt lat="60.1632810" lon="10.3986260">
    <ele>649.3</ele>
   </trkpt>
   <trkpt lat="60.1632730" lon="10.3986650">
    <ele>648.9</ele>
   </trkpt>
   <trkpt lat="60.1632640" lon="10.3987360">
    <ele>648.1</ele>
   </trkpt>
   <trkpt lat="60.1632530" lon="10.3987570">
    <ele>647.8</ele>
   </trkpt>
   <trkpt lat="60.1632390" lon="10.3987540">
    <ele>647.4</ele>
   </trkpt>
   <trkpt lat="60.1631700" lon="10.3987050">
    <ele>645.6</ele>
   </trkpt>
   <trkpt lat="60.1631530" lon="10.3987080">
    <ele>645.2</ele>
   </trkpt>
   <trkpt lat="60.1631230" lon="10.3987180">
    <ele>644.3</ele>
   </trkpt>
   <trkpt lat="60.1631070" lon="10.3987330">
    <ele>643.8</ele>
   </trkpt>
   <trkpt lat="60.1630960" lon="10.3987250">
    <ele>643.5</ele>
   </trkpt>
   <trkpt lat="60.1630840" lon="10.3987130">
    <ele>643.1</ele>
   </trkpt>
   <trkpt lat="60.1630620" lon="10.3987050">
    <ele>642.4</ele>
   </trkpt>
   <trkpt lat="60.1630310" lon="10.3987180">
    <ele>641.5</ele>
   </trkpt>
   <trkpt lat="60.1629960" lon="10.3987730">
    <ele>639.6</ele>
   </trkpt>
   <trkpt lat="60.1629930" lon="10.3988040">
    <ele>638.7</ele>
   </trkpt>
   <trkpt lat="60.1629640" lon="10.3988120">
    <ele>637.1</ele>
   </trkpt>
   <trkpt lat="60.1629520" lon="10.3988370">
    <ele>636.2</ele>
   </trkpt>
   <trkpt lat="60.1629430" lon="10.3988680">
    <ele>635.9</ele>
   </trkpt>
   <trkpt lat="60.1629320" lon="10.3988850">
    <ele>635.7</ele>
   </trkpt>
   <trkpt lat="60.1629180" lon="10.3989000">
    <ele>635.4</ele>
   </trkpt>
   <trkpt lat="60.1628840" lon="10.3989360">
    <ele>634.8</ele>
   </trkpt>
   <trkpt lat="60.1627550" lon="10.3990180">
    <ele>634.0</ele>
   </trkpt>
   <trkpt lat="60.1626720" lon="10.3990040">
    <ele>634.3</ele>
   </trkpt>
   <trkpt lat="60.1626550" lon="10.3990070">
    <ele>634.4</ele>
   </trkpt>
   <trkpt lat="60.1626350" lon="10.3990160">
    <ele>634.4</ele>
   </trkpt>
   <trkpt lat="60.1626140" lon="10.3990140">
    <ele>634.5</ele>
   </trkpt>
   <trkpt lat="60.1625440" lon="10.3989180">
    <ele>634.6</ele>
   </trkpt>
   <trkpt lat="60.1625310" lon="10.3988870">
    <ele>634.5</ele>
   </trkpt>
   <trkpt lat="60.1625090" lon="10.3987630">
    <ele>634.3</ele>
   </trkpt>
   <trkpt lat="60.1624880" lon="10.3987020">
    <ele>634.0</ele>
   </trkpt>
   <trkpt lat="60.1624250" lon="10.3986620">
    <ele>633.2</ele>
   </trkpt>
   <trkpt lat="60.1623830" lon="10.3986660">
    <ele>632.5</ele>
   </trkpt>
   <trkpt lat="60.1623370" lon="10.3986730">
    <ele>631.6</ele>
   </trkpt>
   <trkpt lat="60.1623270" lon="10.3986750">
    <ele>631.3</ele>
   </trkpt>
   <trkpt lat="60.1623090" lon="10.3986980">
    <ele>630.8</ele>
   </trkpt>
   <trkpt lat="60.1623070" lon="10.3986830">
    <ele>630.6</ele>
   </trkpt>
   <trkpt lat="60.1622920" lon="10.3986720">
    <ele>630.2</ele>
   </trkpt>
   <trkpt lat="60.1622850" lon="10.3986690">
    <ele>630.0</ele>
   </trkpt>
   <trkpt lat="60.1622200" lon="10.3986470">
    <ele>628.4</ele>
   </trkpt>
   <trkpt lat="60.1621870" lon="10.3986270">
    <ele>627.6</ele>
   </trkpt>
   <trkpt lat="60.1620890" lon="10.3985500">
    <ele>625.9</ele>
   </trkpt>
   <trkpt lat="60.1620560" lon="10.3985440">
    <ele>625.6</ele>
   </trkpt>
   <trkpt lat="60.1618960" lon="10.3984680">
    <ele>625.1</ele>
   </trkpt>
   <trkpt lat="60.1617640" lon="10.3984600">
    <ele>625.7</ele>
   </trkpt>
   <trkpt lat="60.1617380" lon="10.3984350">
    <ele>625.9</ele>
   </trkpt>
   <trkpt lat="60.1617220" lon="10.3983850">
    <ele>626.1</ele>
   </trkpt>
   <trkpt lat="60.1616810" lon="10.3983300">
    <ele>626.6</ele>
   </trkpt>
   <trkpt lat="60.1616310" lon="10.3982930">
    <ele>627.2</ele>
   </trkpt>
   <trkpt lat="60.1615260" lon="10.3982180">
    <ele>628.3</ele>
   </trkpt>
   <trkpt lat="60.1615080" lon="10.3982080">
    <ele>628.4</ele>
   </trkpt>
   <trkpt lat="60.1613900" lon="10.3982310">
    <ele>629.1</ele>
   </trkpt>
   <trkpt lat="60.1613640" lon="10.3982360">
    <ele>629.2</ele>
   </trkpt>
   <trkpt lat="60.1612430" lon="10.3982940">
    <ele>629.4</ele>
   </trkpt>
   <trkpt lat="60.1611970" lon="10.3983040">
    <ele>629.3</ele>
   </trkpt>
   <trkpt lat="60.1611240" lon="10.3983130">
    <ele>629.2</ele>
   </trkpt>
   <trkpt lat="60.1610640" lon="10.3982570">
    <ele>628.9</ele>
   </trkpt>
   <trkpt lat="60.1610250" lon="10.3981960">
    <ele>628.7</ele>
   </trkpt>
   <trkpt lat="60.1609280" lon="10.3980850">
    <ele>627.9</ele>
   </trkpt>
   <trkpt lat="60.1609130" lon="10.3980690">
    <ele>627.7</ele>
   </trkpt>
   <trkpt lat="60.1608870" lon="10.3980400">
    <ele>627.3</ele>
   </trkpt>
   <trkpt lat="60.1608780" lon="10.3980280">
    <ele>627.2</ele>
   </trkpt>
   <trkpt lat="60.1608530" lon="10.3980160">
    <ele>626.9</ele>
   </trkpt>
   <trkpt lat="60.1607800" lon="10.3979820">
    <ele>625.7</ele>
   </trkpt>
   <trkpt lat="60.1607630" lon="10.3979520">
    <ele>625.4</ele>
   </trkpt>
   <trkpt lat="60.1606970" lon="10.3978640">
    <ele>624.4</ele>
   </trkpt>
   <trkpt lat="60.1606970" lon="10.3978640">
    <ele>624.4</ele>
   </trkpt>
   <trkpt lat="60.1606650" lon="10.3978570">
    <ele>624.2</ele>
   </trkpt>
   <trkpt lat="60.1606420" lon="10.3978370">
    <ele>624.2</ele>
   </trkpt>
   <trkpt lat="60.1606200" lon="10.3978030">
    <ele>624.3</ele>
   </trkpt>
   <trkpt lat="60.1605650" lon="10.3977880">
    <ele>624.6</ele>
   </trkpt>
   <trkpt lat="60.1605470" lon="10.3977840">
    <ele>624.8</ele>
   </trkpt>
   <trkpt lat="60.1605240" lon="10.3977700">
    <ele>625.1</ele>
   </trkpt>
   <trkpt lat="60.1604340" lon="10.3976740">
    <ele>626.1</ele>
   </trkpt>
   <trkpt lat="60.1603000" lon="10.3977270">
    <ele>626.6</ele>
   </trkpt>
   <trkpt lat="60.1602150" lon="10.3977920">
    <ele>626.6</ele>
   </trkpt>
   <trkpt lat="60.1601890" lon="10.3977800">
    <ele>626.6</ele>
   </trkpt>
   <trkpt lat="60.1600760" lon="10.3976680">
    <ele>626.1</ele>
   </trkpt>
   <trkpt lat="60.1599930" lon="10.3975590">
    <ele>625.3</ele>
   </trkpt>
   <trkpt lat="60.1599750" lon="10.3975320">
    <ele>625.0</ele>
   </trkpt>
   <trkpt lat="60.1598820" lon="10.3973930">
    <ele>623.4</ele>
   </trkpt>
   <trkpt lat="60.1598640" lon="10.3973710">
    <ele>623.0</ele>
   </trkpt>
   <trkpt lat="60.1598380" lon="10.3973350">
    <ele>622.4</ele>
   </trkpt>
   <trkpt lat="60.1598220" lon="10.3973260">
    <ele>622.0</ele>
   </trkpt>
   <trkpt lat="60.1598080" lon="10.3973110">
    <ele>621.7</ele>
   </trkpt>
   <trkpt lat="60.1597880" lon="10.3972850">
    <ele>621.1</ele>
   </trkpt>
   <trkpt lat="60.1597690" lon="10.3971910">
    <ele>619.9</ele>
   </trkpt>
   <trkpt lat="60.1597600" lon="10.3971250">
    <ele>619.2</ele>
   </trkpt>
   <trkpt lat="60.1597660" lon="10.3970640">
    <ele>618.5</ele>
   </trkpt>
   <trkpt lat="60.1597730" lon="10.3970370">
    <ele>618.1</ele>
   </trkpt>
   <trkpt lat="60.1597790" lon="10.3970020">
    <ele>617.7</ele>
   </trkpt>
   <trkpt lat="60.1598090" lon="10.3969130">
    <ele>616.8</ele>
   </trkpt>
   <trkpt lat="60.1598030" lon="10.3968280">
    <ele>616.2</ele>
   </trkpt>
   <trkpt lat="60.1597820" lon="10.3968010">
    <ele>615.9</ele>
   </trkpt>
   <trkpt lat="60.1597660" lon="10.3967900">
    <ele>615.8</ele>
   </trkpt>
   <trkpt lat="60.1597000" lon="10.3967960">
    <ele>615.4</ele>
   </trkpt>
   <trkpt lat="60.1596770" lon="10.3967850">
    <ele>615.3</ele>
   </trkpt>
   <trkpt lat="60.1595850" lon="10.3967320">
    <ele>615.4</ele>
   </trkpt>
   <trkpt lat="60.1595050" lon="10.3966910">
    <ele>615.8</ele>
   </trkpt>
   <trkpt lat="60.1594790" lon="10.3966750">
    <ele>616.0</ele>
   </trkpt>
   <trkpt lat="60.1594700" lon="10.3966740">
    <ele>616.1</ele>
   </trkpt>
   <trkpt lat="60.1594310" lon="10.3966580">
    <ele>616.3</ele>
   </trkpt>
   <trkpt lat="60.1593260" lon="10.3966370">
    <ele>616.6</ele>
   </trkpt>
   <trkpt lat="60.1592630" lon="10.3966840">
    <ele>616.4</ele>
   </trkpt>
   <trkpt lat="60.1592390" lon="10.3966820">
    <ele>616.3</ele>
   </trkpt>
   <trkpt lat="60.1591670" lon="10.3966870">
    <ele>616.0</ele>
   </trkpt>
   <trkpt lat="60.1591330" lon="10.3967070">
    <ele>615.9</ele>
   </trkpt>
   <trkpt lat="60.1591140" lon="10.3967160">
    <ele>615.9</ele>
   </trkpt>
   <trkpt lat="60.1590960" lon="10.3967130">
    <ele>615.9</ele>
   </trkpt>
   <trkpt lat="60.1590780" lon="10.3967100">
    <ele>615.9</ele>
   </trkpt>
   <trkpt lat="60.1590520" lon="10.3967120">
    <ele>615.8</ele>
   </trkpt>
   <trkpt lat="60.1590040" lon="10.3967040">
    <ele>615.8</ele>
   </trkpt>
   <trkpt lat="60.1589400" lon="10.3966990">
    <ele>615.8</ele>
   </trkpt>
   <trkpt lat="60.1588970" lon="10.3966920">
    <ele>615.8</ele>
   </trkpt>
   <trkpt lat="60.1587940" lon="10.3966050">
    <ele>615.8</ele>
   </trkpt>
   <trkpt lat="60.1587250" lon="10.3964820">
    <ele>615.4</ele>
   </trkpt>
   <trkpt lat="60.1587110" lon="10.3964840">
    <ele>615.4</ele>
   </trkpt>
   <trkpt lat="60.1586880" lon="10.3964280">
    <ele>615.2</ele>
   </trkpt>
   <trkpt lat="60.1586330" lon="10.3962370">
    <ele>614.6</ele>
   </trkpt>
   <trkpt lat="60.1586190" lon="10.3962000">
    <ele>614.4</ele>
   </trkpt>
   <trkpt lat="60.1585310" lon="10.3960420">
    <ele>613.7</ele>
   </trkpt>
   <trkpt lat="60.1585070" lon="10.3960260">
    <ele>613.3</ele>
   </trkpt>
   <trkpt lat="60.1584100" lon="10.3958060">
    <ele>611.5</ele>
   </trkpt>
   <trkpt lat="60.1583570" lon="10.3957520">
    <ele>610.7</ele>
   </trkpt>
   <trkpt lat="60.1583220" lon="10.3957120">
    <ele>610.1</ele>
   </trkpt>
   <trkpt lat="60.1583120" lon="10.3956810">
    <ele>609.7</ele>
   </trkpt>
   <trkpt lat="60.1582270" lon="10.3955920">
    <ele>608.0</ele>
   </trkpt>
   <trkpt lat="60.1581930" lon="10.3956030">
    <ele>607.4</ele>
   </trkpt>
   <trkpt lat="60.1580150" lon="10.3956440">
    <ele>604.6</ele>
   </trkpt>
   <trkpt lat="60.1579980" lon="10.3956300">
    <ele>604.3</ele>
   </trkpt>
   <trkpt lat="60.1579520" lon="10.3955620">
    <ele>603.3</ele>
   </trkpt>
   <trkpt lat="60.1579090" lon="10.3954830">
    <ele>602.1</ele>
   </trkpt>
   <trkpt lat="60.1579110" lon="10.3953090">
    <ele>599.9</ele>
   </trkpt>
   <trkpt lat="60.1579210" lon="10.3952340">
    <ele>598.9</ele>
   </trkpt>
   <trkpt lat="60.1579320" lon="10.3950170">
    <ele>596.3</ele>
   </trkpt>
   <trkpt lat="60.1579390" lon="10.3949170">
    <ele>595.3</ele>
   </trkpt>
   <trkpt lat="60.1579160" lon="10.3947570">
    <ele>593.8</ele>
   </trkpt>
   <trkpt lat="60.1579030" lon="10.3947340">
    <ele>593.5</ele>
   </trkpt>
   <trkpt lat="60.1578910" lon="10.3947150">
    <ele>593.3</ele>
   </trkpt>
   <trkpt lat="60.1578060" lon="10.3946620">
    <ele>591.6</ele>
   </trkpt>
   <trkpt lat="60.1577470" lon="10.3946540">
    <ele>590.4</ele>
   </trkpt>
   <trkpt lat="60.1577030" lon="10.3946120">
    <ele>589.3</ele>
   </trkpt>
   <trkpt lat="60.1576900" lon="10.3945990">
    <ele>589.0</ele>
   </trkpt>
   <trkpt lat="60.1576640" lon="10.3945960">
    <ele>588.4</ele>
   </trkpt>
   <trkpt lat="60.1575860" lon="10.3945850">
    <ele>586.8</ele>
   </trkpt>
   <trkpt lat="60.1575480" lon="10.3945560">
    <ele>586.0</ele>
   </trkpt>
   <trkpt lat="60.1575480" lon="10.3945560">
    <ele>586.0</ele>
   </trkpt>
   <trkpt lat="60.1574980" lon="10.3945650">
    <ele>584.9</ele>
   </trkpt>
   <trkpt lat="60.1574230" lon="10.3945770">
    <ele>583.0</ele>
   </trkpt>
   <trkpt lat="60.1573140" lon="10.3945730">
    <ele>579.9</ele>
   </trkpt>
   <trkpt lat="60.1573000" lon="10.3945640">
    <ele>579.4</ele>
   </trkpt>
   <trkpt lat="60.1572350" lon="10.3945020">
    <ele>577.3</ele>
   </trkpt>
   <trkpt lat="60.1572310" lon="10.3944720">
    <ele>576.9</ele>
   </trkpt>
   <trkpt lat="60.1572190" lon="10.3944480">
    <ele>576.6</ele>
   </trkpt>
   <trkpt lat="60.1571990" lon="10.3944030">
    <ele>576.0</ele>
   </trkpt>
   <trkpt lat="60.1571290" lon="10.3943630">
    <ele>574.6</ele>
   </trkpt>
   <trkpt lat="60.1570890" lon="10.3942890">
    <ele>573.6</ele>
   </trkpt>
   <trkpt lat="60.1570070" lon="10.3941860">
    <ele>572.3</ele>
   </trkpt>
   <trkpt lat="60.1569970" lon="10.3941320">
    <ele>571.9</ele>
   </trkpt>
   <trkpt lat="60.1569990" lon="10.3940710">
    <ele>571.6</ele>
   </trkpt>
   <trkpt lat="60.1569810" lon="10.3939940">
    <ele>571.2</ele>
   </trkpt>
   <trkpt lat="60.1569500" lon="10.3939280">
    <ele>570.8</ele>
   </trkpt>
   <trkpt lat="60.1568890" lon="10.3938380">
    <ele>570.1</ele>
   </trkpt>
   <trkpt lat="60.1568680" lon="10.3938100">
    <ele>569.9</ele>
   </trkpt>
   <trkpt lat="60.1567810" lon="10.3936960">
    <ele>568.9</ele>
   </trkpt>
   <trkpt lat="60.1567580" lon="10.3936340">
    <ele>568.4</ele>
   </trkpt>
   <trkpt lat="60.1567360" lon="10.3935820">
    <ele>568.0</ele>
   </trkpt>
   <trkpt lat="60.1566940" lon="10.3933700">
    <ele>566.6</ele>
   </trkpt>
   <trkpt lat="60.1566250" lon="10.3932490">
    <ele>565.4</ele>
   </trkpt>
   <trkpt lat="60.1566050" lon="10.3932170">
    <ele>565.0</ele>
   </trkpt>
   <trkpt lat="60.1565550" lon="10.3931470">
    <ele>564.2</ele>
   </trkpt>
   <trkpt lat="60.1565290" lon="10.3931200">
    <ele>563.8</ele>
   </trkpt>
   <trkpt lat="60.1565050" lon="10.3931000">
    <ele>563.4</ele>
   </trkpt>
   <trkpt lat="60.1564010" lon="10.3930550">
    <ele>561.8</ele>
   </trkpt>
   <trkpt lat="60.1563810" lon="10.3930330">
    <ele>561.4</ele>
   </trkpt>
   <trkpt lat="60.1563220" lon="10.3929590">
    <ele>560.2</ele>
   </trkpt>
   <trkpt lat="60.1562650" lon="10.3928690">
    <ele>559.1</ele>
   </trkpt>
   <trkpt lat="60.1562360" lon="10.3928410">
    <ele>558.5</ele>
   </trkpt>
   <trkpt lat="60.1561450" lon="10.3927070">
    <ele>556.5</ele>
   </trkpt>
   <trkpt lat="60.1561230" lon="10.3926690">
    <ele>555.9</ele>
   </trkpt>
   <trkpt lat="60.1560580" lon="10.3925510">
    <ele>554.6</ele>
   </trkpt>
   <trkpt lat="60.1559750" lon="10.3924610">
    <ele>553.3</ele>
   </trkpt>
   <trkpt lat="60.1559500" lon="10.3924220">
    <ele>552.9</ele>
   </trkpt>
   <trkpt lat="60.1558040" lon="10.3923800">
    <ele>551.1</ele>
   </trkpt>
   <trkpt lat="60.1556900" lon="10.3923040">
    <ele>549.3</ele>
   </trkpt>
   <trkpt lat="60.1556510" lon="10.3922550">
    <ele>548.5</ele>
   </trkpt>
   <trkpt lat="60.1556200" lon="10.3922090">
    <ele>547.7</ele>
   </trkpt>
   <trkpt lat="60.1555780" lon="10.3921800">
    <ele>546.9</ele>
   </trkpt>
   <trkpt lat="60.1555500" lon="10.3921760">
    <ele>546.3</ele>
   </trkpt>
   <trkpt lat="60.1554800" lon="10.3921480">
    <ele>544.9</ele>
   </trkpt>
   <trkpt lat="60.1554470" lon="10.3920940">
    <ele>544.1</ele>
   </trkpt>
   <trkpt lat="60.1554270" lon="10.3920820">
    <ele>543.7</ele>
   </trkpt>
   <trkpt lat="60.1553900" lon="10.3920360">
    <ele>542.8</ele>
   </trkpt>
   <trkpt lat="60.1553710" lon="10.3920020">
    <ele>542.3</ele>
   </trkpt>
   <trkpt lat="60.1553280" lon="10.3919620">
    <ele>541.3</ele>
   </trkpt>
   <trkpt lat="60.1552690" lon="10.3919130">
    <ele>540.0</ele>
   </trkpt>
   <trkpt lat="60.1552230" lon="10.3918230">
    <ele>537.9</ele>
   </trkpt>
   <trkpt lat="60.1552010" lon="10.3916770">
    <ele>536.7</ele>
   </trkpt>
   <trkpt lat="60.1552220" lon="10.3915970">
    <ele>536.0</ele>
   </trkpt>
   <trkpt lat="60.1552320" lon="10.3915590">
    <ele>535.7</ele>
   </trkpt>
   <trkpt lat="60.1552410" lon="10.3915140">
    <ele>535.3</ele>
   </trkpt>
   <trkpt lat="60.1552510" lon="10.3914240">
    <ele>534.8</ele>
   </trkpt>
   <trkpt lat="60.1552590" lon="10.3913850">
    <ele>534.7</ele>
   </trkpt>
   <trkpt lat="60.1552290" lon="10.3913550">
    <ele>534.5</ele>
   </trkpt>
   <trkpt lat="60.1552110" lon="10.3913370">
    <ele>534.3</ele>
   </trkpt>
   <trkpt lat="60.1551240" lon="10.3913180">
    <ele>533.5</ele>
   </trkpt>
   <trkpt lat="60.1550850" lon="10.3913120">
    <ele>533.3</ele>
   </trkpt>
   <trkpt lat="60.1550160" lon="10.3912910">
    <ele>532.8</ele>
   </trkpt>
   <trkpt lat="60.1550030" lon="10.3912780">
    <ele>532.7</ele>
   </trkpt>
   <trkpt lat="60.1549430" lon="10.3912440">
    <ele>532.3</ele>
   </trkpt>
   <trkpt lat="60.1549150" lon="10.3912390">
    <ele>532.1</ele>
   </trkpt>
   <trkpt lat="60.1548620" lon="10.3912530">
    <ele>531.6</ele>
   </trkpt>
   <trkpt lat="60.1548030" lon="10.3912760">
    <ele>531.1</ele>
   </trkpt>
   <trkpt lat="60.1547750" lon="10.3912850">
    <ele>530.8</ele>
   </trkpt>
   <trkpt lat="60.1547210" lon="10.3912900">
    <ele>530.2</ele>
   </trkpt>
   <trkpt lat="60.1546410" lon="10.3912940">
    <ele>529.0</ele>
   </trkpt>
   <trkpt lat="60.1545630" lon="10.3913400">
    <ele>528.0</ele>
   </trkpt>
   <trkpt lat="60.1544880" lon="10.3913840">
    <ele>527.4</ele>
   </trkpt>
   <trkpt lat="60.1544070" lon="10.3913950">
    <ele>527.3</ele>
   </trkpt>
   <trkpt lat="60.1543800" lon="10.3913810">
    <ele>527.3</ele>
   </trkpt>
   <trkpt lat="60.1543520" lon="10.3913680">
    <ele>527.4</ele>
   </trkpt>
   <trkpt lat="60.1543250" lon="10.3913650">
    <ele>527.5</ele>
   </trkpt>
   <trkpt lat="60.1542570" lon="10.3913810">
    <ele>527.9</ele>
   </trkpt>
   <trkpt lat="60.1542400" lon="10.3913820">
    <ele>528.0</ele>
   </trkpt>
   <trkpt lat="60.1541780" lon="10.3913750">
    <ele>528.5</ele>
   </trkpt>
   <trkpt lat="60.1540960" lon="10.3913340">
    <ele>529.1</ele>
   </trkpt>
   <trkpt lat="60.1540810" lon="10.3913250">
    <ele>529.2</ele>
   </trkpt>
   <trkpt lat="60.1540140" lon="10.3912980">
    <ele>529.6</ele>
   </trkpt>
   <trkpt lat="60.1539780" lon="10.3912740">
    <ele>529.9</ele>
   </trkpt>
   <trkpt lat="60.1539410" lon="10.3912440">
    <ele>530.1</ele>
   </trkpt>
   <trkpt lat="60.1538870" lon="10.3912000">
    <ele>530.5</ele>
   </trkpt>
   <trkpt lat="60.1538410" lon="10.3911720">
    <ele>530.8</ele>
   </trkpt>
   <trkpt lat="60.1537690" lon="10.3911380">
    <ele>531.1</ele>
   </trkpt>
   <trkpt lat="60.1537410" lon="10.3911200">
    <ele>531.3</ele>
   </trkpt>
   <trkpt lat="60.1536500" lon="10.3910090">
    <ele>531.5</ele>
   </trkpt>
   <trkpt lat="60.1536290" lon="10.3909790">
    <ele>531.5</ele>
   </trkpt>
   <trkpt lat="60.1535530" lon="10.3908530">
    <ele>531.0</ele>
   </trkpt>
   <trkpt lat="60.1535350" lon="10.3908190">
    <ele>530.8</ele>
   </trkpt>
   <trkpt lat="60.1534310" lon="10.3905880">
    <ele>529.3</ele>
   </trkpt>
   <trkpt lat="60.1533740" lon="10.3904500">
    <ele>528.5</ele>
   </trkpt>
   <trkpt lat="60.1533400" lon="10.3903600">
    <ele>528.0</ele>
   </trkpt>
   <trkpt lat="60.1533270" lon="10.3903040">
    <ele>527.8</ele>
   </trkpt>
   <trkpt lat="60.1532870" lon="10.3900920">
    <ele>527.0</ele>
   </trkpt>
   <trkpt lat="60.1532480" lon="10.3899970">
    <ele>526.6</ele>
   </trkpt>
   <trkpt lat="60.1532150" lon="10.3899110">
    <ele>526.3</ele>
   </trkpt>
   <trkpt lat="60.1532010" lon="10.3898620">
    <ele>526.1</ele>
   </trkpt>
   <trkpt lat="60.1531680" lon="10.3897270">
    <ele>525.6</ele>
   </trkpt>
   <trkpt lat="60.1531280" lon="10.3896030">
    <ele>524.9</ele>
   </trkpt>
   <trkpt lat="60.1531030" lon="10.3895250">
    <ele>524.4</ele>
   </trkpt>
   <trkpt lat="60.1530350" lon="10.3894240">
    <ele>523.4</ele>
   </trkpt>
   <trkpt lat="60.1529620" lon="10.3892970">
    <ele>522.4</ele>
   </trkpt>
   <trkpt lat="60.1529150" lon="10.3892190">
    <ele>522.0</ele>
   </trkpt>
   <trkpt lat="60.1528680" lon="10.3891440">
    <ele>521.7</ele>
   </trkpt>
   <trkpt lat="60.1528610" lon="10.3890970">
    <ele>521.6</ele>
   </trkpt>
   <trkpt lat="60.1528360" lon="10.3890160">
    <ele>521.5</ele>
   </trkpt>
   <trkpt lat="60.1527820" lon="10.3887860">
    <ele>521.2</ele>
   </trkpt>
   <trkpt lat="60.1527800" lon="10.3887280">
    <ele>521.1</ele>
   </trkpt>
   <trkpt lat="60.1527340" lon="10.3884700">
    <ele>520.8</ele>
   </trkpt>
   <trkpt lat="60.1527150" lon="10.3884170">
    <ele>520.7</ele>
   </trkpt>
   <trkpt lat="60.1525950" lon="10.3882210">
    <ele>520.5</ele>
   </trkpt>
   <trkpt lat="60.1525620" lon="10.3881300">
    <ele>520.5</ele>
   </trkpt>
   <trkpt lat="60.1525150" lon="10.3880560">
    <ele>520.5</ele>
   </trkpt>
   <trkpt lat="60.1524740" lon="10.3879800">
    <ele>520.5</ele>
   </trkpt>
   <trkpt lat="60.1524260" lon="10.3879120">
    <ele>520.5</ele>
   </trkpt>
   <trkpt lat="60.1523460" lon="10.3877770">
    <ele>520.4</ele>
   </trkpt>
   <trkpt lat="60.1522880" lon="10.3876630">
    <ele>520.1</ele>
   </trkpt>
   <trkpt lat="60.1521880" lon="10.3875250">
    <ele>519.2</ele>
   </trkpt>
   <trkpt lat="60.1521300" lon="10.3874590">
    <ele>518.5</ele>
   </trkpt>
   <trkpt lat="60.1520440" lon="10.3872760">
    <ele>517.3</ele>
   </trkpt>
   <trkpt lat="60.1520270" lon="10.3872300">
    <ele>517.0</ele>
   </trkpt>
   <trkpt lat="60.1520070" lon="10.3871920">
    <ele>516.7</ele>
   </trkpt>
   <trkpt lat="60.1519110" lon="10.3871300">
    <ele>515.6</ele>
   </trkpt>
   <trkpt lat="60.1518690" lon="10.3870900">
    <ele>515.1</ele>
   </trkpt>
   <trkpt lat="60.1518000" lon="10.3870620">
    <ele>514.4</ele>
   </trkpt>
   <trkpt lat="60.1517480" lon="10.3870420">
    <ele>514.0</ele>
   </trkpt>
   <trkpt lat="60.1517120" lon="10.3870440">
    <ele>513.7</ele>
   </trkpt>
   <trkpt lat="60.1516810" lon="10.3870370">
    <ele>513.5</ele>
   </trkpt>
   <trkpt lat="60.1516520" lon="10.3870300">
    <ele>513.3</ele>
   </trkpt>
   <trkpt lat="60.1516310" lon="10.3870130">
    <ele>513.2</ele>
   </trkpt>
   <trkpt lat="60.1515030" lon="10.3869490">
    <ele>512.7</ele>
   </trkpt>
   <trkpt lat="60.1514680" lon="10.3869360">
    <ele>512.5</ele>
   </trkpt>
   <trkpt lat="60.1512740" lon="10.3868910">
    <ele>511.9</ele>
   </trkpt>
   <trkpt lat="60.1512470" lon="10.3868840">
    <ele>511.8</ele>
   </trkpt>
   <trkpt lat="60.1511050" lon="10.3868650">
    <ele>510.5</ele>
   </trkpt>
   <trkpt lat="60.1510810" lon="10.3868590">
    <ele>510.2</ele>
   </trkpt>
   <trkpt lat="60.1510080" lon="10.3868670">
    <ele>509.5</ele>
   </trkpt>
   <trkpt lat="60.1510080" lon="10.3868670">
    <ele>509.5</ele>
   </trkpt>
   <trkpt lat="60.1509410" lon="10.3868280">
    <ele>508.7</ele>
   </trkpt>
   <trkpt lat="60.1508820" lon="10.3867910">
    <ele>508.0</ele>
   </trkpt>
   <trkpt lat="60.1507720" lon="10.3866960">
    <ele>506.7</ele>
   </trkpt>
   <trkpt lat="60.1507110" lon="10.3866610">
    <ele>506.2</ele>
   </trkpt>
   <trkpt lat="60.1505720" lon="10.3866870">
    <ele>505.4</ele>
   </trkpt>
   <trkpt lat="60.1505200" lon="10.3867350">
    <ele>505.4</ele>
   </trkpt>
   <trkpt lat="60.1504000" lon="10.3868710">
    <ele>505.5</ele>
   </trkpt>
   <trkpt lat="60.1503410" lon="10.3869260">
    <ele>505.6</ele>
   </trkpt>
   <trkpt lat="60.1502650" lon="10.3870190">
    <ele>505.6</ele>
   </trkpt>
   <trkpt lat="60.1501890" lon="10.3871200">
    <ele>505.7</ele>
   </trkpt>
   <trkpt lat="60.1501660" lon="10.3871480">
    <ele>505.8</ele>
   </trkpt>
   <trkpt lat="60.1500460" lon="10.3872880">
    <ele>506.0</ele>
   </trkpt>
   <trkpt lat="60.1499710" lon="10.3873730">
    <ele>506.1</ele>
   </trkpt>
   <trkpt lat="60.1498930" lon="10.3874640">
    <ele>506.3</ele>
   </trkpt>
   <trkpt lat="60.1497470" lon="10.3875780">
    <ele>506.7</ele>
   </trkpt>
   <trkpt lat="60.1497280" lon="10.3876030">
    <ele>506.8</ele>
   </trkpt>
   <trkpt lat="60.1495860" lon="10.3877980">
    <ele>507.1</ele>
   </trkpt>
   <trkpt lat="60.1494850" lon="10.3879350">
    <ele>507.2</ele>
   </trkpt>
   <trkpt lat="60.1494590" lon="10.3879650">
    <ele>507.2</ele>
   </trkpt>
   <trkpt lat="60.1493360" lon="10.3880900">
    <ele>507.4</ele>
   </trkpt>
   <trkpt lat="60.1492260" lon="10.3881920">
    <ele>507.5</ele>
   </trkpt>
   <trkpt lat="60.1491470" lon="10.3882820">
    <ele>507.6</ele>
   </trkpt>
   <trkpt lat="60.1490580" lon="10.3883830">
    <ele>507.7</ele>
   </trkpt>
   <trkpt lat="60.1488940" lon="10.3886160">
    <ele>508.1</ele>
   </trkpt>
   <trkpt lat="60.1488190" lon="10.3887200">
    <ele>508.3</ele>
   </trkpt>
   <trkpt lat="60.1487430" lon="10.3888230">
    <ele>508.4</ele>
   </trkpt>
   <trkpt lat="60.1485930" lon="10.3890060">
    <ele>508.6</ele>
   </trkpt>
   <trkpt lat="60.1484470" lon="10.3891290">
    <ele>508.5</ele>
   </trkpt>
   <trkpt lat="60.1484210" lon="10.3891470">
    <ele>508.4</ele>
   </trkpt>
   <trkpt lat="60.1482410" lon="10.3893260">
    <ele>507.9</ele>
   </trkpt>
   <trkpt lat="60.1480860" lon="10.3894970">
    <ele>507.4</ele>
   </trkpt>
   <trkpt lat="60.1480370" lon="10.3895450">
    <ele>507.2</ele>
   </trkpt>
   <trkpt lat="60.1478920" lon="10.3897180">
    <ele>506.5</ele>
   </trkpt>
   <trkpt lat="60.1477220" lon="10.3899390">
    <ele>505.8</ele>
   </trkpt>
   <trkpt lat="60.1476190" lon="10.3900460">
    <ele>505.5</ele>
   </trkpt>
   <trkpt lat="60.1475410" lon="10.3901000">
    <ele>505.5</ele>
   </trkpt>
   <trkpt lat="60.1474170" lon="10.3902210">
    <ele>505.6</ele>
   </trkpt>
   <trkpt lat="60.1472470" lon="10.3903110">
    <ele>506.0</ele>
   </trkpt>
   <trkpt lat="60.1472240" lon="10.3903350">
    <ele>506.1</ele>
   </trkpt>
   <trkpt lat="60.1472060" lon="10.3903560">
    <ele>506.2</ele>
   </trkpt>
   <trkpt lat="60.1471880" lon="10.3903790">
    <ele>506.2</ele>
   </trkpt>
   <trkpt lat="60.1471400" lon="10.3904260">
    <ele>506.4</ele>
   </trkpt>
   <trkpt lat="60.1470360" lon="10.3904670">
    <ele>506.5</ele>
   </trkpt>
   <trkpt lat="60.1469430" lon="10.3904440">
    <ele>506.5</ele>
   </trkpt>
   <trkpt lat="60.1468830" lon="10.3904650">
    <ele>506.5</ele>
   </trkpt>
   <trkpt lat="60.1467060" lon="10.3906180">
    <ele>506.7</ele>
   </trkpt>
   <trkpt lat="60.1465290" lon="10.3907530">
    <ele>507.0</ele>
   </trkpt>
   <trkpt lat="60.1464870" lon="10.3907790">
    <ele>507.2</ele>
   </trkpt>
   <trkpt lat="60.1463610" lon="10.3909050">
    <ele>507.8</ele>
   </trkpt>
   <trkpt lat="60.1462660" lon="10.3910450">
    <ele>508.5</ele>
   </trkpt>
   <trkpt lat="60.1461180" lon="10.3911810">
    <ele>510.1</ele>
   </trkpt>
   <trkpt lat="60.1459830" lon="10.3913180">
    <ele>511.7</ele>
   </trkpt>
   <trkpt lat="60.1458730" lon="10.3914540">
    <ele>513.1</ele>
   </trkpt>
   <trkpt lat="60.1457760" lon="10.3916040">
    <ele>514.4</ele>
   </trkpt>
   <trkpt lat="60.1457020" lon="10.3917280">
    <ele>515.5</ele>
   </trkpt>
   <trkpt lat="60.1456050" lon="10.3918730">
    <ele>516.9</ele>
   </trkpt>
   <trkpt lat="60.1455560" lon="10.3919830">
    <ele>517.7</ele>
   </trkpt>
   <trkpt lat="60.1454380" lon="10.3922260">
    <ele>519.6</ele>
   </trkpt>
   <trkpt lat="60.1453650" lon="10.3924310">
    <ele>520.8</ele>
   </trkpt>
   <trkpt lat="60.1453570" lon="10.3924610">
    <ele>521.0</ele>
   </trkpt>
   <trkpt lat="60.1453460" lon="10.3924930">
    <ele>521.1</ele>
   </trkpt>
   <trkpt lat="60.1452730" lon="10.3926910">
    <ele>522.1</ele>
   </trkpt>
   <trkpt lat="60.1451590" lon="10.3929230">
    <ele>523.4</ele>
   </trkpt>
   <trkpt lat="60.1450630" lon="10.3931830">
    <ele>524.4</ele>
   </trkpt>
   <trkpt lat="60.1450050" lon="10.3934710">
    <ele>525.2</ele>
   </trkpt>
   <trkpt lat="60.1449960" lon="10.3935100">
    <ele>525.3</ele>
   </trkpt>
   <trkpt lat="60.1449470" lon="10.3938070">
    <ele>526.2</ele>
   </trkpt>
   <trkpt lat="60.1449140" lon="10.3939360">
    <ele>526.6</ele>
   </trkpt>
   <trkpt lat="60.1448840" lon="10.3940590">
    <ele>527.0</ele>
   </trkpt>
   <trkpt lat="60.1448610" lon="10.3941160">
    <ele>527.2</ele>
   </trkpt>
   <trkpt lat="60.1448220" lon="10.3942640">
    <ele>527.6</ele>
   </trkpt>
   <trkpt lat="60.1448070" lon="10.3943300">
    <ele>527.9</ele>
   </trkpt>
   <trkpt lat="60.1447580" lon="10.3944350">
    <ele>528.2</ele>
   </trkpt>
   <trkpt lat="60.1446960" lon="10.3945540">
    <ele>528.8</ele>
   </trkpt>
   <trkpt lat="60.1446810" lon="10.3945900">
    <ele>529.0</ele>
   </trkpt>
   <trkpt lat="60.1446630" lon="10.3946280">
    <ele>529.2</ele>
   </trkpt>
   <trkpt lat="60.1446230" lon="10.3947050">
    <ele>529.6</ele>
   </trkpt>
   <trkpt lat="60.1446050" lon="10.3947390">
    <ele>529.7</ele>
   </trkpt>
   <trkpt lat="60.1445610" lon="10.3948510">
    <ele>530.3</ele>
   </trkpt>
   <trkpt lat="60.1445470" lon="10.3948610">
    <ele>530.5</ele>
   </trkpt>
   <trkpt lat="60.1445250" lon="10.3948750">
    <ele>530.7</ele>
   </trkpt>
   <trkpt lat="60.1444570" lon="10.3949210">
    <ele>531.4</ele>
   </trkpt>
   <trkpt lat="60.1444460" lon="10.3949270">
    <ele>531.5</ele>
   </trkpt>
   <trkpt lat="60.1443680" lon="10.3949730">
    <ele>532.1</ele>
   </trkpt>
   <trkpt lat="60.1443440" lon="10.3949800">
    <ele>532.3</ele>
   </trkpt>
   <trkpt lat="60.1442550" lon="10.3949650">
    <ele>532.6</ele>
   </trkpt>
   <trkpt lat="60.1442320" lon="10.3949620">
    <ele>532.7</ele>
   </trkpt>
   <trkpt lat="60.1441370" lon="10.3949270">
    <ele>533.0</ele>
   </trkpt>
   <trkpt lat="60.1440320" lon="10.3948700">
    <ele>533.3</ele>
   </trkpt>
   <trkpt lat="60.1440180" lon="10.3948680">
    <ele>533.3</ele>
   </trkpt>
   <trkpt lat="60.1439040" lon="10.3948770">
    <ele>533.6</ele>
   </trkpt>
   <trkpt lat="60.1438870" lon="10.3948890">
    <ele>533.7</ele>
   </trkpt>
   <trkpt lat="60.1438050" lon="10.3949400">
    <ele>534.0</ele>
   </trkpt>
   <trkpt lat="60.1436360" lon="10.3949450">
    <ele>534.5</ele>
   </trkpt>
   <trkpt lat="60.1434700" lon="10.3949060">
    <ele>533.8</ele>
   </trkpt>
   <trkpt lat="60.1433310" lon="10.3948990">
    <ele>532.1</ele>
   </trkpt>
   <trkpt lat="60.1433010" lon="10.3949100">
    <ele>531.6</ele>
   </trkpt>
   <trkpt lat="60.1431690" lon="10.3949330">
    <ele>529.8</ele>
   </trkpt>
   <trkpt lat="60.1430680" lon="10.3950050">
    <ele>529.6</ele>
   </trkpt>
   <trkpt lat="60.1430450" lon="10.3950290">
    <ele>529.8</ele>
   </trkpt>
   <trkpt lat="60.1428900" lon="10.3951800">
    <ele>531.6</ele>
   </trkpt>
   <trkpt lat="60.1427400" lon="10.3952300">
    <ele>532.5</ele>
   </trkpt>
   <trkpt lat="60.1426390" lon="10.3952890">
    <ele>533.4</ele>
   </trkpt>
   <trkpt lat="60.1426180" lon="10.3953060">
    <ele>533.7</ele>
   </trkpt>
   <trkpt lat="60.1425690" lon="10.3953360">
    <ele>534.2</ele>
   </trkpt>
   <trkpt lat="60.1425300" lon="10.3953510">
    <ele>534.6</ele>
   </trkpt>
   <trkpt lat="60.1424950" lon="10.3953760">
    <ele>534.9</ele>
   </trkpt>
   <trkpt lat="60.1424170" lon="10.3954210">
    <ele>535.2</ele>
   </trkpt>
   <trkpt lat="60.1424130" lon="10.3954240">
    <ele>535.2</ele>
   </trkpt>
   <trkpt lat="60.1423860" lon="10.3954380">
    <ele>535.2</ele>
   </trkpt>
   <trkpt lat="60.1423640" lon="10.3954430">
    <ele>535.1</ele>
   </trkpt>
   <trkpt lat="60.1422830" lon="10.3954440">
    <ele>534.5</ele>
   </trkpt>
   <trkpt lat="60.1422320" lon="10.3954680">
    <ele>533.9</ele>
   </trkpt>
   <trkpt lat="60.1421720" lon="10.3955100">
    <ele>532.9</ele>
   </trkpt>
   <trkpt lat="60.1421060" lon="10.3955380">
    <ele>531.9</ele>
   </trkpt>
   <trkpt lat="60.1420740" lon="10.3955390">
    <ele>531.7</ele>
   </trkpt>
   <trkpt lat="60.1420510" lon="10.3955420">
    <ele>531.5</ele>
   </trkpt>
   <trkpt lat="60.1419110" lon="10.3956070">
    <ele>531.8</ele>
   </trkpt>
   <trkpt lat="60.1417620" lon="10.3957440">
    <ele>532.5</ele>
   </trkpt>
   <trkpt lat="60.1417240" lon="10.3957700">
    <ele>532.7</ele>
   </trkpt>
   <trkpt lat="60.1416330" lon="10.3958400">
    <ele>533.2</ele>
   </trkpt>
   <trkpt lat="60.1416200" lon="10.3958430">
    <ele>533.3</ele>
   </trkpt>
   <trkpt lat="60.1415610" lon="10.3958890">
    <ele>533.4</ele>
   </trkpt>
   <trkpt lat="60.1415170" lon="10.3959480">
    <ele>533.5</ele>
   </trkpt>
   <trkpt lat="60.1414330" lon="10.3960120">
    <ele>533.5</ele>
   </trkpt>
   <trkpt lat="60.1413460" lon="10.3960110">
    <ele>533.6</ele>
   </trkpt>
   <trkpt lat="60.1413020" lon="10.3960160">
    <ele>533.7</ele>
   </trkpt>
   <trkpt lat="60.1412130" lon="10.3961090">
    <ele>534.1</ele>
   </trkpt>
   <trkpt lat="60.1411360" lon="10.3961870">
    <ele>534.5</ele>
   </trkpt>
   <trkpt lat="60.1410340" lon="10.3962450">
    <ele>535.0</ele>
   </trkpt>
   <trkpt lat="60.1410180" lon="10.3962380">
    <ele>535.0</ele>
   </trkpt>
   <trkpt lat="60.1409190" lon="10.3962150">
    <ele>535.5</ele>
   </trkpt>
   <trkpt lat="60.1408660" lon="10.3962290">
    <ele>535.7</ele>
   </trkpt>
   <trkpt lat="60.1408070" lon="10.3962350">
    <ele>536.1</ele>
   </trkpt>
   <trkpt lat="60.1407890" lon="10.3962450">
    <ele>536.2</ele>
   </trkpt>
   <trkpt lat="60.1406980" lon="10.3963220">
    <ele>536.8</ele>
   </trkpt>
   <trkpt lat="60.1406420" lon="10.3963560">
    <ele>537.0</ele>
   </trkpt>
   <trkpt lat="60.1405870" lon="10.3963850">
    <ele>537.2</ele>
   </trkpt>
   <trkpt lat="60.1404380" lon="10.3965920">
    <ele>537.0</ele>
   </trkpt>
   <trkpt lat="60.1403960" lon="10.3966760">
    <ele>536.8</ele>
   </trkpt>
   <trkpt lat="60.1403180" lon="10.3967980">
    <ele>536.4</ele>
   </trkpt>
   <trkpt lat="60.1402950" lon="10.3968050">
    <ele>536.3</ele>
   </trkpt>
   <trkpt lat="60.1402470" lon="10.3968290">
    <ele>536.1</ele>
   </trkpt>
   <trkpt lat="60.1401590" lon="10.3968840">
    <ele>535.7</ele>
   </trkpt>
   <trkpt lat="60.1400170" lon="10.3968890">
    <ele>534.7</ele>
   </trkpt>
   <trkpt lat="60.1399800" lon="10.3969140">
    <ele>534.4</ele>
   </trkpt>
   <trkpt lat="60.1399170" lon="10.3969600">
    <ele>533.8</ele>
   </trkpt>
   <trkpt lat="60.1398340" lon="10.3969330">
    <ele>533.0</ele>
   </trkpt>
   <trkpt lat="60.1397890" lon="10.3969150">
    <ele>532.6</ele>
   </trkpt>
   <trkpt lat="60.1396550" lon="10.3969740">
    <ele>530.9</ele>
   </trkpt>
   <trkpt lat="60.1395090" lon="10.3971040">
    <ele>528.5</ele>
   </trkpt>
   <trkpt lat="60.1394290" lon="10.3971940">
    <ele>527.5</ele>
   </trkpt>
   <trkpt lat="60.1393960" lon="10.3972050">
    <ele>527.2</ele>
   </trkpt>
   <trkpt lat="60.1392680" lon="10.3972780">
    <ele>526.4</ele>
   </trkpt>
   <trkpt lat="60.1392500" lon="10.3973170">
    <ele>526.3</ele>
   </trkpt>
   <trkpt lat="60.1392370" lon="10.3973260">
    <ele>526.3</ele>
   </trkpt>
   <trkpt lat="60.1391960" lon="10.3973300">
    <ele>526.1</ele>
   </trkpt>
   <trkpt lat="60.1391260" lon="10.3973070">
    <ele>525.9</ele>
   </trkpt>
   <trkpt lat="60.1389160" lon="10.3973080">
    <ele>524.1</ele>
   </trkpt>
   <trkpt lat="60.1388940" lon="10.3972820">
    <ele>523.9</ele>
   </trkpt>
   <trkpt lat="60.1388380" lon="10.3972670">
    <ele>523.2</ele>
   </trkpt>
   <trkpt lat="60.1386610" lon="10.3974600">
    <ele>521.6</ele>
   </trkpt>
   <trkpt lat="60.1386350" lon="10.3975000">
    <ele>521.5</ele>
   </trkpt>
   <trkpt lat="60.1384520" lon="10.3977180">
    <ele>520.5</ele>
   </trkpt>
   <trkpt lat="60.1384180" lon="10.3977410">
    <ele>520.4</ele>
   </trkpt>
   <trkpt lat="60.1382780" lon="10.3978320">
    <ele>519.8</ele>
   </trkpt>
   <trkpt lat="60.1382130" lon="10.3978580">
    <ele>519.5</ele>
   </trkpt>
   <trkpt lat="60.1381090" lon="10.3978850">
    <ele>518.9</ele>
   </trkpt>
   <trkpt lat="60.1379810" lon="10.3978380">
    <ele>518.0</ele>
   </trkpt>
   <trkpt lat="60.1378750" lon="10.3978310">
    <ele>517.1</ele>
   </trkpt>
   <trkpt lat="60.1378400" lon="10.3978290">
    <ele>516.8</ele>
   </trkpt>
   <trkpt lat="60.1377500" lon="10.3977690">
    <ele>516.3</ele>
   </trkpt>
   <trkpt lat="60.1377020" lon="10.3977170">
    <ele>516.1</ele>
   </trkpt>
   <trkpt lat="60.1375610" lon="10.3975720">
    <ele>515.9</ele>
   </trkpt>
   <trkpt lat="60.1374400" lon="10.3975050">
    <ele>516.2</ele>
   </trkpt>
   <trkpt lat="60.1373600" lon="10.3974770">
    <ele>516.6</ele>
   </trkpt>
   <trkpt lat="60.1372800" lon="10.3974680">
    <ele>517.2</ele>
   </trkpt>
   <trkpt lat="60.1371500" lon="10.3975130">
    <ele>517.9</ele>
   </trkpt>
   <trkpt lat="60.1371240" lon="10.3975180">
    <ele>518.0</ele>
   </trkpt>
   <trkpt lat="60.1369390" lon="10.3975930">
    <ele>517.6</ele>
   </trkpt>
   <trkpt lat="60.1368070" lon="10.3976830">
    <ele>516.5</ele>
   </trkpt>
   <trkpt lat="60.1366740" lon="10.3977840">
    <ele>514.9</ele>
   </trkpt>
   <trkpt lat="60.1366530" lon="10.3977980">
    <ele>514.6</ele>
   </trkpt>
   <trkpt lat="60.1365360" lon="10.3978410">
    <ele>513.2</ele>
   </trkpt>
   <trkpt lat="60.1364930" lon="10.3978530">
    <ele>512.7</ele>
   </trkpt>
   <trkpt lat="60.1363760" lon="10.3978910">
    <ele>512.0</ele>
   </trkpt>
   <trkpt lat="60.1363080" lon="10.3979290">
    <ele>511.7</ele>
   </trkpt>
   <trkpt lat="60.1362550" lon="10.3979530">
    <ele>511.4</ele>
   </trkpt>
   <trkpt lat="60.1361550" lon="10.3980220">
    <ele>510.9</ele>
   </trkpt>
   <trkpt lat="60.1361340" lon="10.3980440">
    <ele>510.9</ele>
   </trkpt>
   <trkpt lat="60.1360990" lon="10.3980940">
    <ele>510.8</ele>
   </trkpt>
   <trkpt lat="60.1360500" lon="10.3981770">
    <ele>510.8</ele>
   </trkpt>
   <trkpt lat="60.1360280" lon="10.3981870">
    <ele>510.8</ele>
   </trkpt>
   <trkpt lat="60.1359540" lon="10.3982080">
    <ele>511.1</ele>
   </trkpt>
   <trkpt lat="60.1358570" lon="10.3982680">
    <ele>511.8</ele>
   </trkpt>
   <trkpt lat="60.1357450" lon="10.3983140">
    <ele>512.8</ele>
   </trkpt>
   <trkpt lat="60.1357280" lon="10.3983170">
    <ele>512.9</ele>
   </trkpt>
   <trkpt lat="60.1357100" lon="10.3983300">
    <ele>513.1</ele>
   </trkpt>
   <trkpt lat="60.1356930" lon="10.3983490">
    <ele>513.2</ele>
   </trkpt>
   <trkpt lat="60.1356340" lon="10.3984380">
    <ele>513.9</ele>
   </trkpt>
   <trkpt lat="60.1355410" lon="10.3985970">
    <ele>514.7</ele>
   </trkpt>
   <trkpt lat="60.1355150" lon="10.3986410">
    <ele>514.8</ele>
   </trkpt>
   <trkpt lat="60.1354980" lon="10.3986490">
    <ele>514.9</ele>
   </trkpt>
   <trkpt lat="60.1354580" lon="10.3986880">
    <ele>515.0</ele>
   </trkpt>
   <trkpt lat="60.1353650" lon="10.3988380">
    <ele>514.9</ele>
   </trkpt>
   <trkpt lat="60.1352490" lon="10.3990070">
    <ele>514.2</ele>
   </trkpt>
   <trkpt lat="60.1352080" lon="10.3990780">
    <ele>513.7</ele>
   </trkpt>
   <trkpt lat="60.1351790" lon="10.3991300">
    <ele>513.4</ele>
   </trkpt>
   <trkpt lat="60.1351610" lon="10.3991530">
    <ele>513.1</ele>
   </trkpt>
   <trkpt lat="60.1350910" lon="10.3992200">
    <ele>512.6</ele>
   </trkpt>
   <trkpt lat="60.1349790" lon="10.3992290">
    <ele>512.5</ele>
   </trkpt>
   <trkpt lat="60.1348820" lon="10.3994060">
    <ele>512.7</ele>
   </trkpt>
   <trkpt lat="60.1348560" lon="10.3994380">
    <ele>512.7</ele>
   </trkpt>
   <trkpt lat="60.1348360" lon="10.3994630">
    <ele>512.7</ele>
   </trkpt>
   <trkpt lat="60.1348140" lon="10.3994840">
    <ele>512.6</ele>
   </trkpt>
   <trkpt lat="60.1347060" lon="10.3996000">
    <ele>512.1</ele>
   </trkpt>
   <trkpt lat="60.1345610" lon="10.3997980">
    <ele>510.3</ele>
   </trkpt>
   <trkpt lat="60.1344000" lon="10.3999300">
    <ele>508.8</ele>
   </trkpt>
   <trkpt lat="60.1343850" lon="10.3999290">
    <ele>508.7</ele>
   </trkpt>
   <trkpt lat="60.1343390" lon="10.3999270">
    <ele>508.4</ele>
   </trkpt>
   <trkpt lat="60.1343290" lon="10.3999460">
    <ele>508.4</ele>
   </trkpt>
   <trkpt lat="60.1343070" lon="10.3999780">
    <ele>508.2</ele>
   </trkpt>
   <trkpt lat="60.1342240" lon="10.4000670">
    <ele>507.6</ele>
   </trkpt>
   <trkpt lat="60.1340480" lon="10.4002550">
    <ele>505.9</ele>
   </trkpt>
   <trkpt lat="60.1340110" lon="10.4002940">
    <ele>505.4</ele>
   </trkpt>
   <trkpt lat="60.1339030" lon="10.4004120">
    <ele>503.8</ele>
   </trkpt>
   <trkpt lat="60.1337460" lon="10.4005560">
    <ele>501.5</ele>
   </trkpt>
   <trkpt lat="60.1335870" lon="10.4007280">
    <ele>499.9</ele>
   </trkpt>
   <trkpt lat="60.1335640" lon="10.4007470">
    <ele>499.7</ele>
   </trkpt>
   <trkpt lat="60.1335070" lon="10.4007850">
    <ele>499.2</ele>
   </trkpt>
   <trkpt lat="60.1335120" lon="10.4007750">
    <ele>499.2</ele>
   </trkpt>
   <trkpt lat="60.1335060" lon="10.4007670">
    <ele>499.1</ele>
   </trkpt>
   <trkpt lat="60.1334980" lon="10.4007710">
    <ele>499.0</ele>
   </trkpt>
   <trkpt lat="60.1334290" lon="10.4008210">
    <ele>498.5</ele>
   </trkpt>
   <trkpt lat="60.1333770" lon="10.4008710">
    <ele>498.2</ele>
   </trkpt>
   <trkpt lat="60.1333160" lon="10.4010120">
    <ele>497.9</ele>
   </trkpt>
   <trkpt lat="60.1332710" lon="10.4011920">
    <ele>497.7</ele>
   </trkpt>
   <trkpt lat="60.1332570" lon="10.4012920">
    <ele>497.6</ele>
   </trkpt>
   <trkpt lat="60.1331820" lon="10.4014830">
    <ele>497.1</ele>
   </trkpt>
   <trkpt lat="60.1331370" lon="10.4015130">
    <ele>496.7</ele>
   </trkpt>
   <trkpt lat="60.1330570" lon="10.4016010">
    <ele>495.9</ele>
   </trkpt>
   <trkpt lat="60.1330390" lon="10.4016240">
    <ele>495.6</ele>
   </trkpt>
   <trkpt lat="60.1329580" lon="10.4016790">
    <ele>494.8</ele>
   </trkpt>
   <trkpt lat="60.1329280" lon="10.4017000">
    <ele>494.5</ele>
   </trkpt>
   <trkpt lat="60.1329020" lon="10.4017260">
    <ele>494.2</ele>
   </trkpt>
   <trkpt lat="60.1327130" lon="10.4019080">
    <ele>493.6</ele>
   </trkpt>
   <trkpt lat="60.1327130" lon="10.4019080">
    <ele>493.6</ele>
   </trkpt>
   <trkpt lat="60.1325460" lon="10.4019950">
    <ele>494.1</ele>
   </trkpt>
   <trkpt lat="60.1325210" lon="10.4020140">
    <ele>494.2</ele>
   </trkpt>
   <trkpt lat="60.1324150" lon="10.4020980">
    <ele>494.6</ele>
   </trkpt>
   <trkpt lat="60.1323240" lon="10.4021590">
    <ele>494.9</ele>
   </trkpt>
   <trkpt lat="60.1322800" lon="10.4022030">
    <ele>495.1</ele>
   </trkpt>
   <trkpt lat="60.1321400" lon="10.4023400">
    <ele>495.1</ele>
   </trkpt>
   <trkpt lat="60.1321210" lon="10.4023610">
    <ele>495.0</ele>
   </trkpt>
   <trkpt lat="60.1320220" lon="10.4024840">
    <ele>494.4</ele>
   </trkpt>
   <trkpt lat="60.1319000" lon="10.4025720">
    <ele>493.1</ele>
   </trkpt>
   <trkpt lat="60.1318530" lon="10.4026250">
    <ele>492.3</ele>
   </trkpt>
   <trkpt lat="60.1317290" lon="10.4027770">
    <ele>489.5</ele>
   </trkpt>
   <trkpt lat="60.1315690" lon="10.4028780">
    <ele>486.8</ele>
   </trkpt>
   <trkpt lat="60.1315450" lon="10.4028990">
    <ele>486.4</ele>
   </trkpt>
   <trkpt lat="60.1313770" lon="10.4030430">
    <ele>484.9</ele>
   </trkpt>
   <trkpt lat="60.1313030" lon="10.4031300">
    <ele>484.2</ele>
   </trkpt>
   <trkpt lat="60.1312380" lon="10.4031490">
    <ele>483.5</ele>
   </trkpt>
   <trkpt lat="60.1312060" lon="10.4031540">
    <ele>483.3</ele>
   </trkpt>
   <trkpt lat="60.1310350" lon="10.4032140">
    <ele>482.2</ele>
   </trkpt>
   <trkpt lat="60.1310090" lon="10.4032190">
    <ele>482.1</ele>
   </trkpt>
   <trkpt lat="60.1308910" lon="10.4033030">
    <ele>481.5</ele>
   </trkpt>
   <trkpt lat="60.1308640" lon="10.4033280">
    <ele>481.4</ele>
   </trkpt>
   <trkpt lat="60.1306960" lon="10.4034460">
    <ele>479.8</ele>
   </trkpt>
   <trkpt lat="60.1306030" lon="10.4035620">
    <ele>478.0</ele>
   </trkpt>
   <trkpt lat="60.1305820" lon="10.4035810">
    <ele>477.6</ele>
   </trkpt>
   <trkpt lat="60.1304640" lon="10.4037210">
    <ele>474.7</ele>
   </trkpt>
   <trkpt lat="60.1303400" lon="10.4038020">
    <ele>472.0</ele>
   </trkpt>
   <trkpt lat="60.1302860" lon="10.4038500">
    <ele>471.0</ele>
   </trkpt>
   <trkpt lat="60.1302090" lon="10.4039600">
    <ele>469.8</ele>
   </trkpt>
   <trkpt lat="60.1301290" lon="10.4040510">
    <ele>469.0</ele>
   </trkpt>
   <trkpt lat="60.1300830" lon="10.4041180">
    <ele>468.7</ele>
   </trkpt>
   <trkpt lat="60.1299680" lon="10.4042750">
    <ele>467.8</ele>
   </trkpt>
   <trkpt lat="60.1299490" lon="10.4043120">
    <ele>467.7</ele>
   </trkpt>
   <trkpt lat="60.1298690" lon="10.4044900">
    <ele>467.0</ele>
   </trkpt>
   <trkpt lat="60.1298420" lon="10.4045330">
    <ele>466.8</ele>
   </trkpt>
   <trkpt lat="60.1297570" lon="10.4045990">
    <ele>466.2</ele>
   </trkpt>
   <trkpt lat="60.1297300" lon="10.4046130">
    <ele>466.0</ele>
   </trkpt>
   <trkpt lat="60.1296620" lon="10.4046390">
    <ele>465.5</ele>
   </trkpt>
   <trkpt lat="60.1295720" lon="10.4046720">
    <ele>465.1</ele>
   </trkpt>
   <trkpt lat="60.1295440" lon="10.4046820">
    <ele>465.0</ele>
   </trkpt>
   <trkpt lat="60.1294130" lon="10.4046690">
    <ele>464.2</ele>
   </trkpt>
   <trkpt lat="60.1293750" lon="10.4046630">
    <ele>463.9</ele>
   </trkpt>
   <trkpt lat="60.1292760" lon="10.4046720">
    <ele>463.3</ele>
   </trkpt>
   <trkpt lat="60.1292560" lon="10.4046810">
    <ele>463.2</ele>
   </trkpt>
   <trkpt lat="60.1292110" lon="10.4047070">
    <ele>462.9</ele>
   </trkpt>
   <trkpt lat="60.1291840" lon="10.4047200">
    <ele>462.7</ele>
   </trkpt>
   <trkpt lat="60.1291540" lon="10.4047290">
    <ele>462.5</ele>
   </trkpt>
   <trkpt lat="60.1290900" lon="10.4047700">
    <ele>462.0</ele>
   </trkpt>
   <trkpt lat="60.1290010" lon="10.4048070">
    <ele>461.3</ele>
   </trkpt>
   <trkpt lat="60.1288870" lon="10.4048470">
    <ele>460.6</ele>
   </trkpt>
   <trkpt lat="60.1288260" lon="10.4048820">
    <ele>460.4</ele>
   </trkpt>
   <trkpt lat="60.1287270" lon="10.4050120">
    <ele>460.2</ele>
   </trkpt>
   <trkpt lat="60.1286990" lon="10.4050500">
    <ele>460.1</ele>
   </trkpt>
   <trkpt lat="60.1285480" lon="10.4052160">
    <ele>460.3</ele>
   </trkpt>
   <trkpt lat="60.1285250" lon="10.4052400">
    <ele>460.3</ele>
   </trkpt>
   <trkpt lat="60.1283960" lon="10.4052560">
    <ele>461.1</ele>
   </trkpt>
   <trkpt lat="60.1283720" lon="10.4052410">
    <ele>461.3</ele>
   </trkpt>
   <trkpt lat="60.1283060" lon="10.4051720">
    <ele>462.0</ele>
   </trkpt>
   <trkpt lat="60.1282560" lon="10.4051160">
    <ele>462.5</ele>
   </trkpt>
   <trkpt lat="60.1281680" lon="10.4049250">
    <ele>463.4</ele>
   </trkpt>
   <trkpt lat="60.1281490" lon="10.4048290">
    <ele>463.7</ele>
   </trkpt>
   <trkpt lat="60.1280790" lon="10.4045920">
    <ele>464.3</ele>
   </trkpt>
   <trkpt lat="60.1280420" lon="10.4044460">
    <ele>464.3</ele>
   </trkpt>
   <trkpt lat="60.1280210" lon="10.4044060">
    <ele>464.3</ele>
   </trkpt>
   <trkpt lat="60.1278690" lon="10.4041350">
    <ele>464.4</ele>
   </trkpt>
   <trkpt lat="60.1278140" lon="10.4040980">
    <ele>464.5</ele>
   </trkpt>
   <trkpt lat="60.1276990" lon="10.4040600">
    <ele>464.7</ele>
   </trkpt>
   <trkpt lat="60.1275190" lon="10.4040950">
    <ele>465.4</ele>
   </trkpt>
   <trkpt lat="60.1274970" lon="10.4041010">
    <ele>465.5</ele>
   </trkpt>
   <trkpt lat="60.1273870" lon="10.4041440">
    <ele>466.0</ele>
   </trkpt>
   <trkpt lat="60.1272640" lon="10.4041820">
    <ele>466.2</ele>
   </trkpt>
   <trkpt lat="60.1271240" lon="10.4042540">
    <ele>465.7</ele>
   </trkpt>
   <trkpt lat="60.1270680" lon="10.4043070">
    <ele>465.3</ele>
   </trkpt>
   <trkpt lat="60.1269760" lon="10.4044040">
    <ele>464.3</ele>
   </trkpt>
   <trkpt lat="60.1268390" lon="10.4045410">
    <ele>462.5</ele>
   </trkpt>
   <trkpt lat="60.1268090" lon="10.4045600">
    <ele>462.2</ele>
   </trkpt>
   <trkpt lat="60.1267490" lon="10.4046020">
    <ele>461.5</ele>
   </trkpt>
   <trkpt lat="60.1267200" lon="10.4046170">
    <ele>461.1</ele>
   </trkpt>
   <trkpt lat="60.1266310" lon="10.4046250">
    <ele>460.1</ele>
   </trkpt>
   <trkpt lat="60.1265930" lon="10.4046220">
    <ele>459.7</ele>
   </trkpt>
   <trkpt lat="60.1264190" lon="10.4045630">
    <ele>457.7</ele>
   </trkpt>
   <trkpt lat="60.1263790" lon="10.4045560">
    <ele>457.2</ele>
   </trkpt>
   <trkpt lat="60.1261810" lon="10.4045530">
    <ele>455.3</ele>
   </trkpt>
   <trkpt lat="60.1261210" lon="10.4046160">
    <ele>454.7</ele>
   </trkpt>
   <trkpt lat="60.1260480" lon="10.4047250">
    <ele>453.8</ele>
   </trkpt>
   <trkpt lat="60.1259860" lon="10.4049010">
    <ele>452.4</ele>
   </trkpt>
   <trkpt lat="60.1259750" lon="10.4049600">
    <ele>452.0</ele>
   </trkpt>
   <trkpt lat="60.1259430" lon="10.4052850">
    <ele>450.1</ele>
   </trkpt>
   <trkpt lat="60.1259250" lon="10.4054130">
    <ele>449.4</ele>
   </trkpt>
   <trkpt lat="60.1258940" lon="10.4056560">
    <ele>448.3</ele>
   </trkpt>
   <trkpt lat="60.1258830" lon="10.4057180">
    <ele>448.1</ele>
   </trkpt>
   <trkpt lat="60.1258110" lon="10.4061040">
    <ele>446.7</ele>
   </trkpt>
   <trkpt lat="60.1257880" lon="10.4061730">
    <ele>446.5</ele>
   </trkpt>
   <trkpt lat="60.1257020" lon="10.4064340">
    <ele>445.9</ele>
   </trkpt>
   <trkpt lat="60.1256770" lon="10.4064760">
    <ele>445.8</ele>
   </trkpt>
   <trkpt lat="60.1256540" lon="10.4065060">
    <ele>445.7</ele>
   </trkpt>
   <trkpt lat="60.1256080" lon="10.4066160">
    <ele>445.5</ele>
   </trkpt>
   <trkpt lat="60.1256160" lon="10.4066260">
    <ele>453.2</ele>
   </trkpt>
   <trkpt lat="60.1256540" lon="10.4066050">
    <ele>453.3</ele>
   </trkpt>
   <trkpt lat="60.1256660" lon="10.4066020">
    <ele>453.4</ele>
   </trkpt>
   <trkpt lat="60.1256760" lon="10.4065920">
    <ele>453.4</ele>
   </trkpt>
   <trkpt lat="60.1256950" lon="10.4065610">
    <ele>453.5</ele>
   </trkpt>
   <trkpt lat="60.1257150" lon="10.4065230">
    <ele>453.5</ele>
   </trkpt>
   <trkpt lat="60.1257270" lon="10.4065160">
    <ele>453.5</ele>
   </trkpt>
   <trkpt lat="60.1257320" lon="10.4065300">
    <ele>453.6</ele>
   </trkpt>
   <trkpt lat="60.1257350" lon="10.4065730">
    <ele>453.6</ele>
   </trkpt>
   <trkpt lat="60.1257300" lon="10.4065910">
    <ele>453.6</ele>
   </trkpt>
   <trkpt lat="60.1256730" lon="10.4067100">
    <ele>453.8</ele>
   </trkpt>
   <trkpt lat="60.1256190" lon="10.4067770">
    <ele>454.0</ele>
   </trkpt>
   <trkpt lat="60.1255830" lon="10.4068160">
    <ele>454.0</ele>
   </trkpt>
   <trkpt lat="60.1255790" lon="10.4068350">
    <ele>454.1</ele>
   </trkpt>
   <trkpt lat="60.1255840" lon="10.4068530">
    <ele>454.1</ele>
   </trkpt>
   <trkpt lat="60.1255860" lon="10.4068630">
    <ele>454.1</ele>
   </trkpt>
   <trkpt lat="60.1255870" lon="10.4068720">
    <ele>454.1</ele>
   </trkpt>
   <trkpt lat="60.1255900" lon="10.4068780">
    <ele>454.1</ele>
   </trkpt>
   <trkpt lat="60.1255950" lon="10.4068840">
    <ele>454.1</ele>
   </trkpt>
   <trkpt lat="60.1255960" lon="10.4068960">
    <ele>454.1</ele>
   </trkpt>
   <trkpt lat="60.1255930" lon="10.4068670">
    <ele>454.2</ele>
   </trkpt>
   <trkpt lat="60.1255960" lon="10.4068640">
    <ele>454.2</ele>
   </trkpt>
   <trkpt lat="60.1255940" lon="10.4068620">
    <ele>454.2</ele>
   </trkpt>
   <trkpt lat="60.1255910" lon="10.4068750">
    <ele>454.2</ele>
   </trkpt>
   <trkpt lat="60.1255830" lon="10.4068810">
    <ele>454.2</ele>
   </trkpt>
   <trkpt lat="60.1255720" lon="10.4068900">
    <ele>454.2</ele>
   </trkpt>
   <trkpt lat="60.1255730" lon="10.4069010">
    <ele>454.2</ele>
   </trkpt>
   <trkpt lat="60.1255790" lon="10.4069020">
    <ele>454.2</ele>
   </trkpt>
   <trkpt lat="60.1255810" lon="10.4068970">
    <ele>454.2</ele>
   </trkpt>
   <trkpt lat="60.1255840" lon="10.4069030">
    <ele>454.3</ele>
   </trkpt>
   <trkpt lat="60.1255840" lon="10.4069100">
    <ele>454.3</ele>
   </trkpt>
   <trkpt lat="60.1255780" lon="10.4069130">
    <ele>454.3</ele>
   </trkpt>
   <trkpt lat="60.1255800" lon="10.4069100">
    <ele>454.3</ele>
   </trkpt>
   <trkpt lat="60.1255820" lon="10.4069080">
    <ele>454.3</ele>
   </trkpt>
   <trkpt lat="60.1255810" lon="10.4068980">
    <ele>454.3</ele>
   </trkpt>
   <trkpt lat="60.1255830" lon="10.4068810">
    <ele>454.3</ele>
   </trkpt>
   <trkpt lat="60.1255750" lon="10.4068900">
    <ele>454.3</ele>
   </trkpt>
   <trkpt lat="60.1255760" lon="10.4068920">
    <ele>454.3</ele>
   </trkpt>
   <trkpt lat="60.1255740" lon="10.4068910">
    <ele>454.3</ele>
   </trkpt>
   <trkpt lat="60.1255700" lon="10.4068880">
    <ele>454.3</ele>
   </trkpt>
   <trkpt lat="60.1255670" lon="10.4068960">
    <ele>454.3</ele>
   </trkpt>
   <trkpt lat="60.1255640" lon="10.4068980">
    <ele>454.4</ele>
   </trkpt>
   <trkpt lat="60.1255640" lon="10.4068980">
    <ele>454.4</ele>
   </trkpt>
   <trkpt lat="60.1255700" lon="10.4069040">
    <ele>454.4</ele>
   </trkpt>
   <trkpt lat="60.1255630" lon="10.4069100">
    <ele>454.4</ele>
   </trkpt>
   <trkpt lat="60.1255640" lon="10.4069150">
    <ele>454.4</ele>
   </trkpt>
   <trkpt lat="60.1255650" lon="10.4069200">
    <ele>454.4</ele>
   </trkpt>
   <trkpt lat="60.1255680" lon="10.4069120">
    <ele>454.4</ele>
   </trkpt>
   <trkpt lat="60.1255730" lon="10.4069060">
    <ele>454.4</ele>
   </trkpt>
   <trkpt lat="60.1255770" lon="10.4069020">
    <ele>454.4</ele>
   </trkpt>
   <trkpt lat="60.1255860" lon="10.4068860">
    <ele>454.4</ele>
   </trkpt>
   <trkpt lat="60.1255770" lon="10.4068970">
    <ele>454.5</ele>
   </trkpt>
   <trkpt lat="60.1255670" lon="10.4069230">
    <ele>454.5</ele>
   </trkpt>
   <trkpt lat="60.1255570" lon="10.4069300">
    <ele>454.5</ele>
   </trkpt>
   <trkpt lat="60.1255580" lon="10.4069270">
    <ele>454.5</ele>
   </trkpt>
   <trkpt lat="60.1255570" lon="10.4069250">
    <ele>454.5</ele>
   </trkpt>
   <trkpt lat="60.1255560" lon="10.4069260">
    <ele>454.5</ele>
   </trkpt>
   <trkpt lat="60.1255680" lon="10.4069050">
    <ele>454.5</ele>
   </trkpt>
   <trkpt lat="60.1255850" lon="10.4069040">
    <ele>454.6</ele>
   </trkpt>
   <trkpt lat="60.1255930" lon="10.4069130">
    <ele>454.6</ele>
   </trkpt>
   <trkpt lat="60.1256060" lon="10.4069140">
    <ele>454.6</ele>
   </trkpt>
   <trkpt lat="60.1256130" lon="10.4069260">
    <ele>454.6</ele>
   </trkpt>
   <trkpt lat="60.1256150" lon="10.4069250">
    <ele>454.6</ele>
   </trkpt>
   <trkpt lat="60.1256140" lon="10.4069200">
    <ele>454.6</ele>
   </trkpt>
   <trkpt lat="60.1256150" lon="10.4069100">
    <ele>454.6</ele>
   </trkpt>
   <trkpt lat="60.1255990" lon="10.4069050">
    <ele>454.6</ele>
   </trkpt>
   <trkpt lat="60.1255850" lon="10.4069110">
    <ele>454.7</ele>
   </trkpt>
   <trkpt lat="60.1255770" lon="10.4069020">
    <ele>454.7</ele>
   </trkpt>
   <trkpt lat="60.1255760" lon="10.4069050">
    <ele>454.7</ele>
   </trkpt>
   <trkpt lat="60.1255870" lon="10.4068970">
    <ele>454.7</ele>
   </trkpt>
   <trkpt lat="60.1255900" lon="10.4069000">
    <ele>454.7</ele>
   </trkpt>
   <trkpt lat="60.1255930" lon="10.4068950">
    <ele>454.7</ele>
   </trkpt>
   <trkpt lat="60.1255890" lon="10.4068990">
    <ele>454.7</ele>
   </trkpt>
   <trkpt lat="60.1255870" lon="10.4069040">
    <ele>454.7</ele>
   </trkpt>
   <trkpt lat="60.1255820" lon="10.4068860">
    <ele>454.7</ele>
   </trkpt>
   <trkpt lat="60.1255820" lon="10.4068930">
    <ele>454.7</ele>
   </trkpt>
   <trkpt lat="60.1255840" lon="10.4068880">
    <ele>454.7</ele>
   </trkpt>
   <trkpt lat="60.1255880" lon="10.4068970">
    <ele>454.8</ele>
   </trkpt>
   <trkpt lat="60.1255900" lon="10.4069050">
    <ele>454.8</ele>
   </trkpt>
   <trkpt lat="60.1255910" lon="10.4069030">
    <ele>454.8</ele>
   </trkpt>
   <trkpt lat="60.1255830" lon="10.4068800">
    <ele>454.8</ele>
   </trkpt>
   <trkpt lat="60.1255920" lon="10.4068810">
    <ele>454.8</ele>
   </trkpt>
   <trkpt lat="60.1255920" lon="10.4068880">
    <ele>454.8</ele>
   </trkpt>
   <trkpt lat="60.1255800" lon="10.4069090">
    <ele>454.8</ele>
   </trkpt>
   <trkpt lat="60.1255710" lon="10.4068890">
    <ele>454.9</ele>
   </trkpt>
   <trkpt lat="60.1255900" lon="10.4068900">
    <ele>454.9</ele>
   </trkpt>
   <trkpt lat="60.1255910" lon="10.4069030">
    <ele>454.9</ele>
   </trkpt>
   <trkpt lat="60.1255810" lon="10.4069280">
    <ele>454.9</ele>
   </trkpt>
   <trkpt lat="60.1255810" lon="10.4069310">
    <ele>454.9</ele>
   </trkpt>
   <trkpt lat="60.1255820" lon="10.4069070">
    <ele>454.9</ele>
   </trkpt>
   <trkpt lat="60.1255960" lon="10.4069100">
    <ele>454.9</ele>
   </trkpt>
   <trkpt lat="60.1255840" lon="10.4068920">
    <ele>455.0</ele>
   </trkpt>
   <trkpt lat="60.1255790" lon="10.4068880">
    <ele>455.0</ele>
   </trkpt>
   <trkpt lat="60.1255740" lon="10.4068950">
    <ele>455.0</ele>
   </trkpt>
   <trkpt lat="60.1255560" lon="10.4068960">
    <ele>455.0</ele>
   </trkpt>
   <trkpt lat="60.1255570" lon="10.4068990">
    <ele>455.0</ele>
   </trkpt>
   <trkpt lat="60.1255590" lon="10.4069250">
    <ele>455.0</ele>
   </trkpt>
   <trkpt lat="60.1255580" lon="10.4069170">
    <ele>455.0</ele>
   </trkpt>
   <trkpt lat="60.1255740" lon="10.4069490">
    <ele>455.1</ele>
   </trkpt>
   <trkpt lat="60.1255830" lon="10.4069420">
    <ele>455.1</ele>
   </trkpt>
   <trkpt lat="60.1255910" lon="10.4069270">
    <ele>455.1</ele>
   </trkpt>
   <trkpt lat="60.1255850" lon="10.4069290">
    <ele>455.1</ele>
   </trkpt>
   <trkpt lat="60.1255790" lon="10.4069220">
    <ele>455.1</ele>
   </trkpt>
   <trkpt lat="60.1255680" lon="10.4069130">
    <ele>455.1</ele>
   </trkpt>
   <trkpt lat="60.1255640" lon="10.4069150">
    <ele>455.1</ele>
   </trkpt>
   <trkpt lat="60.1255610" lon="10.4069190">
    <ele>455.1</ele>
   </trkpt>
   <trkpt lat="60.1255070" lon="10.4069670">
    <ele>455.2</ele>
   </trkpt>
   <trkpt lat="60.1254420" lon="10.4071390">
    <ele>456.5</ele>
   </trkpt>
   <trkpt lat="60.1254160" lon="10.4072140">
    <ele>456.6</ele>
   </trkpt>
   <trkpt lat="60.1254100" lon="10.4072530">
    <ele>456.8</ele>
   </trkpt>
   <trkpt lat="60.1254250" lon="10.4073460">
    <ele>457.2</ele>
   </trkpt>
   <trkpt lat="60.1254330" lon="10.4073970">
    <ele>457.4</ele>
   </trkpt>
   <trkpt lat="60.1254350" lon="10.4075890">
    <ele>458.2</ele>
   </trkpt>
   <trkpt lat="60.1254370" lon="10.4076360">
    <ele>458.4</ele>
   </trkpt>
   <trkpt lat="60.1254420" lon="10.4077130">
    <ele>458.7</ele>
   </trkpt>
   <trkpt lat="60.1254380" lon="10.4078170">
    <ele>459.0</ele>
   </trkpt>
   <trkpt lat="60.1254360" lon="10.4078640">
    <ele>459.2</ele>
   </trkpt>
   <trkpt lat="60.1254370" lon="10.4079130">
    <ele>459.4</ele>
   </trkpt>
   <trkpt lat="60.1254260" lon="10.4080740">
    <ele>459.8</ele>
   </trkpt>
   <trkpt lat="60.1254190" lon="10.4081940">
    <ele>460.0</ele>
   </trkpt>
   <trkpt lat="60.1254110" lon="10.4082570">
    <ele>460.1</ele>
   </trkpt>
   <trkpt lat="60.1254040" lon="10.4083180">
    <ele>460.1</ele>
   </trkpt>
   <trkpt lat="60.1253990" lon="10.4084320">
    <ele>460.2</ele>
   </trkpt>
   <trkpt lat="60.1253800" lon="10.4086190">
    <ele>460.3</ele>
   </trkpt>
   <trkpt lat="60.1253610" lon="10.4087410">
    <ele>460.4</ele>
   </trkpt>
   <trkpt lat="60.1253260" lon="10.4089730">
    <ele>460.5</ele>
   </trkpt>
   <trkpt lat="60.1252830" lon="10.4093280">
    <ele>460.9</ele>
   </trkpt>
   <trkpt lat="60.1252390" lon="10.4093320">
    <ele>461.9</ele>
   </trkpt>
   <trkpt lat="60.1252190" lon="10.4093050">
    <ele>462.1</ele>
   </trkpt>
   <trkpt lat="60.1252040" lon="10.4092670">
    <ele>462.3</ele>
   </trkpt>
   <trkpt lat="60.1251580" lon="10.4091660">
    <ele>463.1</ele>
   </trkpt>
   <trkpt lat="60.1251280" lon="10.4091200">
    <ele>463.6</ele>
   </trkpt>
   <trkpt lat="60.1251030" lon="10.4090530">
    <ele>464.2</ele>
   </trkpt>
   <trkpt lat="60.1250640" lon="10.4089300">
    <ele>465.5</ele>
   </trkpt>
   <trkpt lat="60.1250490" lon="10.4089050">
    <ele>465.8</ele>
   </trkpt>
   <trkpt lat="60.1250340" lon="10.4087950">
    <ele>466.9</ele>
   </trkpt>
   <trkpt lat="60.1250240" lon="10.4087800">
    <ele>467.2</ele>
   </trkpt>
   <trkpt lat="60.1250150" lon="10.4087630">
    <ele>467.4</ele>
   </trkpt>
   <trkpt lat="60.1249990" lon="10.4087300">
    <ele>467.9</ele>
   </trkpt>
   <trkpt lat="60.1249870" lon="10.4086880">
    <ele>468.4</ele>
   </trkpt>
   <trkpt lat="60.1249820" lon="10.4086690">
    <ele>468.6</ele>
   </trkpt>
   <trkpt lat="60.1249740" lon="10.4085880">
    <ele>469.4</ele>
   </trkpt>
   <trkpt lat="60.1249400" lon="10.4085390">
    <ele>470.2</ele>
   </trkpt>
   <trkpt lat="60.1249260" lon="10.4085220">
    <ele>470.5</ele>
   </trkpt>
   <trkpt lat="60.1248480" lon="10.4084470">
    <ele>471.9</ele>
   </trkpt>
   <trkpt lat="60.1248090" lon="10.4084300">
    <ele>472.5</ele>
   </trkpt>
   <trkpt lat="60.1247520" lon="10.4083960">
    <ele>473.3</ele>
   </trkpt>
   <trkpt lat="60.1247160" lon="10.4083900">
    <ele>473.7</ele>
   </trkpt>
   <trkpt lat="60.1246690" lon="10.4084180">
    <ele>474.2</ele>
   </trkpt>
   <trkpt lat="60.1246390" lon="10.4084430">
    <ele>474.5</ele>
   </trkpt>
   <trkpt lat="60.1245310" lon="10.4084740">
    <ele>475.7</ele>
   </trkpt>
   <trkpt lat="60.1245310" lon="10.4084740">
    <ele>475.7</ele>
   </trkpt>
   <trkpt lat="60.1244920" lon="10.4085000">
    <ele>476.1</ele>
   </trkpt>
   <trkpt lat="60.1244450" lon="10.4085250">
    <ele>476.6</ele>
   </trkpt>
   <trkpt lat="60.1244140" lon="10.4085470">
    <ele>477.0</ele>
   </trkpt>
   <trkpt lat="60.1243610" lon="10.4085730">
    <ele>477.6</ele>
   </trkpt>
   <trkpt lat="60.1243320" lon="10.4085950">
    <ele>477.9</ele>
   </trkpt>
   <trkpt lat="60.1243000" lon="10.4086170">
    <ele>478.2</ele>
   </trkpt>
   <trkpt lat="60.1242300" lon="10.4086880">
    <ele>478.7</ele>
   </trkpt>
   <trkpt lat="60.1241680" lon="10.4087030">
    <ele>479.0</ele>
   </trkpt>
   <trkpt lat="60.1240740" lon="10.4087320">
    <ele>479.5</ele>
   </trkpt>
   <trkpt lat="60.1239950" lon="10.4087550">
    <ele>479.8</ele>
   </trkpt>
   <trkpt lat="60.1239540" lon="10.4087590">
    <ele>480.0</ele>
   </trkpt>
   <trkpt lat="60.1238010" lon="10.4088230">
    <ele>480.9</ele>
   </trkpt>
   <trkpt lat="60.1237470" lon="10.4088320">
    <ele>481.2</ele>
   </trkpt>
   <trkpt lat="60.1236330" lon="10.4088510">
    <ele>481.9</ele>
   </trkpt>
   <trkpt lat="60.1235650" lon="10.4088530">
    <ele>482.3</ele>
   </trkpt>
   <trkpt lat="60.1235130" lon="10.4088600">
    <ele>482.7</ele>
   </trkpt>
   <trkpt lat="60.1234890" lon="10.4088580">
    <ele>482.9</ele>
   </trkpt>
   <trkpt lat="60.1233750" lon="10.4088760">
    <ele>484.0</ele>
   </trkpt>
   <trkpt lat="60.1233560" lon="10.4088880">
    <ele>484.3</ele>
   </trkpt>
   <trkpt lat="60.1232940" lon="10.4089160">
    <ele>485.2</ele>
   </trkpt>
   <trkpt lat="60.1232410" lon="10.4089370">
    <ele>486.0</ele>
   </trkpt>
   <trkpt lat="60.1232250" lon="10.4089470">
    <ele>486.2</ele>
   </trkpt>
   <trkpt lat="60.1231850" lon="10.4089850">
    <ele>486.9</ele>
   </trkpt>
   <trkpt lat="60.1231510" lon="10.4090050">
    <ele>487.5</ele>
   </trkpt>
   <trkpt lat="60.1230750" lon="10.4090750">
    <ele>488.9</ele>
   </trkpt>
   <trkpt lat="60.1230440" lon="10.4091250">
    <ele>489.4</ele>
   </trkpt>
   <trkpt lat="60.1230150" lon="10.4091780">
    <ele>489.9</ele>
   </trkpt>
   <trkpt lat="60.1229440" lon="10.4093530">
    <ele>491.1</ele>
   </trkpt>
   <trkpt lat="60.1229230" lon="10.4094040">
    <ele>491.5</ele>
   </trkpt>
   <trkpt lat="60.1228920" lon="10.4094540">
    <ele>491.8</ele>
   </trkpt>
   <trkpt lat="60.1228620" lon="10.4094950">
    <ele>492.2</ele>
   </trkpt>
   <trkpt lat="60.1227990" lon="10.4095590">
    <ele>492.8</ele>
   </trkpt>
   <trkpt lat="60.1227490" lon="10.4095950">
    <ele>493.2</ele>
   </trkpt>
   <trkpt lat="60.1226590" lon="10.4096590">
    <ele>493.9</ele>
   </trkpt>
   <trkpt lat="60.1226550" lon="10.4096700">
    <ele>493.9</ele>
   </trkpt>
   <trkpt lat="60.1226560" lon="10.4096660">
    <ele>493.9</ele>
   </trkpt>
   <trkpt lat="60.1225950" lon="10.4096760">
    <ele>494.3</ele>
   </trkpt>
   <trkpt lat="60.1224720" lon="10.4097300">
    <ele>494.8</ele>
   </trkpt>
   <trkpt lat="60.1224450" lon="10.4097390">
    <ele>494.9</ele>
   </trkpt>
   <trkpt lat="60.1223610" lon="10.4097640">
    <ele>495.0</ele>
   </trkpt>
   <trkpt lat="60.1223230" lon="10.4097430">
    <ele>495.1</ele>
   </trkpt>
   <trkpt lat="60.1222710" lon="10.4097360">
    <ele>495.2</ele>
   </trkpt>
   <trkpt lat="60.1222140" lon="10.4097270">
    <ele>495.5</ele>
   </trkpt>
   <trkpt lat="60.1221510" lon="10.4096970">
    <ele>495.9</ele>
   </trkpt>
   <trkpt lat="60.1221280" lon="10.4096980">
    <ele>496.1</ele>
   </trkpt>
   <trkpt lat="60.1221030" lon="10.4096960">
    <ele>496.3</ele>
   </trkpt>
   <trkpt lat="60.1220780" lon="10.4096820">
    <ele>496.6</ele>
   </trkpt>
   <trkpt lat="60.1220130" lon="10.4096810">
    <ele>497.4</ele>
   </trkpt>
   <trkpt lat="60.1220250" lon="10.4096810">
    <ele>497.5</ele>
   </trkpt>
   <trkpt lat="60.1220130" lon="10.4096790">
    <ele>497.7</ele>
   </trkpt>
   <trkpt lat="60.1219970" lon="10.4096880">
    <ele>497.9</ele>
   </trkpt>
   <trkpt lat="60.1219540" lon="10.4097550">
    <ele>498.5</ele>
   </trkpt>
   <trkpt lat="60.1218750" lon="10.4098740">
    <ele>499.7</ele>
   </trkpt>
   <trkpt lat="60.1218410" lon="10.4099500">
    <ele>500.1</ele>
   </trkpt>
   <trkpt lat="60.1218020" lon="10.4100680">
    <ele>500.8</ele>
   </trkpt>
   <trkpt lat="60.1217930" lon="10.4101510">
    <ele>501.1</ele>
   </trkpt>
   <trkpt lat="60.1217270" lon="10.4103120">
    <ele>502.1</ele>
   </trkpt>
   <trkpt lat="60.1217150" lon="10.4103450">
    <ele>502.2</ele>
   </trkpt>
   <trkpt lat="60.1216680" lon="10.4104450">
    <ele>502.8</ele>
   </trkpt>
   <trkpt lat="60.1216070" lon="10.4105960">
    <ele>503.5</ele>
   </trkpt>
   <trkpt lat="60.1215940" lon="10.4106290">
    <ele>503.7</ele>
   </trkpt>
   <trkpt lat="60.1214790" lon="10.4108340">
    <ele>504.8</ele>
   </trkpt>
   <trkpt lat="60.1214350" lon="10.4109180">
    <ele>505.2</ele>
   </trkpt>
   <trkpt lat="60.1213770" lon="10.4109850">
    <ele>505.7</ele>
   </trkpt>
   <trkpt lat="60.1213080" lon="10.4111340">
    <ele>506.6</ele>
   </trkpt>
   <trkpt lat="60.1212940" lon="10.4111630">
    <ele>506.7</ele>
   </trkpt>
   <trkpt lat="60.1212390" lon="10.4113040">
    <ele>507.6</ele>
   </trkpt>
   <trkpt lat="60.1212110" lon="10.4113790">
    <ele>508.1</ele>
   </trkpt>
   <trkpt lat="60.1211720" lon="10.4114880">
    <ele>508.7</ele>
   </trkpt>
   <trkpt lat="60.1211340" lon="10.4115620">
    <ele>509.3</ele>
   </trkpt>
   <trkpt lat="60.1211110" lon="10.4116140">
    <ele>509.7</ele>
   </trkpt>
   <trkpt lat="60.1211060" lon="10.4116260">
    <ele>509.8</ele>
   </trkpt>
   <trkpt lat="60.1210890" lon="10.4116400">
    <ele>509.9</ele>
   </trkpt>
   <trkpt lat="60.1210760" lon="10.4116300">
    <ele>510.0</ele>
   </trkpt>
   <trkpt lat="60.1210630" lon="10.4116270">
    <ele>510.4</ele>
   </trkpt>
   <trkpt lat="60.1210120" lon="10.4116500">
    <ele>511.9</ele>
   </trkpt>
   <trkpt lat="60.1209840" lon="10.4116710">
    <ele>512.8</ele>
   </trkpt>
   <trkpt lat="60.1209690" lon="10.4116780">
    <ele>513.3</ele>
   </trkpt>
   <trkpt lat="60.1209410" lon="10.4116620">
    <ele>514.2</ele>
   </trkpt>
   <trkpt lat="60.1209360" lon="10.4116550">
    <ele>514.4</ele>
   </trkpt>
   <trkpt lat="60.1209090" lon="10.4116440">
    <ele>515.3</ele>
   </trkpt>
   <trkpt lat="60.1208860" lon="10.4116570">
    <ele>516.0</ele>
   </trkpt>
   <trkpt lat="60.1208730" lon="10.4116700">
    <ele>516.5</ele>
   </trkpt>
   <trkpt lat="60.1208550" lon="10.4116730">
    <ele>517.1</ele>
   </trkpt>
   <trkpt lat="60.1208250" lon="10.4116630">
    <ele>518.1</ele>
   </trkpt>
   <trkpt lat="60.1207970" lon="10.4116650">
    <ele>519.0</ele>
   </trkpt>
   <trkpt lat="60.1206980" lon="10.4116590">
    <ele>521.9</ele>
   </trkpt>
   <trkpt lat="60.1206030" lon="10.4116650">
    <ele>524.4</ele>
   </trkpt>
   <trkpt lat="60.1205180" lon="10.4117560">
    <ele>526.7</ele>
   </trkpt>
   <trkpt lat="60.1204680" lon="10.4119080">
    <ele>528.1</ele>
   </trkpt>
   <trkpt lat="60.1204760" lon="10.4119390">
    <ele>528.4</ele>
   </trkpt>
   <trkpt lat="60.1204800" lon="10.4119720">
    <ele>528.6</ele>
   </trkpt>
   <trkpt lat="60.1204800" lon="10.4119800">
    <ele>528.6</ele>
   </trkpt>
   <trkpt lat="60.1204670" lon="10.4119990">
    <ele>528.8</ele>
   </trkpt>
   <trkpt lat="60.1204610" lon="10.4120130">
    <ele>528.9</ele>
   </trkpt>
   <trkpt lat="60.1204530" lon="10.4120160">
    <ele>529.0</ele>
   </trkpt>
   <trkpt lat="60.1204540" lon="10.4120100">
    <ele>529.0</ele>
   </trkpt>
   <trkpt lat="60.1204320" lon="10.4120600">
    <ele>529.3</ele>
   </trkpt>
   <trkpt lat="60.1204270" lon="10.4120770">
    <ele>529.4</ele>
   </trkpt>
   <trkpt lat="60.1204210" lon="10.4121610">
    <ele>529.8</ele>
   </trkpt>
   <trkpt lat="60.1204240" lon="10.4122090">
    <ele>530.1</ele>
   </trkpt>
   <trkpt lat="60.1204100" lon="10.4122430">
    <ele>530.3</ele>
   </trkpt>
   <trkpt lat="60.1203960" lon="10.4122820">
    <ele>530.5</ele>
   </trkpt>
   <trkpt lat="60.1203600" lon="10.4123730">
    <ele>531.2</ele>
   </trkpt>
   <trkpt lat="60.1203230" lon="10.4124530">
    <ele>531.9</ele>
   </trkpt>
   <trkpt lat="60.1203000" lon="10.4124950">
    <ele>532.4</ele>
   </trkpt>
   <trkpt lat="60.1202650" lon="10.4126390">
    <ele>533.7</ele>
   </trkpt>
   <trkpt lat="60.1202650" lon="10.4126390">
    <ele>533.7</ele>
   </trkpt>
   <trkpt lat="60.1202650" lon="10.4126390">
    <ele>533.7</ele>
   </trkpt>
   <trkpt lat="60.1202420" lon="10.4127160">
    <ele>534.5</ele>
   </trkpt>
   <trkpt lat="60.1202270" lon="10.4127430">
    <ele>534.8</ele>
   </trkpt>
   <trkpt lat="60.1202110" lon="10.4127690">
    <ele>535.1</ele>
   </trkpt>
   <trkpt lat="60.1201860" lon="10.4128200">
    <ele>535.5</ele>
   </trkpt>
   <trkpt lat="60.1201740" lon="10.4128470">
    <ele>535.7</ele>
   </trkpt>
   <trkpt lat="60.1201640" lon="10.4128710">
    <ele>535.8</ele>
   </trkpt>
   <trkpt lat="60.1201440" lon="10.4129210">
    <ele>536.0</ele>
   </trkpt>
   <trkpt lat="60.1201160" lon="10.4129540">
    <ele>536.2</ele>
   </trkpt>
   <trkpt lat="60.1200860" lon="10.4130020">
    <ele>536.4</ele>
   </trkpt>
   <trkpt lat="60.1200440" lon="10.4131400">
    <ele>536.6</ele>
   </trkpt>
   <trkpt lat="60.1199480" lon="10.4133890">
    <ele>536.6</ele>
   </trkpt>
   <trkpt lat="60.1198750" lon="10.4134750">
    <ele>536.5</ele>
   </trkpt>
   <trkpt lat="60.1198500" lon="10.4135060">
    <ele>536.5</ele>
   </trkpt>
   <trkpt lat="60.1197920" lon="10.4135670">
    <ele>536.5</ele>
   </trkpt>
   <trkpt lat="60.1196650" lon="10.4137850">
    <ele>536.0</ele>
   </trkpt>
   <trkpt lat="60.1196390" lon="10.4138210">
    <ele>535.8</ele>
   </trkpt>
   <trkpt lat="60.1195400" lon="10.4138880">
    <ele>534.9</ele>
   </trkpt>
   <trkpt lat="60.1195240" lon="10.4139120">
    <ele>534.9</ele>
   </trkpt>
   <trkpt lat="60.1195060" lon="10.4139620">
    <ele>534.9</ele>
   </trkpt>
   <trkpt lat="60.1194750" lon="10.4140420">
    <ele>534.9</ele>
   </trkpt>
   <trkpt lat="60.1194050" lon="10.4141800">
    <ele>535.1</ele>
   </trkpt>
   <trkpt lat="60.1193820" lon="10.4141990">
    <ele>535.2</ele>
   </trkpt>
   <trkpt lat="60.1193660" lon="10.4142200">
    <ele>535.4</ele>
   </trkpt>
   <trkpt lat="60.1192590" lon="10.4142900">
    <ele>536.4</ele>
   </trkpt>
   <trkpt lat="60.1191840" lon="10.4143200">
    <ele>537.1</ele>
   </trkpt>
   <trkpt lat="60.1191140" lon="10.4143650">
    <ele>537.8</ele>
   </trkpt>
   <trkpt lat="60.1189860" lon="10.4144360">
    <ele>538.6</ele>
   </trkpt>
   <trkpt lat="60.1189550" lon="10.4144530">
    <ele>538.8</ele>
   </trkpt>
   <trkpt lat="60.1189050" lon="10.4144760">
    <ele>539.0</ele>
   </trkpt>
   <trkpt lat="60.1187750" lon="10.4145300">
    <ele>539.6</ele>
   </trkpt>
   <trkpt lat="60.1186530" lon="10.4145780">
    <ele>540.4</ele>
   </trkpt>
   <trkpt lat="60.1186010" lon="10.4145830">
    <ele>540.8</ele>
   </trkpt>
   <trkpt lat="60.1185590" lon="10.4145900">
    <ele>541.1</ele>
   </trkpt>
   <trkpt lat="60.1185080" lon="10.4146180">
    <ele>541.4</ele>
   </trkpt>
   <trkpt lat="60.1185010" lon="10.4146080">
    <ele>541.5</ele>
   </trkpt>
   <trkpt lat="60.1184940" lon="10.4145970">
    <ele>541.6</ele>
   </trkpt>
   <trkpt lat="60.1184460" lon="10.4146080">
    <ele>541.9</ele>
   </trkpt>
   <trkpt lat="60.1184060" lon="10.4146540">
    <ele>542.3</ele>
   </trkpt>
   <trkpt lat="60.1183870" lon="10.4146850">
    <ele>542.5</ele>
   </trkpt>
   <trkpt lat="60.1183300" lon="10.4147260">
    <ele>543.0</ele>
   </trkpt>
   <trkpt lat="60.1182630" lon="10.4147390">
    <ele>543.5</ele>
   </trkpt>
   <trkpt lat="60.1182230" lon="10.4147060">
    <ele>543.7</ele>
   </trkpt>
   <trkpt lat="60.1181790" lon="10.4147250">
    <ele>543.9</ele>
   </trkpt>
   <trkpt lat="60.1181620" lon="10.4147490">
    <ele>544.0</ele>
   </trkpt>
   <trkpt lat="60.1181190" lon="10.4148010">
    <ele>544.2</ele>
   </trkpt>
   <trkpt lat="60.1180780" lon="10.4148680">
    <ele>544.2</ele>
   </trkpt>
   <trkpt lat="60.1180540" lon="10.4148990">
    <ele>544.2</ele>
   </trkpt>
   <trkpt lat="60.1180100" lon="10.4151030">
    <ele>544.0</ele>
   </trkpt>
   <trkpt lat="60.1179920" lon="10.4152790">
    <ele>543.8</ele>
   </trkpt>
   <trkpt lat="60.1179750" lon="10.4153210">
    <ele>543.8</ele>
   </trkpt>
   <trkpt lat="60.1179440" lon="10.4153640">
    <ele>543.9</ele>
   </trkpt>
   <trkpt lat="60.1179060" lon="10.4154070">
    <ele>543.9</ele>
   </trkpt>
   <trkpt lat="60.1178890" lon="10.4154130">
    <ele>544.0</ele>
   </trkpt>
   <trkpt lat="60.1178570" lon="10.4154290">
    <ele>544.1</ele>
   </trkpt>
   <trkpt lat="60.1177330" lon="10.4155130">
    <ele>544.4</ele>
   </trkpt>
   <trkpt lat="60.1177130" lon="10.4155370">
    <ele>544.4</ele>
   </trkpt>
   <trkpt lat="60.1176260" lon="10.4156780">
    <ele>544.2</ele>
   </trkpt>
   <trkpt lat="60.1176050" lon="10.4157090">
    <ele>544.1</ele>
   </trkpt>
   <trkpt lat="60.1174780" lon="10.4157840">
    <ele>543.2</ele>
   </trkpt>
   <trkpt lat="60.1174240" lon="10.4158620">
    <ele>542.5</ele>
   </trkpt>
   <trkpt lat="60.1173810" lon="10.4159150">
    <ele>541.7</ele>
   </trkpt>
   <trkpt lat="60.1173680" lon="10.4159280">
    <ele>541.5</ele>
   </trkpt>
   <trkpt lat="60.1173160" lon="10.4160140">
    <ele>540.2</ele>
   </trkpt>
   <trkpt lat="60.1173070" lon="10.4160430">
    <ele>539.9</ele>
   </trkpt>
   <trkpt lat="60.1172810" lon="10.4161220">
    <ele>539.0</ele>
   </trkpt>
   <trkpt lat="60.1172800" lon="10.4161610">
    <ele>538.6</ele>
   </trkpt>
   <trkpt lat="60.1172840" lon="10.4161760">
    <ele>538.4</ele>
   </trkpt>
   <trkpt lat="60.1172850" lon="10.4161860">
    <ele>538.4</ele>
   </trkpt>
   <trkpt lat="60.1172790" lon="10.4162490">
    <ele>537.8</ele>
   </trkpt>
   <trkpt lat="60.1172740" lon="10.4163130">
    <ele>537.3</ele>
   </trkpt>
   <trkpt lat="60.1172820" lon="10.4165310">
    <ele>536.6</ele>
   </trkpt>
   <trkpt lat="60.1172630" lon="10.4165500">
    <ele>536.6</ele>
   </trkpt>
   <trkpt lat="60.1171840" lon="10.4166540">
    <ele>537.1</ele>
   </trkpt>
   <trkpt lat="60.1170660" lon="10.4168330">
    <ele>538.1</ele>
   </trkpt>
   <trkpt lat="60.1170440" lon="10.4168950">
    <ele>538.5</ele>
   </trkpt>
   <trkpt lat="60.1170090" lon="10.4169510">
    <ele>539.0</ele>
   </trkpt>
   <trkpt lat="60.1169910" lon="10.4169620">
    <ele>539.3</ele>
   </trkpt>
   <trkpt lat="60.1169770" lon="10.4169820">
    <ele>539.6</ele>
   </trkpt>
   <trkpt lat="60.1169710" lon="10.4169930">
    <ele>539.7</ele>
   </trkpt>
   <trkpt lat="60.1169620" lon="10.4170120">
    <ele>539.9</ele>
   </trkpt>
   <trkpt lat="60.1169580" lon="10.4170220">
    <ele>540.0</ele>
   </trkpt>
   <trkpt lat="60.1169610" lon="10.4170350">
    <ele>540.2</ele>
   </trkpt>
   <trkpt lat="60.1169500" lon="10.4170880">
    <ele>540.6</ele>
   </trkpt>
   <trkpt lat="60.1169500" lon="10.4171200">
    <ele>540.9</ele>
   </trkpt>
   <trkpt lat="60.1169380" lon="10.4171260">
    <ele>541.1</ele>
   </trkpt>
   <trkpt lat="60.1169070" lon="10.4171560">
    <ele>541.6</ele>
   </trkpt>
   <trkpt lat="60.1168810" lon="10.4172020">
    <ele>542.0</ele>
   </trkpt>
   <trkpt lat="60.1168690" lon="10.4172260">
    <ele>542.2</ele>
   </trkpt>
   <trkpt lat="60.1167430" lon="10.4173440">
    <ele>543.4</ele>
   </trkpt>
   <trkpt lat="60.1167290" lon="10.4173730">
    <ele>543.5</ele>
   </trkpt>
   <trkpt lat="60.1166710" lon="10.4174860">
    <ele>544.4</ele>
   </trkpt>
   <trkpt lat="60.1166560" lon="10.4175120">
    <ele>544.7</ele>
   </trkpt>
   <trkpt lat="60.1166520" lon="10.4175360">
    <ele>544.8</ele>
   </trkpt>
   <trkpt lat="60.1166470" lon="10.4175690">
    <ele>545.1</ele>
   </trkpt>
   <trkpt lat="60.1166380" lon="10.4176250">
    <ele>545.5</ele>
   </trkpt>
   <trkpt lat="60.1166290" lon="10.4176600">
    <ele>545.9</ele>
   </trkpt>
   <trkpt lat="60.1166150" lon="10.4177210">
    <ele>546.5</ele>
   </trkpt>
   <trkpt lat="60.1166120" lon="10.4177290">
    <ele>546.6</ele>
   </trkpt>
   <trkpt lat="60.1166010" lon="10.4177540">
    <ele>547.0</ele>
   </trkpt>
   <trkpt lat="60.1165900" lon="10.4177790">
    <ele>547.3</ele>
   </trkpt>
   <trkpt lat="60.1165990" lon="10.4178660">
    <ele>548.4</ele>
   </trkpt>
   <trkpt lat="60.1166070" lon="10.4179170">
    <ele>549.0</ele>
   </trkpt>
   <trkpt lat="60.1165790" lon="10.4180030">
    <ele>550.2</ele>
   </trkpt>
   <trkpt lat="60.1165670" lon="10.4180440">
    <ele>550.7</ele>
   </trkpt>
   <trkpt lat="60.1165520" lon="10.4180540">
    <ele>551.1</ele>
   </trkpt>
   <trkpt lat="60.1165440" lon="10.4180620">
    <ele>551.3</ele>
   </trkpt>
   <trkpt lat="60.1165430" lon="10.4180810">
    <ele>551.5</ele>
   </trkpt>
   <trkpt lat="60.1165360" lon="10.4180890">
    <ele>551.7</ele>
   </trkpt>
   <trkpt lat="60.1165260" lon="10.4181000">
    <ele>551.9</ele>
   </trkpt>
   <trkpt lat="60.1165210" lon="10.4180910">
    <ele>552.0</ele>
   </trkpt>
   <trkpt lat="60.1165160" lon="10.4181050">
    <ele>552.2</ele>
   </trkpt>
   <trkpt lat="60.1165100" lon="10.4181170">
    <ele>552.3</ele>
   </trkpt>
   <trkpt lat="60.1164680" lon="10.4181480">
    <ele>553.1</ele>
   </trkpt>
   <trkpt lat="60.1163820" lon="10.4182200">
    <ele>554.3</ele>
   </trkpt>
   <trkpt lat="60.1163730" lon="10.4182440">
    <ele>554.5</ele>
   </trkpt>
   <trkpt lat="60.1163420" lon="10.4183050">
    <ele>554.8</ele>
   </trkpt>
   <trkpt lat="60.1162790" lon="10.4183830">
    <ele>555.3</ele>
   </trkpt>
   <trkpt lat="60.1162540" lon="10.4184220">
    <ele>555.6</ele>
   </trkpt>
   <trkpt lat="60.1162400" lon="10.4184350">
    <ele>555.7</ele>
   </trkpt>
   <trkpt lat="60.1162310" lon="10.4184420">
    <ele>555.8</ele>
   </trkpt>
   <trkpt lat="60.1162140" lon="10.4184900">
    <ele>556.1</ele>
   </trkpt>
   <trkpt lat="60.1162110" lon="10.4184990">
    <ele>556.2</ele>
   </trkpt>
   <trkpt lat="60.1162070" lon="10.4185080">
    <ele>556.3</ele>
   </trkpt>
   <trkpt lat="60.1161850" lon="10.4185690">
    <ele>556.9</ele>
   </trkpt>
   <trkpt lat="60.1161780" lon="10.4186080">
    <ele>557.2</ele>
   </trkpt>
   <trkpt lat="60.1161700" lon="10.4186570">
    <ele>557.8</ele>
   </trkpt>
   <trkpt lat="60.1161640" lon="10.4187990">
    <ele>559.4</ele>
   </trkpt>
   <trkpt lat="60.1161630" lon="10.4188640">
    <ele>560.2</ele>
   </trkpt>
   <trkpt lat="60.1161600" lon="10.4188980">
    <ele>560.6</ele>
   </trkpt>
   <trkpt lat="60.1161570" lon="10.4189290">
    <ele>560.9</ele>
   </trkpt>
   <trkpt lat="60.1161250" lon="10.4189520">
    <ele>561.7</ele>
   </trkpt>
   <trkpt lat="60.1160830" lon="10.4190150">
    <ele>562.8</ele>
   </trkpt>
   <trkpt lat="60.1160720" lon="10.4190360">
    <ele>563.1</ele>
   </trkpt>
   <trkpt lat="60.1160490" lon="10.4190610">
    <ele>563.6</ele>
   </trkpt>
   <trkpt lat="60.1160370" lon="10.4190780">
    <ele>563.9</ele>
   </trkpt>
   <trkpt lat="60.1160200" lon="10.4190750">
    <ele>564.2</ele>
   </trkpt>
   <trkpt lat="60.1159740" lon="10.4191340">
    <ele>564.9</ele>
   </trkpt>
   <trkpt lat="60.1159160" lon="10.4192360">
    <ele>565.6</ele>
   </trkpt>
   <trkpt lat="60.1158850" lon="10.4193610">
    <ele>565.9</ele>
   </trkpt>
   <trkpt lat="60.1158890" lon="10.4194060">
    <ele>566.0</ele>
   </trkpt>
   <trkpt lat="60.1158920" lon="10.4194830">
    <ele>566.2</ele>
   </trkpt>
   <trkpt lat="60.1158840" lon="10.4195200">
    <ele>566.4</ele>
   </trkpt>
   <trkpt lat="60.1158430" lon="10.4196430">
    <ele>566.9</ele>
   </trkpt>
   <trkpt lat="60.1158180" lon="10.4196890">
    <ele>567.1</ele>
   </trkpt>
   <trkpt lat="60.1157970" lon="10.4197360">
    <ele>567.4</ele>
   </trkpt>
   <trkpt lat="60.1157080" lon="10.4198250">
    <ele>568.1</ele>
   </trkpt>
   <trkpt lat="60.1156760" lon="10.4198750">
    <ele>568.4</ele>
   </trkpt>
   <trkpt lat="60.1156400" lon="10.4199350">
    <ele>568.6</ele>
   </trkpt>
   <trkpt lat="60.1156180" lon="10.4199550">
    <ele>568.7</ele>
   </trkpt>
   <trkpt lat="60.1155720" lon="10.4199780">
    <ele>568.9</ele>
   </trkpt>
   <trkpt lat="60.1155260" lon="10.4199940">
    <ele>569.1</ele>
   </trkpt>
   <trkpt lat="60.1154850" lon="10.4200180">
    <ele>569.3</ele>
   </trkpt>
   <trkpt lat="60.1154340" lon="10.4200860">
    <ele>569.7</ele>
   </trkpt>
   <trkpt lat="60.1154140" lon="10.4201030">
    <ele>569.8</ele>
   </trkpt>
   <trkpt lat="60.1153360" lon="10.4201450">
    <ele>570.2</ele>
   </trkpt>
   <trkpt lat="60.1153070" lon="10.4201690">
    <ele>570.4</ele>
   </trkpt>
   <trkpt lat="60.1152860" lon="10.4201780">
    <ele>570.5</ele>
   </trkpt>
   <trkpt lat="60.1152010" lon="10.4202530">
    <ele>571.2</ele>
   </trkpt>
   <trkpt lat="60.1151580" lon="10.4203030">
    <ele>571.6</ele>
   </trkpt>
   <trkpt lat="60.1151090" lon="10.4203880">
    <ele>572.4</ele>
   </trkpt>
   <trkpt lat="60.1151050" lon="10.4204110">
    <ele>572.5</ele>
   </trkpt>
   <trkpt lat="60.1150940" lon="10.4204610">
    <ele>572.8</ele>
   </trkpt>
   <trkpt lat="60.1150240" lon="10.4205750">
    <ele>573.6</ele>
   </trkpt>
   <trkpt lat="60.1149040" lon="10.4207170">
    <ele>573.2</ele>
   </trkpt>
   <trkpt lat="60.1148880" lon="10.4207750">
    <ele>572.8</ele>
   </trkpt>
   <trkpt lat="60.1148850" lon="10.4207870">
    <ele>572.7</ele>
   </trkpt>
   <trkpt lat="60.1148830" lon="10.4207780">
    <ele>572.6</ele>
   </trkpt>
   <trkpt lat="60.1148450" lon="10.4207400">
    <ele>571.9</ele>
   </trkpt>
   <trkpt lat="60.1148370" lon="10.4207270">
    <ele>571.7</ele>
   </trkpt>
   <trkpt lat="60.1148220" lon="10.4207250">
    <ele>571.5</ele>
   </trkpt>
   <trkpt lat="60.1147710" lon="10.4207820">
    <ele>570.6</ele>
   </trkpt>
   <trkpt lat="60.1145990" lon="10.4209690">
    <ele>569.9</ele>
   </trkpt>
   <trkpt lat="60.1145410" lon="10.4210840">
    <ele>571.0</ele>
   </trkpt>
   <trkpt lat="60.1145300" lon="10.4211200">
    <ele>571.3</ele>
   </trkpt>
   <trkpt lat="60.1145190" lon="10.4211550">
    <ele>571.7</ele>
   </trkpt>
   <trkpt lat="60.1145010" lon="10.4211810">
    <ele>572.2</ele>
   </trkpt>
   <trkpt lat="60.1144350" lon="10.4212230">
    <ele>573.8</ele>
   </trkpt>
   <trkpt lat="60.1144050" lon="10.4212210">
    <ele>574.5</ele>
   </trkpt>
   <trkpt lat="60.1143770" lon="10.4212030">
    <ele>575.3</ele>
   </trkpt>
   <trkpt lat="60.1143510" lon="10.4211980">
    <ele>575.9</ele>
   </trkpt>
   <trkpt lat="60.1143410" lon="10.4211940">
    <ele>576.2</ele>
   </trkpt>
   <trkpt lat="60.1143220" lon="10.4212410">
    <ele>577.0</ele>
   </trkpt>
   <trkpt lat="60.1143220" lon="10.4212590">
    <ele>577.2</ele>
   </trkpt>
   <trkpt lat="60.1142840" lon="10.4213260">
    <ele>578.4</ele>
   </trkpt>
   <trkpt lat="60.1142750" lon="10.4213390">
    <ele>578.7</ele>
   </trkpt>
   <trkpt lat="60.1142410" lon="10.4213710">
    <ele>579.5</ele>
   </trkpt>
   <trkpt lat="60.1142220" lon="10.4213990">
    <ele>579.9</ele>
   </trkpt>
   <trkpt lat="60.1141850" lon="10.4214550">
    <ele>580.7</ele>
   </trkpt>
   <trkpt lat="60.1141840" lon="10.4214760">
    <ele>580.9</ele>
   </trkpt>
   <trkpt lat="60.1141510" lon="10.4215820">
    <ele>581.9</ele>
   </trkpt>
   <trkpt lat="60.1141490" lon="10.4216040">
    <ele>582.0</ele>
   </trkpt>
   <trkpt lat="60.1141510" lon="10.4216320">
    <ele>582.2</ele>
   </trkpt>
   <trkpt lat="60.1141510" lon="10.4216420">
    <ele>582.3</ele>
   </trkpt>
   <trkpt lat="60.1141450" lon="10.4216550">
    <ele>582.4</ele>
   </trkpt>
   <trkpt lat="60.1141300" lon="10.4217060">
    <ele>582.9</ele>
   </trkpt>
   <trkpt lat="60.1141090" lon="10.4217460">
    <ele>583.3</ele>
   </trkpt>
   <trkpt lat="60.1141030" lon="10.4217570">
    <ele>583.4</ele>
   </trkpt>
   <trkpt lat="60.1140090" lon="10.4218890">
    <ele>585.0</ele>
   </trkpt>
   <trkpt lat="60.1139970" lon="10.4218990">
    <ele>585.2</ele>
   </trkpt>
   <trkpt lat="60.1139850" lon="10.4219130">
    <ele>585.4</ele>
   </trkpt>
   <trkpt lat="60.1139010" lon="10.4219950">
    <ele>586.7</ele>
   </trkpt>
   <trkpt lat="60.1138830" lon="10.4220090">
    <ele>586.9</ele>
   </trkpt>
   <trkpt lat="60.1138410" lon="10.4220340">
    <ele>587.4</ele>
   </trkpt>
   <trkpt lat="60.1137760" lon="10.4220750">
    <ele>588.0</ele>
   </trkpt>
   <trkpt lat="60.1137650" lon="10.4220800">
    <ele>588.0</ele>
   </trkpt>
   <trkpt lat="60.1137540" lon="10.4220940">
    <ele>588.1</ele>
   </trkpt>
   <trkpt lat="60.1137470" lon="10.4221000">
    <ele>588.2</ele>
   </trkpt>
   <trkpt lat="60.1137320" lon="10.4221100">
    <ele>588.3</ele>
   </trkpt>
   <trkpt lat="60.1137120" lon="10.4221210">
    <ele>588.5</ele>
   </trkpt>
   <trkpt lat="60.1136580" lon="10.4221930">
    <ele>588.9</ele>
   </trkpt>
   <trkpt lat="60.1136030" lon="10.4222520">
    <ele>589.2</ele>
   </trkpt>
   <trkpt lat="60.1134600" lon="10.4223320">
    <ele>589.3</ele>
   </trkpt>
   <trkpt lat="60.1133680" lon="10.4224640">
    <ele>588.9</ele>
   </trkpt>
   <trkpt lat="60.1132000" lon="10.4225910">
    <ele>587.4</ele>
   </trkpt>
   <trkpt lat="60.1131660" lon="10.4226020">
    <ele>586.9</ele>
   </trkpt>
   <trkpt lat="60.1131370" lon="10.4226160">
    <ele>586.5</ele>
   </trkpt>
   <trkpt lat="60.1131100" lon="10.4226430">
    <ele>586.1</ele>
   </trkpt>
   <trkpt lat="60.1130370" lon="10.4227300">
    <ele>584.7</ele>
   </trkpt>
   <trkpt lat="60.1129950" lon="10.4227690">
    <ele>584.0</ele>
   </trkpt>
   <trkpt lat="60.1129100" lon="10.4228720">
    <ele>582.6</ele>
   </trkpt>
   <trkpt lat="60.1128970" lon="10.4229290">
    <ele>582.2</ele>
   </trkpt>
   <trkpt lat="60.1128220" lon="10.4230410">
    <ele>581.1</ele>
   </trkpt>
   <trkpt lat="60.1128070" lon="10.4230800">
    <ele>580.9</ele>
   </trkpt>
   <trkpt lat="60.1127520" lon="10.4232050">
    <ele>579.9</ele>
   </trkpt>
   <trkpt lat="60.1127390" lon="10.4232260">
    <ele>579.6</ele>
   </trkpt>
   <trkpt lat="60.1127240" lon="10.4232330">
    <ele>579.4</ele>
   </trkpt>
   <trkpt lat="60.1126290" lon="10.4232470">
    <ele>578.1</ele>
   </trkpt>
   <trkpt lat="60.1126290" lon="10.4232470">
    <ele>578.1</ele>
   </trkpt>
   <trkpt lat="60.1126050" lon="10.4232510">
    <ele>577.8</ele>
   </trkpt>
   <trkpt lat="60.1125490" lon="10.4233120">
    <ele>576.9</ele>
   </trkpt>
   <trkpt lat="60.1125320" lon="10.4233490">
    <ele>576.3</ele>
   </trkpt>
   <trkpt lat="60.1123720" lon="10.4235420">
    <ele>574.8</ele>
   </trkpt>
   <trkpt lat="60.1123520" lon="10.4235570">
    <ele>574.7</ele>
   </trkpt>
   <trkpt lat="60.1122880" lon="10.4235800">
    <ele>574.5</ele>
   </trkpt>
   <trkpt lat="60.1122190" lon="10.4235860">
    <ele>574.4</ele>
   </trkpt>
   <trkpt lat="60.1121800" lon="10.4235420">
    <ele>574.3</ele>
   </trkpt>
   <trkpt lat="60.1121580" lon="10.4235270">
    <ele>574.3</ele>
   </trkpt>
   <trkpt lat="60.1121040" lon="10.4235120">
    <ele>574.2</ele>
   </trkpt>
   <trkpt lat="60.1119670" lon="10.4235370">
    <ele>573.9</ele>
   </trkpt>
   <trkpt lat="60.1118400" lon="10.4236030">
    <ele>573.8</ele>
   </trkpt>
   <trkpt lat="60.1117330" lon="10.4237280">
    <ele>573.8</ele>
   </trkpt>
   <trkpt lat="60.1116010" lon="10.4238630">
    <ele>574.2</ele>
   </trkpt>
   <trkpt lat="60.1114960" lon="10.4239210">
    <ele>574.3</ele>
   </trkpt>
   <trkpt lat="60.1114010" lon="10.4240110">
    <ele>573.9</ele>
   </trkpt>
   <trkpt lat="60.1113620" lon="10.4240370">
    <ele>573.6</ele>
   </trkpt>
   <trkpt lat="60.1112810" lon="10.4241180">
    <ele>572.8</ele>
   </trkpt>
   <trkpt lat="60.1112630" lon="10.4241560">
    <ele>572.6</ele>
   </trkpt>
   <trkpt lat="60.1112140" lon="10.4242490">
    <ele>572.1</ele>
   </trkpt>
   <trkpt lat="60.1112030" lon="10.4242640">
    <ele>572.1</ele>
   </trkpt>
   <trkpt lat="60.1111520" lon="10.4243000">
    <ele>571.9</ele>
   </trkpt>
   <trkpt lat="60.1111240" lon="10.4243270">
    <ele>572.0</ele>
   </trkpt>
   <trkpt lat="60.1111180" lon="10.4243380">
    <ele>572.0</ele>
   </trkpt>
   <trkpt lat="60.1110870" lon="10.4243990">
    <ele>572.1</ele>
   </trkpt>
   <trkpt lat="60.1109970" lon="10.4245460">
    <ele>573.0</ele>
   </trkpt>
   <trkpt lat="60.1109170" lon="10.4246060">
    <ele>573.5</ele>
   </trkpt>
   <trkpt lat="60.1108680" lon="10.4246190">
    <ele>573.7</ele>
   </trkpt>
   <trkpt lat="60.1107570" lon="10.4246900">
    <ele>573.8</ele>
   </trkpt>
   <trkpt lat="60.1107230" lon="10.4247310">
    <ele>573.8</ele>
   </trkpt>
   <trkpt lat="60.1106970" lon="10.4248010">
    <ele>573.7</ele>
   </trkpt>
   <trkpt lat="60.1106980" lon="10.4248230">
    <ele>573.7</ele>
   </trkpt>
   <trkpt lat="60.1106850" lon="10.4248480">
    <ele>573.6</ele>
   </trkpt>
   <trkpt lat="60.1106630" lon="10.4248720">
    <ele>573.6</ele>
   </trkpt>
   <trkpt lat="60.1106490" lon="10.4249190">
    <ele>573.5</ele>
   </trkpt>
   <trkpt lat="60.1106100" lon="10.4250130">
    <ele>573.6</ele>
   </trkpt>
   <trkpt lat="60.1105730" lon="10.4250360">
    <ele>573.7</ele>
   </trkpt>
   <trkpt lat="60.1105240" lon="10.4251190">
    <ele>574.0</ele>
   </trkpt>
   <trkpt lat="60.1104610" lon="10.4251680">
    <ele>574.5</ele>
   </trkpt>
   <trkpt lat="60.1103950" lon="10.4252060">
    <ele>575.3</ele>
   </trkpt>
   <trkpt lat="60.1103780" lon="10.4252220">
    <ele>575.5</ele>
   </trkpt>
   <trkpt lat="60.1103120" lon="10.4253200">
    <ele>576.8</ele>
   </trkpt>
   <trkpt lat="60.1103010" lon="10.4253380">
    <ele>577.0</ele>
   </trkpt>
   <trkpt lat="60.1102370" lon="10.4254670">
    <ele>578.4</ele>
   </trkpt>
   <trkpt lat="60.1102140" lon="10.4254640">
    <ele>578.7</ele>
   </trkpt>
   <trkpt lat="60.1101150" lon="10.4255400">
    <ele>579.6</ele>
   </trkpt>
   <trkpt lat="60.1100620" lon="10.4255880">
    <ele>580.0</ele>
   </trkpt>
   <trkpt lat="60.1100450" lon="10.4256250">
    <ele>580.1</ele>
   </trkpt>
   <trkpt lat="60.1099990" lon="10.4257170">
    <ele>580.6</ele>
   </trkpt>
   <trkpt lat="60.1099730" lon="10.4257580">
    <ele>580.9</ele>
   </trkpt>
   <trkpt lat="60.1099630" lon="10.4257880">
    <ele>581.0</ele>
   </trkpt>
   <trkpt lat="60.1099140" lon="10.4258000">
    <ele>581.6</ele>
   </trkpt>
   <trkpt lat="60.1098910" lon="10.4258010">
    <ele>581.9</ele>
   </trkpt>
   <trkpt lat="60.1098450" lon="10.4258110">
    <ele>582.5</ele>
   </trkpt>
   <trkpt lat="60.1097760" lon="10.4258610">
    <ele>583.4</ele>
   </trkpt>
   <trkpt lat="60.1097470" lon="10.4258950">
    <ele>583.8</ele>
   </trkpt>
   <trkpt lat="60.1096990" lon="10.4260080">
    <ele>584.9</ele>
   </trkpt>
   <trkpt lat="60.1096980" lon="10.4260450">
    <ele>585.2</ele>
   </trkpt>
   <trkpt lat="60.1096980" lon="10.4260880">
    <ele>585.5</ele>
   </trkpt>
   <trkpt lat="60.1096270" lon="10.4262640">
    <ele>587.2</ele>
   </trkpt>
   <trkpt lat="60.1095730" lon="10.4263060">
    <ele>587.9</ele>
   </trkpt>
   <trkpt lat="60.1095340" lon="10.4263370">
    <ele>588.3</ele>
   </trkpt>
   <trkpt lat="60.1094750" lon="10.4263610">
    <ele>588.7</ele>
   </trkpt>
   <trkpt lat="60.1094310" lon="10.4263790">
    <ele>588.8</ele>
   </trkpt>
   <trkpt lat="60.1093500" lon="10.4263940">
    <ele>588.8</ele>
   </trkpt>
   <trkpt lat="60.1092850" lon="10.4264140">
    <ele>588.7</ele>
   </trkpt>
   <trkpt lat="60.1092420" lon="10.4264210">
    <ele>588.7</ele>
   </trkpt>
   <trkpt lat="60.1092220" lon="10.4264320">
    <ele>588.8</ele>
   </trkpt>
   <trkpt lat="60.1090950" lon="10.4264590">
    <ele>589.1</ele>
   </trkpt>
   <trkpt lat="60.1090090" lon="10.4265180">
    <ele>589.2</ele>
   </trkpt>
   <trkpt lat="60.1089720" lon="10.4265630">
    <ele>589.3</ele>
   </trkpt>
   <trkpt lat="60.1089150" lon="10.4265600">
    <ele>589.3</ele>
   </trkpt>
   <trkpt lat="60.1088990" lon="10.4265450">
    <ele>589.3</ele>
   </trkpt>
   <trkpt lat="60.1088820" lon="10.4265150">
    <ele>589.3</ele>
   </trkpt>
   <trkpt lat="60.1088310" lon="10.4264580">
    <ele>589.3</ele>
   </trkpt>
   <trkpt lat="60.1087390" lon="10.4264040">
    <ele>589.2</ele>
   </trkpt>
   <trkpt lat="60.1086500" lon="10.4265130">
    <ele>589.1</ele>
   </trkpt>
   <trkpt lat="60.1085950" lon="10.4265750">
    <ele>589.1</ele>
   </trkpt>
   <trkpt lat="60.1085360" lon="10.4265590">
    <ele>589.1</ele>
   </trkpt>
   <trkpt lat="60.1084390" lon="10.4265220">
    <ele>589.0</ele>
   </trkpt>
   <trkpt lat="60.1084070" lon="10.4265350">
    <ele>589.1</ele>
   </trkpt>
   <trkpt lat="60.1083320" lon="10.4266320">
    <ele>589.2</ele>
   </trkpt>
   <trkpt lat="60.1082470" lon="10.4267120">
    <ele>589.6</ele>
   </trkpt>
   <trkpt lat="60.1082240" lon="10.4267330">
    <ele>589.7</ele>
   </trkpt>
   <trkpt lat="60.1081710" lon="10.4267680">
    <ele>589.9</ele>
   </trkpt>
   <trkpt lat="60.1081130" lon="10.4268820">
    <ele>590.1</ele>
   </trkpt>
   <trkpt lat="60.1081320" lon="10.4271480">
    <ele>590.4</ele>
   </trkpt>
   <trkpt lat="60.1081390" lon="10.4275080">
    <ele>591.3</ele>
   </trkpt>
   <trkpt lat="60.1080630" lon="10.4276020">
    <ele>591.9</ele>
   </trkpt>
   <trkpt lat="60.1079810" lon="10.4276560">
    <ele>592.5</ele>
   </trkpt>
   <trkpt lat="60.1079670" lon="10.4276670">
    <ele>592.6</ele>
   </trkpt>
   <trkpt lat="60.1079010" lon="10.4276890">
    <ele>593.1</ele>
   </trkpt>
   <trkpt lat="60.1078780" lon="10.4277000">
    <ele>593.3</ele>
   </trkpt>
   <trkpt lat="60.1077520" lon="10.4277640">
    <ele>594.2</ele>
   </trkpt>
   <trkpt lat="60.1076560" lon="10.4279190">
    <ele>595.0</ele>
   </trkpt>
   <trkpt lat="60.1075620" lon="10.4280990">
    <ele>596.4</ele>
   </trkpt>
   <trkpt lat="60.1075710" lon="10.4280910">
    <ele>596.5</ele>
   </trkpt>
   <trkpt lat="60.1075690" lon="10.4280970">
    <ele>596.6</ele>
   </trkpt>
   <trkpt lat="60.1075570" lon="10.4280940">
    <ele>596.8</ele>
   </trkpt>
   <trkpt lat="60.1075820" lon="10.4281540">
    <ele>597.3</ele>
   </trkpt>
   <trkpt lat="60.1075780" lon="10.4281670">
    <ele>597.4</ele>
   </trkpt>
   <trkpt lat="60.1075520" lon="10.4282020">
    <ele>597.9</ele>
   </trkpt>
   <trkpt lat="60.1075040" lon="10.4282640">
    <ele>598.7</ele>
   </trkpt>
   <trkpt lat="60.1074880" lon="10.4283080">
    <ele>599.1</ele>
   </trkpt>
   <trkpt lat="60.1074080" lon="10.4283810">
    <ele>600.1</ele>
   </trkpt>
   <trkpt lat="60.1072910" lon="10.4284440">
    <ele>600.9</ele>
   </trkpt>
   <trkpt lat="60.1072210" lon="10.4284520">
    <ele>601.1</ele>
   </trkpt>
   <trkpt lat="60.1072030" lon="10.4284570">
    <ele>601.1</ele>
   </trkpt>
   <trkpt lat="60.1071840" lon="10.4284720">
    <ele>601.2</ele>
   </trkpt>
   <trkpt lat="60.1071390" lon="10.4285150">
    <ele>601.2</ele>
   </trkpt>
   <trkpt lat="60.1070590" lon="10.4286720">
    <ele>601.0</ele>
   </trkpt>
   <trkpt lat="60.1070470" lon="10.4287000">
    <ele>600.9</ele>
   </trkpt>
   <trkpt lat="60.1070230" lon="10.4287530">
    <ele>600.7</ele>
   </trkpt>
   <trkpt lat="60.1069430" lon="10.4288420">
    <ele>600.3</ele>
   </trkpt>
   <trkpt lat="60.1068180" lon="10.4289210">
    <ele>599.8</ele>
   </trkpt>
   <trkpt lat="60.1067190" lon="10.4290170">
    <ele>599.4</ele>
   </trkpt>
   <trkpt lat="60.1066230" lon="10.4290340">
    <ele>599.2</ele>
   </trkpt>
   <trkpt lat="60.1065990" lon="10.4290410">
    <ele>599.2</ele>
   </trkpt>
   <trkpt lat="60.1065780" lon="10.4290620">
    <ele>599.2</ele>
   </trkpt>
   <trkpt lat="60.1064930" lon="10.4292580">
    <ele>599.1</ele>
   </trkpt>
   <trkpt lat="60.1064130" lon="10.4295410">
    <ele>599.0</ele>
   </trkpt>
   <trkpt lat="60.1063690" lon="10.4297870">
    <ele>598.8</ele>
   </trkpt>
   <trkpt lat="60.1063460" lon="10.4299550">
    <ele>598.8</ele>
   </trkpt>
   <trkpt lat="60.1063230" lon="10.4300200">
    <ele>598.7</ele>
   </trkpt>
   <trkpt lat="60.1062410" lon="10.4301640">
    <ele>598.6</ele>
   </trkpt>
   <trkpt lat="60.1062320" lon="10.4302080">
    <ele>598.6</ele>
   </trkpt>
   <trkpt lat="60.1061950" lon="10.4303520">
    <ele>598.7</ele>
   </trkpt>
   <trkpt lat="60.1061740" lon="10.4304540">
    <ele>598.8</ele>
   </trkpt>
   <trkpt lat="60.1061650" lon="10.4305630">
    <ele>598.8</ele>
   </trkpt>
   <trkpt lat="60.1061550" lon="10.4306460">
    <ele>598.8</ele>
   </trkpt>
   <trkpt lat="60.1060830" lon="10.4308240">
    <ele>598.6</ele>
   </trkpt>
   <trkpt lat="60.1059790" lon="10.4310840">
    <ele>597.9</ele>
   </trkpt>
   <trkpt lat="60.1059210" lon="10.4313010">
    <ele>596.9</ele>
   </trkpt>
   <trkpt lat="60.1058530" lon="10.4315130">
    <ele>595.8</ele>
   </trkpt>
   <trkpt lat="60.1057560" lon="10.4316610">
    <ele>594.7</ele>
   </trkpt>
   <trkpt lat="60.1056600" lon="10.4317940">
    <ele>593.4</ele>
   </trkpt>
   <trkpt lat="60.1055650" lon="10.4319080">
    <ele>592.0</ele>
   </trkpt>
   <trkpt lat="60.1055100" lon="10.4321360">
    <ele>591.1</ele>
   </trkpt>
   <trkpt lat="60.1054880" lon="10.4322500">
    <ele>590.8</ele>
   </trkpt>
   <trkpt lat="60.1054750" lon="10.4323700">
    <ele>590.4</ele>
   </trkpt>
   <trkpt lat="60.1054700" lon="10.4325280">
    <ele>590.1</ele>
   </trkpt>
   <trkpt lat="60.1054980" lon="10.4326610">
    <ele>589.8</ele>
   </trkpt>
   <trkpt lat="60.1055150" lon="10.4326830">
    <ele>589.8</ele>
   </trkpt>
   <trkpt lat="60.1055280" lon="10.4327250">
    <ele>589.7</ele>
   </trkpt>
   <trkpt lat="60.1055330" lon="10.4327970">
    <ele>589.7</ele>
   </trkpt>
   <trkpt lat="60.1055320" lon="10.4329590">
    <ele>589.6</ele>
   </trkpt>
   <trkpt lat="60.1055390" lon="10.4331290">
    <ele>589.4</ele>
   </trkpt>
   <trkpt lat="60.1055440" lon="10.4332400">
    <ele>589.3</ele>
   </trkpt>
   <trkpt lat="60.1055230" lon="10.4333370">
    <ele>589.3</ele>
   </trkpt>
   <trkpt lat="60.1054830" lon="10.4336160">
    <ele>589.2</ele>
   </trkpt>
   <trkpt lat="60.1054040" lon="10.4339160">
    <ele>589.1</ele>
   </trkpt>
   <trkpt lat="60.1053960" lon="10.4339600">
    <ele>589.1</ele>
   </trkpt>
   <trkpt lat="60.1053360" lon="10.4342410">
    <ele>589.1</ele>
   </trkpt>
   <trkpt lat="60.1053220" lon="10.4342790">
    <ele>589.1</ele>
   </trkpt>
   <trkpt lat="60.1053040" lon="10.4343100">
    <ele>589.0</ele>
   </trkpt>
   <trkpt lat="60.1052120" lon="10.4344040">
    <ele>588.6</ele>
   </trkpt>
   <trkpt lat="60.1051410" lon="10.4345200">
    <ele>588.2</ele>
   </trkpt>
   <trkpt lat="60.1050740" lon="10.4347420">
    <ele>587.4</ele>
   </trkpt>
   <trkpt lat="60.1050590" lon="10.4347980">
    <ele>587.2</ele>
   </trkpt>
   <trkpt lat="60.1050130" lon="10.4349200">
    <ele>586.8</ele>
   </trkpt>
   <trkpt lat="60.1049120" lon="10.4351210">
    <ele>586.4</ele>
   </trkpt>
   <trkpt lat="60.1049040" lon="10.4351560">
    <ele>586.3</ele>
   </trkpt>
   <trkpt lat="60.1048960" lon="10.4352890">
    <ele>586.2</ele>
   </trkpt>
   <trkpt lat="60.1048190" lon="10.4354830">
    <ele>586.0</ele>
   </trkpt>
   <trkpt lat="60.1047040" lon="10.4357100">
    <ele>585.6</ele>
   </trkpt>
   <trkpt lat="60.1046870" lon="10.4357470">
    <ele>585.5</ele>
   </trkpt>
   <trkpt lat="60.1046460" lon="10.4359390">
    <ele>585.1</ele>
   </trkpt>
   <trkpt lat="60.1045250" lon="10.4360200">
    <ele>584.7</ele>
   </trkpt>
   <trkpt lat="60.1043920" lon="10.4361770">
    <ele>584.0</ele>
   </trkpt>
   <trkpt lat="60.1043840" lon="10.4362080">
    <ele>583.8</ele>
   </trkpt>
   <trkpt lat="60.1043800" lon="10.4362420">
    <ele>583.7</ele>
   </trkpt>
   <trkpt lat="60.1043480" lon="10.4363980">
    <ele>582.9</ele>
   </trkpt>
   <trkpt lat="60.1042400" lon="10.4365640">
    <ele>581.3</ele>
   </trkpt>
   <trkpt lat="60.1042040" lon="10.4366360">
    <ele>580.6</ele>
   </trkpt>
   <trkpt lat="60.1041760" lon="10.4367010">
    <ele>579.9</ele>
   </trkpt>
   <trkpt lat="60.1041700" lon="10.4367570">
    <ele>579.5</ele>
   </trkpt>
   <trkpt lat="60.1041330" lon="10.4369010">
    <ele>578.3</ele>
   </trkpt>
   <trkpt lat="60.1041170" lon="10.4369850">
    <ele>577.6</ele>
   </trkpt>
   <trkpt lat="60.1040890" lon="10.4370470">
    <ele>576.9</ele>
   </trkpt>
   <trkpt lat="60.1040600" lon="10.4370790">
    <ele>576.3</ele>
   </trkpt>
   <trkpt lat="60.1040210" lon="10.4371330">
    <ele>575.5</ele>
   </trkpt>
   <trkpt lat="60.1039880" lon="10.4371700">
    <ele>574.9</ele>
   </trkpt>
   <trkpt lat="60.1039560" lon="10.4372070">
    <ele>574.2</ele>
   </trkpt>
   <trkpt lat="60.1039130" lon="10.4373670">
    <ele>572.6</ele>
   </trkpt>
   <trkpt lat="60.1039040" lon="10.4373970">
    <ele>572.3</ele>
   </trkpt>
   <trkpt lat="60.1038110" lon="10.4375030">
    <ele>570.4</ele>
   </trkpt>
   <trkpt lat="60.1038050" lon="10.4375380">
    <ele>570.1</ele>
   </trkpt>
   <trkpt lat="60.1037890" lon="10.4375610">
    <ele>569.8</ele>
   </trkpt>
   <trkpt lat="60.1037790" lon="10.4375700">
    <ele>569.6</ele>
   </trkpt>
   <trkpt lat="60.1037600" lon="10.4375700">
    <ele>569.4</ele>
   </trkpt>
   <trkpt lat="60.1037540" lon="10.4375660">
    <ele>569.3</ele>
   </trkpt>
   <trkpt lat="60.1037630" lon="10.4375530">
    <ele>569.1</ele>
   </trkpt>
   <trkpt lat="60.1037670" lon="10.4375520">
    <ele>569.1</ele>
   </trkpt>
   <trkpt lat="60.1037610" lon="10.4375830">
    <ele>568.8</ele>
   </trkpt>
   <trkpt lat="60.1037050" lon="10.4376620">
    <ele>567.9</ele>
   </trkpt>
   <trkpt lat="60.1036940" lon="10.4377010">
    <ele>567.7</ele>
   </trkpt>
   <trkpt lat="60.1036670" lon="10.4377750">
    <ele>567.2</ele>
   </trkpt>
   <trkpt lat="60.1036160" lon="10.4378780">
    <ele>566.4</ele>
   </trkpt>
   <trkpt lat="60.1035960" lon="10.4379000">
    <ele>566.2</ele>
   </trkpt>
   <trkpt lat="60.1035750" lon="10.4379240">
    <ele>566.0</ele>
   </trkpt>
   <trkpt lat="60.1034630" lon="10.4380040">
    <ele>564.8</ele>
   </trkpt>
   <trkpt lat="60.1034140" lon="10.4380460">
    <ele>564.2</ele>
   </trkpt>
   <trkpt lat="60.1033900" lon="10.4380690">
    <ele>563.9</ele>
   </trkpt>
   <trkpt lat="60.1033310" lon="10.4381520">
    <ele>563.0</ele>
   </trkpt>
   <trkpt lat="60.1033100" lon="10.4381810">
    <ele>562.7</ele>
   </trkpt>
   <trkpt lat="60.1032630" lon="10.4382220">
    <ele>562.2</ele>
   </trkpt>
   <trkpt lat="60.1031940" lon="10.4382870">
    <ele>561.3</ele>
   </trkpt>
   <trkpt lat="60.1031620" lon="10.4383130">
    <ele>560.8</ele>
   </trkpt>
   <trkpt lat="60.1031450" lon="10.4383260">
    <ele>560.5</ele>
   </trkpt>
   <trkpt lat="60.1030740" lon="10.4383790">
    <ele>559.4</ele>
   </trkpt>
   <trkpt lat="60.1030290" lon="10.4383720">
    <ele>558.7</ele>
   </trkpt>
   <trkpt lat="60.1029660" lon="10.4383920">
    <ele>557.9</ele>
   </trkpt>
   <trkpt lat="60.1029510" lon="10.4384090">
    <ele>557.7</ele>
   </trkpt>
   <trkpt lat="60.1028960" lon="10.4384240">
    <ele>557.1</ele>
   </trkpt>
   <trkpt lat="60.1028520" lon="10.4384550">
    <ele>556.6</ele>
   </trkpt>
   <trkpt lat="60.1028030" lon="10.4384920">
    <ele>556.1</ele>
   </trkpt>
   <trkpt lat="60.1027870" lon="10.4385280">
    <ele>555.9</ele>
   </trkpt>
   <trkpt lat="60.1027750" lon="10.4385580">
    <ele>555.7</ele>
   </trkpt>
   <trkpt lat="60.1027550" lon="10.4385860">
    <ele>555.4</ele>
   </trkpt>
   <trkpt lat="60.1027420" lon="10.4385870">
    <ele>555.2</ele>
   </trkpt>
   <trkpt lat="60.1026820" lon="10.4386940">
    <ele>554.2</ele>
   </trkpt>
   <trkpt lat="60.1026410" lon="10.4387340">
    <ele>553.6</ele>
   </trkpt>
   <trkpt lat="60.1025750" lon="10.4388320">
    <ele>552.5</ele>
   </trkpt>
   <trkpt lat="60.1025640" lon="10.4388470">
    <ele>552.4</ele>
   </trkpt>
   <trkpt lat="60.1025490" lon="10.4388780">
    <ele>552.2</ele>
   </trkpt>
   <trkpt lat="60.1024760" lon="10.4389310">
    <ele>551.5</ele>
   </trkpt>
   <trkpt lat="60.1024520" lon="10.4389650">
    <ele>551.2</ele>
   </trkpt>
   <trkpt lat="60.1024040" lon="10.4390270">
    <ele>550.7</ele>
   </trkpt>
   <trkpt lat="60.1023840" lon="10.4390840">
    <ele>550.4</ele>
   </trkpt>
   <trkpt lat="60.1023780" lon="10.4391450">
    <ele>547.8</ele>
   </trkpt>
   <trkpt lat="60.1023480" lon="10.4392190">
    <ele>547.2</ele>
   </trkpt>
   <trkpt lat="60.1023250" lon="10.4392630">
    <ele>546.9</ele>
   </trkpt>
   <trkpt lat="60.1022670" lon="10.4394660">
    <ele>546.0</ele>
   </trkpt>
   <trkpt lat="60.1022690" lon="10.4395140">
    <ele>545.9</ele>
   </trkpt>
   <trkpt lat="60.1022780" lon="10.4395810">
    <ele>545.6</ele>
   </trkpt>
   <trkpt lat="60.1023080" lon="10.4396600">
    <ele>545.3</ele>
   </trkpt>
   <trkpt lat="60.1023220" lon="10.4397010">
    <ele>545.1</ele>
   </trkpt>
   <trkpt lat="60.1023790" lon="10.4398220">
    <ele>544.8</ele>
   </trkpt>
   <trkpt lat="60.1024040" lon="10.4398510">
    <ele>544.8</ele>
   </trkpt>
   <trkpt lat="60.1024750" lon="10.4399680">
    <ele>544.6</ele>
   </trkpt>
   <trkpt lat="60.1024800" lon="10.4400000">
    <ele>544.6</ele>
   </trkpt>
   <trkpt lat="60.1025170" lon="10.4401410">
    <ele>544.5</ele>
   </trkpt>
   <trkpt lat="60.1025200" lon="10.4401790">
    <ele>544.5</ele>
   </trkpt>
   <trkpt lat="60.1025120" lon="10.4402420">
    <ele>544.4</ele>
   </trkpt>
   <trkpt lat="60.1025190" lon="10.4402990">
    <ele>544.4</ele>
   </trkpt>
   <trkpt lat="60.1025200" lon="10.4403360">
    <ele>544.4</ele>
   </trkpt>
   <trkpt lat="60.1025110" lon="10.4404590">
    <ele>544.3</ele>
   </trkpt>
   <trkpt lat="60.1025210" lon="10.4404950">
    <ele>544.3</ele>
   </trkpt>
   <trkpt lat="60.1025210" lon="10.4405810">
    <ele>544.3</ele>
   </trkpt>
   <trkpt lat="60.1025130" lon="10.4406620">
    <ele>544.2</ele>
   </trkpt>
   <trkpt lat="60.1025030" lon="10.4407490">
    <ele>544.1</ele>
   </trkpt>
   <trkpt lat="60.1025750" lon="10.4409230">
    <ele>543.8</ele>
   </trkpt>
   <trkpt lat="60.1025970" lon="10.4410070">
    <ele>543.6</ele>
   </trkpt>
   <trkpt lat="60.1025880" lon="10.4410890">
    <ele>543.5</ele>
   </trkpt>
   <trkpt lat="60.1025650" lon="10.4411610">
    <ele>543.4</ele>
   </trkpt>
   <trkpt lat="60.1025300" lon="10.4412130">
    <ele>543.3</ele>
   </trkpt>
   <trkpt lat="60.1024520" lon="10.4413430">
    <ele>543.5</ele>
   </trkpt>
   <trkpt lat="60.1024440" lon="10.4413680">
    <ele>543.5</ele>
   </trkpt>
   <trkpt lat="60.1024330" lon="10.4414290">
    <ele>543.6</ele>
   </trkpt>
   <trkpt lat="60.1024060" lon="10.4415010">
    <ele>543.7</ele>
   </trkpt>
   <trkpt lat="60.1023540" lon="10.4417290">
    <ele>543.9</ele>
   </trkpt>
   <trkpt lat="60.1023550" lon="10.4417790">
    <ele>543.9</ele>
   </trkpt>
   <trkpt lat="60.1023740" lon="10.4419170">
    <ele>544.1</ele>
   </trkpt>
   <trkpt lat="60.1023870" lon="10.4420470">
    <ele>544.4</ele>
   </trkpt>
   <trkpt lat="60.1023810" lon="10.4422200">
    <ele>544.9</ele>
   </trkpt>
   <trkpt lat="60.1023720" lon="10.4422580">
    <ele>545.0</ele>
   </trkpt>
   <trkpt lat="60.1023520" lon="10.4423660">
    <ele>545.5</ele>
   </trkpt>
   <trkpt lat="60.1023400" lon="10.4424590">
    <ele>545.9</ele>
   </trkpt>
   <trkpt lat="60.1023270" lon="10.4425110">
    <ele>546.2</ele>
   </trkpt>
   <trkpt lat="60.1022870" lon="10.4426080">
    <ele>546.7</ele>
   </trkpt>
   <trkpt lat="60.1022180" lon="10.4426680">
    <ele>547.4</ele>
   </trkpt>
   <trkpt lat="60.1021900" lon="10.4427080">
    <ele>547.6</ele>
   </trkpt>
   <trkpt lat="60.1021840" lon="10.4427380">
    <ele>547.7</ele>
   </trkpt>
   <trkpt lat="60.1021270" lon="10.4428510">
    <ele>548.2</ele>
   </trkpt>
   <trkpt lat="60.1020970" lon="10.4429180">
    <ele>548.4</ele>
   </trkpt>
   <trkpt lat="60.1020430" lon="10.4430470">
    <ele>548.9</ele>
   </trkpt>
   <trkpt lat="60.1020200" lon="10.4430950">
    <ele>549.1</ele>
   </trkpt>
   <trkpt lat="60.1019530" lon="10.4432200">
    <ele>549.6</ele>
   </trkpt>
   <trkpt lat="60.1019460" lon="10.4432400">
    <ele>549.7</ele>
   </trkpt>
   <trkpt lat="60.1019390" lon="10.4432890">
    <ele>549.9</ele>
   </trkpt>
   <trkpt lat="60.1018770" lon="10.4434250">
    <ele>550.5</ele>
   </trkpt>
   <trkpt lat="60.1018160" lon="10.4435270">
    <ele>551.1</ele>
   </trkpt>
   <trkpt lat="60.1017810" lon="10.4435580">
    <ele>551.3</ele>
   </trkpt>
   <trkpt lat="60.1017340" lon="10.4435990">
    <ele>551.6</ele>
   </trkpt>
   <trkpt lat="60.1017120" lon="10.4436200">
    <ele>551.6</ele>
   </trkpt>
   <trkpt lat="60.1016300" lon="10.4436760">
    <ele>551.8</ele>
   </trkpt>
   <trkpt lat="60.1015240" lon="10.4437430">
    <ele>551.9</ele>
   </trkpt>
   <trkpt lat="60.1014140" lon="10.4437220">
    <ele>551.7</ele>
   </trkpt>
   <trkpt lat="60.1013330" lon="10.4437030">
    <ele>551.5</ele>
   </trkpt>
   <trkpt lat="60.1013190" lon="10.4437090">
    <ele>551.5</ele>
   </trkpt>
   <trkpt lat="60.1013030" lon="10.4437250">
    <ele>551.4</ele>
   </trkpt>
   <trkpt lat="60.1012580" lon="10.4437950">
    <ele>551.3</ele>
   </trkpt>
   <trkpt lat="60.1012340" lon="10.4438640">
    <ele>551.3</ele>
   </trkpt>
   <trkpt lat="60.1011560" lon="10.4440820">
    <ele>551.2</ele>
   </trkpt>
   <trkpt lat="60.1011420" lon="10.4442560">
    <ele>551.2</ele>
   </trkpt>
   <trkpt lat="60.1011230" lon="10.4443390">
    <ele>551.2</ele>
   </trkpt>
   <trkpt lat="60.1010980" lon="10.4444600">
    <ele>551.1</ele>
   </trkpt>
   <trkpt lat="60.1010700" lon="10.4445570">
    <ele>551.0</ele>
   </trkpt>
   <trkpt lat="60.1010690" lon="10.4445840">
    <ele>550.9</ele>
   </trkpt>
   <trkpt lat="60.1010670" lon="10.4448100">
    <ele>550.5</ele>
   </trkpt>
   <trkpt lat="60.1010570" lon="10.4449550">
    <ele>550.0</ele>
   </trkpt>
   <trkpt lat="60.1010490" lon="10.4449910">
    <ele>549.9</ele>
   </trkpt>
   <trkpt lat="60.1010260" lon="10.4452030">
    <ele>549.2</ele>
   </trkpt>
   <trkpt lat="60.1010210" lon="10.4453030">
    <ele>549.0</ele>
   </trkpt>
   <trkpt lat="60.1010050" lon="10.4454210">
    <ele>549.0</ele>
   </trkpt>
   <trkpt lat="60.1009770" lon="10.4455230">
    <ele>549.3</ele>
   </trkpt>
   <trkpt lat="60.1009620" lon="10.4457110">
    <ele>550.0</ele>
   </trkpt>
   <trkpt lat="60.1009160" lon="10.4458610">
    <ele>550.9</ele>
   </trkpt>
   <trkpt lat="60.1008940" lon="10.4460240">
    <ele>551.7</ele>
   </trkpt>
   <trkpt lat="60.1009230" lon="10.4462110">
    <ele>552.1</ele>
   </trkpt>
   <trkpt lat="60.1009200" lon="10.4462840">
    <ele>552.2</ele>
   </trkpt>
   <trkpt lat="60.1009190" lon="10.4463140">
    <ele>552.1</ele>
   </trkpt>
   <trkpt lat="60.1009020" lon="10.4463670">
    <ele>552.0</ele>
   </trkpt>
   <trkpt lat="60.1008840" lon="10.4464160">
    <ele>551.8</ele>
   </trkpt>
   <trkpt lat="60.1008230" lon="10.4466590">
    <ele>550.8</ele>
   </trkpt>
   <trkpt lat="60.1007920" lon="10.4467340">
    <ele>550.5</ele>
   </trkpt>
   <trkpt lat="60.1007280" lon="10.4468700">
    <ele>550.1</ele>
   </trkpt>
   <trkpt lat="60.1007060" lon="10.4469780">
    <ele>549.7</ele>
   </trkpt>
   <trkpt lat="60.1007580" lon="10.4470650">
    <ele>549.4</ele>
   </trkpt>
   <trkpt lat="60.1007840" lon="10.4471800">
    <ele>549.1</ele>
   </trkpt>
   <trkpt lat="60.1007780" lon="10.4473050">
    <ele>549.0</ele>
   </trkpt>
   <trkpt lat="60.1007850" lon="10.4473260">
    <ele>549.0</ele>
   </trkpt>
   <trkpt lat="60.1007610" lon="10.4474510">
    <ele>549.1</ele>
   </trkpt>
   <trkpt lat="60.1007360" lon="10.4474880">
    <ele>549.2</ele>
   </trkpt>
   <trkpt lat="60.1006300" lon="10.4476510">
    <ele>549.6</ele>
   </trkpt>
   <trkpt lat="60.1006150" lon="10.4476680">
    <ele>549.6</ele>
   </trkpt>
   <trkpt lat="60.1004650" lon="10.4477820">
    <ele>549.2</ele>
   </trkpt>
   <trkpt lat="60.1004370" lon="10.4478120">
    <ele>549.1</ele>
   </trkpt>
   <trkpt lat="60.1003620" lon="10.4479590">
    <ele>548.5</ele>
   </trkpt>
   <trkpt lat="60.1003220" lon="10.4480480">
    <ele>548.1</ele>
   </trkpt>
   <trkpt lat="60.1002750" lon="10.4481860">
    <ele>547.8</ele>
   </trkpt>
   <trkpt lat="60.1002600" lon="10.4483100">
    <ele>547.8</ele>
   </trkpt>
   <trkpt lat="60.1002550" lon="10.4483440">
    <ele>547.8</ele>
   </trkpt>
   <trkpt lat="60.1001520" lon="10.4484750">
    <ele>548.3</ele>
   </trkpt>
   <trkpt lat="60.1000660" lon="10.4485990">
    <ele>548.6</ele>
   </trkpt>
   <trkpt lat="60.1000080" lon="10.4487490">
    <ele>549.4</ele>
   </trkpt>
   <trkpt lat="60.1000040" lon="10.4487820">
    <ele>549.6</ele>
   </trkpt>
   <trkpt lat="60.0999950" lon="10.4488980">
    <ele>550.0</ele>
   </trkpt>
   <trkpt lat="60.0999620" lon="10.4489910">
    <ele>550.3</ele>
   </trkpt>
   <trkpt lat="60.0999170" lon="10.4491110">
    <ele>550.7</ele>
   </trkpt>
   <trkpt lat="60.0997980" lon="10.4492590">
    <ele>551.7</ele>
   </trkpt>
   <trkpt lat="60.0997990" lon="10.4492940">
    <ele>551.8</ele>
   </trkpt>
   <trkpt lat="60.0997720" lon="10.4494400">
    <ele>552.4</ele>
   </trkpt>
   <trkpt lat="60.0997570" lon="10.4494930">
    <ele>552.6</ele>
   </trkpt>
   <trkpt lat="60.0997570" lon="10.4495380">
    <ele>552.8</ele>
   </trkpt>
   <trkpt lat="60.0997130" lon="10.4496650">
    <ele>553.1</ele>
   </trkpt>
   <trkpt lat="60.0997510" lon="10.4497210">
    <ele>553.2</ele>
   </trkpt>
   <trkpt lat="60.0997440" lon="10.4497570">
    <ele>553.2</ele>
   </trkpt>
   <trkpt lat="60.0996800" lon="10.4498930">
    <ele>553.4</ele>
   </trkpt>
   <trkpt lat="60.0996310" lon="10.4499980">
    <ele>553.1</ele>
   </trkpt>
   <trkpt lat="60.0996180" lon="10.4500580">
    <ele>553.0</ele>
   </trkpt>
   <trkpt lat="60.0996090" lon="10.4500780">
    <ele>552.9</ele>
   </trkpt>
   <trkpt lat="60.0995550" lon="10.4502380">
    <ele>552.1</ele>
   </trkpt>
   <trkpt lat="60.0995560" lon="10.4503780">
    <ele>551.6</ele>
   </trkpt>
   <trkpt lat="60.0995370" lon="10.4504460">
    <ele>551.4</ele>
   </trkpt>
   <trkpt lat="60.0995360" lon="10.4504950">
    <ele>551.2</ele>
   </trkpt>
   <trkpt lat="60.0994570" lon="10.4506330">
    <ele>550.8</ele>
   </trkpt>
   <trkpt lat="60.0993710" lon="10.4507910">
    <ele>550.6</ele>
   </trkpt>
   <trkpt lat="60.0993140" lon="10.4508960">
    <ele>550.5</ele>
   </trkpt>
   <trkpt lat="60.0992000" lon="10.4509770">
    <ele>550.1</ele>
   </trkpt>
   <trkpt lat="60.0991130" lon="10.4511150">
    <ele>549.9</ele>
   </trkpt>
   <trkpt lat="60.0991130" lon="10.4511610">
    <ele>549.8</ele>
   </trkpt>
   <trkpt lat="60.0990790" lon="10.4512690">
    <ele>549.6</ele>
   </trkpt>
   <trkpt lat="60.0990550" lon="10.4515200">
    <ele>548.1</ele>
   </trkpt>
   <trkpt lat="60.0990600" lon="10.4517010">
    <ele>546.7</ele>
   </trkpt>
   <trkpt lat="60.0989980" lon="10.4519580">
    <ele>544.9</ele>
   </trkpt>
   <trkpt lat="60.0989810" lon="10.4520080">
    <ele>544.5</ele>
   </trkpt>
   <trkpt lat="60.0988960" lon="10.4521940">
    <ele>543.1</ele>
   </trkpt>
   <trkpt lat="60.0987930" lon="10.4523640">
    <ele>541.8</ele>
   </trkpt>
   <trkpt lat="60.0987770" lon="10.4523840">
    <ele>541.6</ele>
   </trkpt>
   <trkpt lat="60.0987700" lon="10.4524040">
    <ele>541.6</ele>
   </trkpt>
   <trkpt lat="60.0986970" lon="10.4524780">
    <ele>541.1</ele>
   </trkpt>
   <trkpt lat="60.0985920" lon="10.4526190">
    <ele>540.4</ele>
   </trkpt>
   <trkpt lat="60.0985510" lon="10.4526470">
    <ele>540.0</ele>
   </trkpt>
   <trkpt lat="60.0985320" lon="10.4526550">
    <ele>539.7</ele>
   </trkpt>
   <trkpt lat="60.0985230" lon="10.4526640">
    <ele>539.6</ele>
   </trkpt>
   <trkpt lat="60.0985040" lon="10.4526950">
    <ele>539.2</ele>
   </trkpt>
   <trkpt lat="60.0984880" lon="10.4527510">
    <ele>538.7</ele>
   </trkpt>
   <trkpt lat="60.0984640" lon="10.4528320">
    <ele>537.9</ele>
   </trkpt>
   <trkpt lat="60.0984930" lon="10.4529490">
    <ele>536.7</ele>
   </trkpt>
   <trkpt lat="60.0984980" lon="10.4529800">
    <ele>536.4</ele>
   </trkpt>
   <trkpt lat="60.0985020" lon="10.4530680">
    <ele>535.6</ele>
   </trkpt>
   <trkpt lat="60.0984980" lon="10.4530880">
    <ele>535.3</ele>
   </trkpt>
   <trkpt lat="60.0984710" lon="10.4531010">
    <ele>534.8</ele>
   </trkpt>
   <trkpt lat="60.0984130" lon="10.4531740">
    <ele>533.2</ele>
   </trkpt>
   <trkpt lat="60.0983890" lon="10.4532110">
    <ele>532.4</ele>
   </trkpt>
   <trkpt lat="60.0982900" lon="10.4534010">
    <ele>529.6</ele>
   </trkpt>
   <trkpt lat="60.0981430" lon="10.4536500">
    <ele>528.4</ele>
   </trkpt>
   <trkpt lat="60.0981430" lon="10.4536990">
    <ele>528.4</ele>
   </trkpt>
   <trkpt lat="60.0981180" lon="10.4537940">
    <ele>528.5</ele>
   </trkpt>
   <trkpt lat="60.0980660" lon="10.4538750">
    <ele>528.6</ele>
   </trkpt>
   <trkpt lat="60.0979420" lon="10.4541720">
    <ele>528.5</ele>
   </trkpt>
   <trkpt lat="60.0978920" lon="10.4542030">
    <ele>528.3</ele>
   </trkpt>
   <trkpt lat="60.0978010" lon="10.4542920">
    <ele>527.6</ele>
   </trkpt>
   <trkpt lat="60.0977800" lon="10.4543230">
    <ele>527.3</ele>
   </trkpt>
   <trkpt lat="60.0976810" lon="10.4544520">
    <ele>525.9</ele>
   </trkpt>
   <trkpt lat="60.0975620" lon="10.4546930">
    <ele>524.7</ele>
   </trkpt>
   <trkpt lat="60.0975410" lon="10.4547340">
    <ele>524.5</ele>
   </trkpt>
   <trkpt lat="60.0975240" lon="10.4547770">
    <ele>524.4</ele>
   </trkpt>
   <trkpt lat="60.0974860" lon="10.4549220">
    <ele>523.9</ele>
   </trkpt>
   <trkpt lat="60.0973980" lon="10.4550880">
    <ele>522.9</ele>
   </trkpt>
   <trkpt lat="60.0973800" lon="10.4551180">
    <ele>522.7</ele>
   </trkpt>
   <trkpt lat="60.0972970" lon="10.4552620">
    <ele>521.7</ele>
   </trkpt>
   <trkpt lat="60.0972840" lon="10.4553020">
    <ele>521.5</ele>
   </trkpt>
   <trkpt lat="60.0972100" lon="10.4555200">
    <ele>520.1</ele>
   </trkpt>
   <trkpt lat="60.0971460" lon="10.4555920">
    <ele>519.4</ele>
   </trkpt>
   <trkpt lat="60.0970920" lon="10.4557340">
    <ele>518.8</ele>
   </trkpt>
   <trkpt lat="60.0970140" lon="10.4558380">
    <ele>518.3</ele>
   </trkpt>
   <trkpt lat="60.0969700" lon="10.4559280">
    <ele>518.1</ele>
   </trkpt>
   <trkpt lat="60.0969330" lon="10.4560020">
    <ele>518.0</ele>
   </trkpt>
   <trkpt lat="60.0968500" lon="10.4561660">
    <ele>517.6</ele>
   </trkpt>
   <trkpt lat="60.0968350" lon="10.4562140">
    <ele>517.5</ele>
   </trkpt>
   <trkpt lat="60.0968070" lon="10.4562370">
    <ele>517.4</ele>
   </trkpt>
   <trkpt lat="60.0967860" lon="10.4562690">
    <ele>517.2</ele>
   </trkpt>
   <trkpt lat="60.0967650" lon="10.4563130">
    <ele>517.1</ele>
   </trkpt>
   <trkpt lat="60.0967340" lon="10.4563490">
    <ele>516.9</ele>
   </trkpt>
   <trkpt lat="60.0967090" lon="10.4563880">
    <ele>516.7</ele>
   </trkpt>
   <trkpt lat="60.0966930" lon="10.4564370">
    <ele>516.6</ele>
   </trkpt>
   <trkpt lat="60.0966610" lon="10.4565030">
    <ele>516.4</ele>
   </trkpt>
   <trkpt lat="60.0966140" lon="10.4565740">
    <ele>516.2</ele>
   </trkpt>
   <trkpt lat="60.0965700" lon="10.4566850">
    <ele>516.0</ele>
   </trkpt>
   <trkpt lat="60.0965370" lon="10.4567680">
    <ele>515.9</ele>
   </trkpt>
   <trkpt lat="60.0964980" lon="10.4568850">
    <ele>515.4</ele>
   </trkpt>
   <trkpt lat="60.0964610" lon="10.4569820">
    <ele>515.1</ele>
   </trkpt>
   <trkpt lat="60.0964500" lon="10.4570180">
    <ele>514.9</ele>
   </trkpt>
   <trkpt lat="60.0964120" lon="10.4571130">
    <ele>514.6</ele>
   </trkpt>
   <trkpt lat="60.0963700" lon="10.4572140">
    <ele>514.3</ele>
   </trkpt>
   <trkpt lat="60.0963040" lon="10.4574060">
    <ele>513.6</ele>
   </trkpt>
   <trkpt lat="60.0962920" lon="10.4574200">
    <ele>513.5</ele>
   </trkpt>
   <trkpt lat="60.0960970" lon="10.4575410">
    <ele>513.1</ele>
   </trkpt>
   <trkpt lat="60.0960670" lon="10.4576080">
    <ele>513.3</ele>
   </trkpt>
   <trkpt lat="60.0960670" lon="10.4576080">
    <ele>513.3</ele>
   </trkpt>
   <trkpt lat="60.0960520" lon="10.4577010">
    <ele>513.5</ele>
   </trkpt>
   <trkpt lat="60.0960430" lon="10.4577470">
    <ele>513.7</ele>
   </trkpt>
   <trkpt lat="60.0960200" lon="10.4578210">
    <ele>513.8</ele>
   </trkpt>
   <trkpt lat="60.0959080" lon="10.4581120">
    <ele>513.1</ele>
   </trkpt>
   <trkpt lat="60.0958720" lon="10.4581770">
    <ele>512.7</ele>
   </trkpt>
   <trkpt lat="60.0957950" lon="10.4584340">
    <ele>512.0</ele>
   </trkpt>
   <trkpt lat="60.0957130" lon="10.4586150">
    <ele>512.0</ele>
   </trkpt>
   <trkpt lat="60.0955550" lon="10.4588330">
    <ele>512.6</ele>
   </trkpt>
   <trkpt lat="60.0954040" lon="10.4589610">
    <ele>513.1</ele>
   </trkpt>
   <trkpt lat="60.0953800" lon="10.4589870">
    <ele>513.2</ele>
   </trkpt>
   <trkpt lat="60.0952850" lon="10.4590850">
    <ele>513.7</ele>
   </trkpt>
   <trkpt lat="60.0951650" lon="10.4591240">
    <ele>514.5</ele>
   </trkpt>
   <trkpt lat="60.0950610" lon="10.4591650">
    <ele>515.2</ele>
   </trkpt>
   <trkpt lat="60.0949370" lon="10.4593050">
    <ele>516.0</ele>
   </trkpt>
   <trkpt lat="60.0948500" lon="10.4594180">
    <ele>516.7</ele>
   </trkpt>
   <trkpt lat="60.0948340" lon="10.4594490">
    <ele>516.8</ele>
   </trkpt>
   <trkpt lat="60.0947500" lon="10.4595940">
    <ele>517.7</ele>
   </trkpt>
   <trkpt lat="60.0947300" lon="10.4596220">
    <ele>517.9</ele>
   </trkpt>
   <trkpt lat="60.0945930" lon="10.4597610">
    <ele>519.1</ele>
   </trkpt>
   <trkpt lat="60.0944990" lon="10.4598310">
    <ele>519.6</ele>
   </trkpt>
   <trkpt lat="60.0944790" lon="10.4598800">
    <ele>519.8</ele>
   </trkpt>
   <trkpt lat="60.0944290" lon="10.4599960">
    <ele>520.1</ele>
   </trkpt>
   <trkpt lat="60.0943950" lon="10.4600260">
    <ele>520.2</ele>
   </trkpt>
   <trkpt lat="60.0943470" lon="10.4601030">
    <ele>520.4</ele>
   </trkpt>
   <trkpt lat="60.0943290" lon="10.4601090">
    <ele>520.3</ele>
   </trkpt>
   <trkpt lat="60.0943110" lon="10.4601130">
    <ele>520.3</ele>
   </trkpt>
   <trkpt lat="60.0942870" lon="10.4601150">
    <ele>520.2</ele>
   </trkpt>
   <trkpt lat="60.0942450" lon="10.4601560">
    <ele>519.9</ele>
   </trkpt>
   <trkpt lat="60.0941830" lon="10.4602490">
    <ele>518.9</ele>
   </trkpt>
   <trkpt lat="60.0940420" lon="10.4604130">
    <ele>515.9</ele>
   </trkpt>
   <trkpt lat="60.0939960" lon="10.4605380">
    <ele>514.5</ele>
   </trkpt>
   <trkpt lat="60.0939690" lon="10.4606190">
    <ele>513.5</ele>
   </trkpt>
   <trkpt lat="60.0939560" lon="10.4606670">
    <ele>513.0</ele>
   </trkpt>
   <trkpt lat="60.0939480" lon="10.4607130">
    <ele>512.6</ele>
   </trkpt>
   <trkpt lat="60.0939170" lon="10.4610260">
    <ele>510.7</ele>
   </trkpt>
   <trkpt lat="60.0938730" lon="10.4611840">
    <ele>510.8</ele>
   </trkpt>
   <trkpt lat="60.0937880" lon="10.4613680">
    <ele>511.7</ele>
   </trkpt>
   <trkpt lat="60.0937810" lon="10.4614200">
    <ele>511.9</ele>
   </trkpt>
   <trkpt lat="60.0937280" lon="10.4615720">
    <ele>512.5</ele>
   </trkpt>
   <trkpt lat="60.0936250" lon="10.4617230">
    <ele>512.7</ele>
   </trkpt>
   <trkpt lat="60.0936100" lon="10.4617500">
    <ele>512.7</ele>
   </trkpt>
   <trkpt lat="60.0936000" lon="10.4617820">
    <ele>512.8</ele>
   </trkpt>
   <trkpt lat="60.0935580" lon="10.4619160">
    <ele>512.7</ele>
   </trkpt>
   <trkpt lat="60.0935480" lon="10.4619390">
    <ele>512.7</ele>
   </trkpt>
   <trkpt lat="60.0934580" lon="10.4620680">
    <ele>512.6</ele>
   </trkpt>
   <trkpt lat="60.0933790" lon="10.4621510">
    <ele>512.1</ele>
   </trkpt>
   <trkpt lat="60.0933270" lon="10.4621610">
    <ele>511.7</ele>
   </trkpt>
   <trkpt lat="60.0931430" lon="10.4622160">
    <ele>509.5</ele>
   </trkpt>
   <trkpt lat="60.0929680" lon="10.4623870">
    <ele>507.0</ele>
   </trkpt>
   <trkpt lat="60.0929350" lon="10.4624310">
    <ele>506.5</ele>
   </trkpt>
   <trkpt lat="60.0928510" lon="10.4626830">
    <ele>505.0</ele>
   </trkpt>
   <trkpt lat="60.0928400" lon="10.4627380">
    <ele>504.9</ele>
   </trkpt>
   <trkpt lat="60.0927720" lon="10.4630660">
    <ele>504.5</ele>
   </trkpt>
   <trkpt lat="60.0926830" lon="10.4633190">
    <ele>504.3</ele>
   </trkpt>
   <trkpt lat="60.0926460" lon="10.4634090">
    <ele>504.3</ele>
   </trkpt>
   <trkpt lat="60.0925580" lon="10.4636580">
    <ele>504.8</ele>
   </trkpt>
   <trkpt lat="60.0925230" lon="10.4637530">
    <ele>505.1</ele>
   </trkpt>
   <trkpt lat="60.0925000" lon="10.4638220">
    <ele>505.3</ele>
   </trkpt>
   <trkpt lat="60.0924610" lon="10.4639310">
    <ele>505.7</ele>
   </trkpt>
   <trkpt lat="60.0924100" lon="10.4640450">
    <ele>506.2</ele>
   </trkpt>
   <trkpt lat="60.0923450" lon="10.4642790">
    <ele>507.1</ele>
   </trkpt>
   <trkpt lat="60.0922870" lon="10.4645420">
    <ele>508.2</ele>
   </trkpt>
   <trkpt lat="60.0922750" lon="10.4645700">
    <ele>508.4</ele>
   </trkpt>
   <trkpt lat="60.0922410" lon="10.4648200">
    <ele>509.6</ele>
   </trkpt>
   <trkpt lat="60.0922980" lon="10.4651360">
    <ele>511.3</ele>
   </trkpt>
   <trkpt lat="60.0923110" lon="10.4652230">
    <ele>511.8</ele>
   </trkpt>
   <trkpt lat="60.0923540" lon="10.4653550">
    <ele>512.8</ele>
   </trkpt>
   <trkpt lat="60.0924260" lon="10.4654790">
    <ele>513.8</ele>
   </trkpt>
   <trkpt lat="60.0924540" lon="10.4655480">
    <ele>514.2</ele>
   </trkpt>
   <trkpt lat="60.0925250" lon="10.4658110">
    <ele>515.3</ele>
   </trkpt>
   <trkpt lat="60.0925520" lon="10.4659750">
    <ele>515.8</ele>
   </trkpt>
   <trkpt lat="60.0925610" lon="10.4660580">
    <ele>516.1</ele>
   </trkpt>
   <trkpt lat="60.0925460" lon="10.4663350">
    <ele>516.6</ele>
   </trkpt>
   <trkpt lat="60.0925230" lon="10.4665270">
    <ele>517.3</ele>
   </trkpt>
   <trkpt lat="60.0925040" lon="10.4666600">
    <ele>517.7</ele>
   </trkpt>
   <trkpt lat="60.0924760" lon="10.4668390">
    <ele>518.0</ele>
   </trkpt>
   <trkpt lat="60.0924660" lon="10.4668770">
    <ele>518.1</ele>
   </trkpt>
   <trkpt lat="60.0924630" lon="10.4669130">
    <ele>518.2</ele>
   </trkpt>
   <trkpt lat="60.0924510" lon="10.4670850">
    <ele>518.4</ele>
   </trkpt>
   <trkpt lat="60.0924600" lon="10.4673890">
    <ele>518.8</ele>
   </trkpt>
   <trkpt lat="60.0924840" lon="10.4674340">
    <ele>518.9</ele>
   </trkpt>
   <trkpt lat="60.0925860" lon="10.4675280">
    <ele>519.1</ele>
   </trkpt>
   <trkpt lat="60.0927630" lon="10.4676500">
    <ele>519.7</ele>
   </trkpt>
   <trkpt lat="60.0929230" lon="10.4678390">
    <ele>520.1</ele>
   </trkpt>
   <trkpt lat="60.0930000" lon="10.4679820">
    <ele>521.2</ele>
   </trkpt>
   <trkpt lat="60.0930620" lon="10.4681130">
    <ele>522.2</ele>
   </trkpt>
   <trkpt lat="60.0931010" lon="10.4681740">
    <ele>522.7</ele>
   </trkpt>
   <trkpt lat="60.0931580" lon="10.4684050">
    <ele>523.9</ele>
   </trkpt>
   <trkpt lat="60.0932300" lon="10.4685700">
    <ele>524.6</ele>
   </trkpt>
   <trkpt lat="60.0933610" lon="10.4686790">
    <ele>525.7</ele>
   </trkpt>
   <trkpt lat="60.0934520" lon="10.4687340">
    <ele>526.6</ele>
   </trkpt>
   <trkpt lat="60.0935930" lon="10.4688430">
    <ele>528.0</ele>
   </trkpt>
   <trkpt lat="60.0936930" lon="10.4689020">
    <ele>528.8</ele>
   </trkpt>
   <trkpt lat="60.0937240" lon="10.4689390">
    <ele>529.2</ele>
   </trkpt>
   <trkpt lat="60.0937930" lon="10.4690220">
    <ele>529.8</ele>
   </trkpt>
   <trkpt lat="60.0938600" lon="10.4691700">
    <ele>530.6</ele>
   </trkpt>
   <trkpt lat="60.0938650" lon="10.4692050">
    <ele>530.7</ele>
   </trkpt>
   <trkpt lat="60.0939330" lon="10.4692690">
    <ele>531.3</ele>
   </trkpt>
   <trkpt lat="60.0939600" lon="10.4692880">
    <ele>531.5</ele>
   </trkpt>
   <trkpt lat="60.0940930" lon="10.4693490">
    <ele>532.3</ele>
   </trkpt>
   <trkpt lat="60.0942030" lon="10.4694760">
    <ele>532.9</ele>
   </trkpt>
   <trkpt lat="60.0943230" lon="10.4695900">
    <ele>533.5</ele>
   </trkpt>
   <trkpt lat="60.0944120" lon="10.4696410">
    <ele>533.8</ele>
   </trkpt>
   <trkpt lat="60.0944220" lon="10.4697010">
    <ele>533.9</ele>
   </trkpt>
   <trkpt lat="60.0945640" lon="10.4699460">
    <ele>534.4</ele>
   </trkpt>
   <trkpt lat="60.0946140" lon="10.4700910">
    <ele>534.5</ele>
   </trkpt>
   <trkpt lat="60.0946310" lon="10.4701340">
    <ele>534.6</ele>
   </trkpt>
   <trkpt lat="60.0946970" lon="10.4702190">
    <ele>534.7</ele>
   </trkpt>
   <trkpt lat="60.0947370" lon="10.4703890">
    <ele>534.8</ele>
   </trkpt>
   <trkpt lat="60.0948120" lon="10.4707620">
    <ele>534.4</ele>
   </trkpt>
   <trkpt lat="60.0947680" lon="10.4709060">
    <ele>534.0</ele>
   </trkpt>
   <trkpt lat="60.0947000" lon="10.4710960">
    <ele>533.2</ele>
   </trkpt>
   <trkpt lat="60.0946130" lon="10.4713500">
    <ele>531.9</ele>
   </trkpt>
   <trkpt lat="60.0945750" lon="10.4714460">
    <ele>531.4</ele>
   </trkpt>
   <trkpt lat="60.0945560" lon="10.4714900">
    <ele>531.1</ele>
   </trkpt>
   <trkpt lat="60.0945020" lon="10.4716150">
    <ele>530.4</ele>
   </trkpt>
   <trkpt lat="60.0944970" lon="10.4716540">
    <ele>530.2</ele>
   </trkpt>
   <trkpt lat="60.0944330" lon="10.4717910">
    <ele>529.4</ele>
   </trkpt>
   <trkpt lat="60.0943870" lon="10.4720520">
    <ele>528.4</ele>
   </trkpt>
   <trkpt lat="60.0943050" lon="10.4723840">
    <ele>527.7</ele>
   </trkpt>
   <trkpt lat="60.0943080" lon="10.4725960">
    <ele>527.6</ele>
   </trkpt>
   <trkpt lat="60.0942840" lon="10.4728310">
    <ele>527.7</ele>
   </trkpt>
   <trkpt lat="60.0942910" lon="10.4730890">
    <ele>528.1</ele>
   </trkpt>
   <trkpt lat="60.0942340" lon="10.4734220">
    <ele>529.1</ele>
   </trkpt>
   <trkpt lat="60.0941790" lon="10.4737090">
    <ele>530.1</ele>
   </trkpt>
   <trkpt lat="60.0941760" lon="10.4739700">
    <ele>530.9</ele>
   </trkpt>
   <trkpt lat="60.0942260" lon="10.4741520">
    <ele>531.7</ele>
   </trkpt>
   <trkpt lat="60.0942460" lon="10.4741870">
    <ele>531.9</ele>
   </trkpt>
   <trkpt lat="60.0942870" lon="10.4744250">
    <ele>532.8</ele>
   </trkpt>
   <trkpt lat="60.0942360" lon="10.4747440">
    <ele>534.0</ele>
   </trkpt>
   <trkpt lat="60.0941470" lon="10.4750010">
    <ele>535.1</ele>
   </trkpt>
   <trkpt lat="60.0940190" lon="10.4752490">
    <ele>536.3</ele>
   </trkpt>
   <trkpt lat="60.0939900" lon="10.4752960">
    <ele>536.6</ele>
   </trkpt>
   <trkpt lat="60.0939720" lon="10.4753400">
    <ele>536.7</ele>
   </trkpt>
   <trkpt lat="60.0938930" lon="10.4755230">
    <ele>537.5</ele>
   </trkpt>
   <trkpt lat="60.0938060" lon="10.4758080">
    <ele>538.6</ele>
   </trkpt>
   <trkpt lat="60.0937820" lon="10.4758490">
    <ele>538.8</ele>
   </trkpt>
   <trkpt lat="60.0937540" lon="10.4759360">
    <ele>539.2</ele>
   </trkpt>
   <trkpt lat="60.0937440" lon="10.4760130">
    <ele>539.5</ele>
   </trkpt>
   <trkpt lat="60.0938060" lon="10.4762060">
    <ele>540.4</ele>
   </trkpt>
   <trkpt lat="60.0938680" lon="10.4764030">
    <ele>541.4</ele>
   </trkpt>
   <trkpt lat="60.0939290" lon="10.4765570">
    <ele>542.1</ele>
   </trkpt>
   <trkpt lat="60.0939360" lon="10.4766710">
    <ele>542.5</ele>
   </trkpt>
   <trkpt lat="60.0939140" lon="10.4769520">
    <ele>543.4</ele>
   </trkpt>
   <trkpt lat="60.0937650" lon="10.4772520">
    <ele>544.4</ele>
   </trkpt>
   <trkpt lat="60.0936160" lon="10.4775220">
    <ele>544.9</ele>
   </trkpt>
   <trkpt lat="60.0935800" lon="10.4775740">
    <ele>544.9</ele>
   </trkpt>
   <trkpt lat="60.0935620" lon="10.4776250">
    <ele>545.0</ele>
   </trkpt>
   <trkpt lat="60.0934150" lon="10.4778830">
    <ele>545.1</ele>
   </trkpt>
   <trkpt lat="60.0934120" lon="10.4779070">
    <ele>545.1</ele>
   </trkpt>
   <trkpt lat="60.0933520" lon="10.4780010">
    <ele>545.1</ele>
   </trkpt>
   <trkpt lat="60.0932260" lon="10.4781780">
    <ele>545.4</ele>
   </trkpt>
   <trkpt lat="60.0931300" lon="10.4783370">
    <ele>545.8</ele>
   </trkpt>
   <trkpt lat="60.0930390" lon="10.4785250">
    <ele>546.3</ele>
   </trkpt>
   <trkpt lat="60.0930150" lon="10.4786130">
    <ele>546.6</ele>
   </trkpt>
   <trkpt lat="60.0928970" lon="10.4788330">
    <ele>547.3</ele>
   </trkpt>
   <trkpt lat="60.0928760" lon="10.4788750">
    <ele>547.5</ele>
   </trkpt>
   <trkpt lat="60.0927910" lon="10.4790940">
    <ele>548.4</ele>
   </trkpt>
   <trkpt lat="60.0927660" lon="10.4791880">
    <ele>548.8</ele>
   </trkpt>
   <trkpt lat="60.0927570" lon="10.4794040">
    <ele>549.6</ele>
   </trkpt>
   <trkpt lat="60.0927750" lon="10.4795450">
    <ele>550.2</ele>
   </trkpt>
   <trkpt lat="60.0927880" lon="10.4795880">
    <ele>550.4</ele>
   </trkpt>
   <trkpt lat="60.0927960" lon="10.4796330">
    <ele>550.5</ele>
   </trkpt>
   <trkpt lat="60.0928110" lon="10.4799110">
    <ele>551.5</ele>
   </trkpt>
   <trkpt lat="60.0928440" lon="10.4802390">
    <ele>552.4</ele>
   </trkpt>
   <trkpt lat="60.0928520" lon="10.4802960">
    <ele>552.6</ele>
   </trkpt>
   <trkpt lat="60.0929290" lon="10.4804770">
    <ele>552.9</ele>
   </trkpt>
   <trkpt lat="60.0929390" lon="10.4806010">
    <ele>552.9</ele>
   </trkpt>
   <trkpt lat="60.0929390" lon="10.4806400">
    <ele>552.9</ele>
   </trkpt>
   <trkpt lat="60.0929330" lon="10.4807370">
    <ele>552.8</ele>
   </trkpt>
   <trkpt lat="60.0928970" lon="10.4809200">
    <ele>552.6</ele>
   </trkpt>
   <trkpt lat="60.0928610" lon="10.4810320">
    <ele>552.3</ele>
   </trkpt>
   <trkpt lat="60.0927300" lon="10.4813210">
    <ele>551.3</ele>
   </trkpt>
   <trkpt lat="60.0926400" lon="10.4815340">
    <ele>550.5</ele>
   </trkpt>
   <trkpt lat="60.0925150" lon="10.4818400">
    <ele>549.4</ele>
   </trkpt>
   <trkpt lat="60.0924960" lon="10.4818900">
    <ele>549.2</ele>
   </trkpt>
   <trkpt lat="60.0924210" lon="10.4821490">
    <ele>548.1</ele>
   </trkpt>
   <trkpt lat="60.0923830" lon="10.4825110">
    <ele>546.7</ele>
   </trkpt>
   <trkpt lat="60.0924100" lon="10.4827040">
    <ele>546.1</ele>
   </trkpt>
   <trkpt lat="60.0924580" lon="10.4829050">
    <ele>545.6</ele>
   </trkpt>
   <trkpt lat="60.0924890" lon="10.4831120">
    <ele>545.4</ele>
   </trkpt>
   <trkpt lat="60.0924880" lon="10.4831780">
    <ele>545.4</ele>
   </trkpt>
   <trkpt lat="60.0924550" lon="10.4835150">
    <ele>545.1</ele>
   </trkpt>
   <trkpt lat="60.0923700" lon="10.4838680">
    <ele>544.8</ele>
   </trkpt>
   <trkpt lat="60.0923580" lon="10.4839140">
    <ele>544.8</ele>
   </trkpt>
   <trkpt lat="60.0922160" lon="10.4841220">
    <ele>544.5</ele>
   </trkpt>
   <trkpt lat="60.0920430" lon="10.4842810">
    <ele>544.1</ele>
   </trkpt>
   <trkpt lat="60.0919690" lon="10.4843560">
    <ele>543.9</ele>
   </trkpt>
   <trkpt lat="60.0918060" lon="10.4845260">
    <ele>543.6</ele>
   </trkpt>
   <trkpt lat="60.0917840" lon="10.4845570">
    <ele>543.5</ele>
   </trkpt>
   <trkpt lat="60.0917000" lon="10.4846380">
    <ele>543.5</ele>
   </trkpt>
   <trkpt lat="60.0916070" lon="10.4847480">
    <ele>543.4</ele>
   </trkpt>
   <trkpt lat="60.0914740" lon="10.4848520">
    <ele>543.4</ele>
   </trkpt>
   <trkpt lat="60.0913490" lon="10.4849910">
    <ele>543.3</ele>
   </trkpt>
   <trkpt lat="60.0912830" lon="10.4851030">
    <ele>543.3</ele>
   </trkpt>
   <trkpt lat="60.0912240" lon="10.4852160">
    <ele>543.3</ele>
   </trkpt>
   <trkpt lat="60.0911090" lon="10.4854790">
    <ele>543.2</ele>
   </trkpt>
   <trkpt lat="60.0910970" lon="10.4857490">
    <ele>543.1</ele>
   </trkpt>
   <trkpt lat="60.0911590" lon="10.4859320">
    <ele>543.0</ele>
   </trkpt>
   <trkpt lat="60.0911540" lon="10.4859870">
    <ele>543.0</ele>
   </trkpt>
   <trkpt lat="60.0911290" lon="10.4861970">
    <ele>543.0</ele>
   </trkpt>
   <trkpt lat="60.0910670" lon="10.4865810">
    <ele>543.0</ele>
   </trkpt>
   <trkpt lat="60.0910220" lon="10.4868640">
    <ele>543.3</ele>
   </trkpt>
   <trkpt lat="60.0910180" lon="10.4869290">
    <ele>543.4</ele>
   </trkpt>
   <trkpt lat="60.0910020" lon="10.4869610">
    <ele>543.5</ele>
   </trkpt>
   <trkpt lat="60.0909940" lon="10.4869890">
    <ele>543.6</ele>
   </trkpt>
   <trkpt lat="60.0909720" lon="10.4870410">
    <ele>543.7</ele>
   </trkpt>
   <trkpt lat="60.0909260" lon="10.4871120">
    <ele>544.0</ele>
   </trkpt>
   <trkpt lat="60.0907870" lon="10.4872280">
    <ele>545.0</ele>
   </trkpt>
   <trkpt lat="60.0906580" lon="10.4872920">
    <ele>546.1</ele>
   </trkpt>
   <trkpt lat="60.0906440" lon="10.4873050">
    <ele>546.2</ele>
   </trkpt>
   <trkpt lat="60.0905610" lon="10.4873850">
    <ele>547.1</ele>
   </trkpt>
   <trkpt lat="60.0905440" lon="10.4874130">
    <ele>547.3</ele>
   </trkpt>
   <trkpt lat="60.0904700" lon="10.4874930">
    <ele>548.0</ele>
   </trkpt>
   <trkpt lat="60.0902890" lon="10.4876940">
    <ele>549.8</ele>
   </trkpt>
   <trkpt lat="60.0901750" lon="10.4878990">
    <ele>551.0</ele>
   </trkpt>
   <trkpt lat="60.0901670" lon="10.4879480">
    <ele>551.2</ele>
   </trkpt>
   <trkpt lat="60.0901840" lon="10.4881680">
    <ele>551.9</ele>
   </trkpt>
   <trkpt lat="60.0902060" lon="10.4883950">
    <ele>552.7</ele>
   </trkpt>
   <trkpt lat="60.0902100" lon="10.4884870">
    <ele>553.0</ele>
   </trkpt>
   <trkpt lat="60.0902380" lon="10.4887270">
    <ele>553.8</ele>
   </trkpt>
   <trkpt lat="60.0902720" lon="10.4889690">
    <ele>554.6</ele>
   </trkpt>
   <trkpt lat="60.0902670" lon="10.4890050">
    <ele>554.8</ele>
   </trkpt>
   <trkpt lat="60.0902280" lon="10.4891060">
    <ele>555.3</ele>
   </trkpt>
   <trkpt lat="60.0901780" lon="10.4892280">
    <ele>555.9</ele>
   </trkpt>
   <trkpt lat="60.0901030" lon="10.4893660">
    <ele>556.8</ele>
   </trkpt>
   <trkpt lat="60.0900850" lon="10.4894010">
    <ele>557.0</ele>
   </trkpt>
   <trkpt lat="60.0900450" lon="10.4894690">
    <ele>557.4</ele>
   </trkpt>
   <trkpt lat="60.0900230" lon="10.4894770">
    <ele>557.6</ele>
   </trkpt>
   <trkpt lat="60.0899800" lon="10.4894830">
    <ele>558.0</ele>
   </trkpt>
   <trkpt lat="60.0899500" lon="10.4895120">
    <ele>558.2</ele>
   </trkpt>
   <trkpt lat="60.0899430" lon="10.4895270">
    <ele>558.3</ele>
   </trkpt>
   <trkpt lat="60.0899230" lon="10.4895510">
    <ele>558.5</ele>
   </trkpt>
   <trkpt lat="60.0899110" lon="10.4895690">
    <ele>558.6</ele>
   </trkpt>
   <trkpt lat="60.0898890" lon="10.4896010">
    <ele>558.8</ele>
   </trkpt>
   <trkpt lat="60.0898330" lon="10.4896340">
    <ele>559.3</ele>
   </trkpt>
   <trkpt lat="60.0897800" lon="10.4896530">
    <ele>559.8</ele>
   </trkpt>
   <trkpt lat="60.0896970" lon="10.4896630">
    <ele>560.6</ele>
   </trkpt>
   <trkpt lat="60.0896660" lon="10.4896660">
    <ele>560.9</ele>
   </trkpt>
   <trkpt lat="60.0896660" lon="10.4896660">
    <ele>560.9</ele>
   </trkpt>
   <trkpt lat="60.0896120" lon="10.4896610">
    <ele>561.4</ele>
   </trkpt>
   <trkpt lat="60.0895220" lon="10.4896960">
    <ele>562.4</ele>
   </trkpt>
   <trkpt lat="60.0893830" lon="10.4898730">
    <ele>564.1</ele>
   </trkpt>
   <trkpt lat="60.0893330" lon="10.4899810">
    <ele>564.9</ele>
   </trkpt>
   <trkpt lat="60.0893310" lon="10.4899960">
    <ele>565.0</ele>
   </trkpt>
   <trkpt lat="60.0893300" lon="10.4900300">
    <ele>565.2</ele>
   </trkpt>
   <trkpt lat="60.0892700" lon="10.4901790">
    <ele>566.2</ele>
   </trkpt>
   <trkpt lat="60.0892460" lon="10.4902870">
    <ele>566.8</ele>
   </trkpt>
   <trkpt lat="60.0892300" lon="10.4903170">
    <ele>567.0</ele>
   </trkpt>
   <trkpt lat="60.0891600" lon="10.4903740">
    <ele>567.7</ele>
   </trkpt>
   <trkpt lat="60.0891300" lon="10.4904160">
    <ele>568.0</ele>
   </trkpt>
   <trkpt lat="60.0890120" lon="10.4905690">
    <ele>569.1</ele>
   </trkpt>
   <trkpt lat="60.0889800" lon="10.4906410">
    <ele>569.5</ele>
   </trkpt>
   <trkpt lat="60.0889200" lon="10.4907800">
    <ele>570.1</ele>
   </trkpt>
   <trkpt lat="60.0888450" lon="10.4909500">
    <ele>570.6</ele>
   </trkpt>
   <trkpt lat="60.0888140" lon="10.4910940">
    <ele>570.9</ele>
   </trkpt>
   <trkpt lat="60.0887900" lon="10.4911810">
    <ele>571.0</ele>
   </trkpt>
   <trkpt lat="60.0887400" lon="10.4912920">
    <ele>571.2</ele>
   </trkpt>
   <trkpt lat="60.0886810" lon="10.4914480">
    <ele>571.3</ele>
   </trkpt>
   <trkpt lat="60.0885980" lon="10.4916080">
    <ele>571.4</ele>
   </trkpt>
   <trkpt lat="60.0884530" lon="10.4919290">
    <ele>571.6</ele>
   </trkpt>
   <trkpt lat="60.0883120" lon="10.4921890">
    <ele>571.7</ele>
   </trkpt>
   <trkpt lat="60.0881960" lon="10.4924410">
    <ele>571.7</ele>
   </trkpt>
   <trkpt lat="60.0881760" lon="10.4924870">
    <ele>571.8</ele>
   </trkpt>
   <trkpt lat="60.0881150" lon="10.4926300">
    <ele>571.8</ele>
   </trkpt>
   <trkpt lat="60.0880310" lon="10.4928080">
    <ele>572.0</ele>
   </trkpt>
   <trkpt lat="60.0880200" lon="10.4928440">
    <ele>572.0</ele>
   </trkpt>
   <trkpt lat="60.0879500" lon="10.4929680">
    <ele>572.0</ele>
   </trkpt>
   <trkpt lat="60.0878700" lon="10.4931590">
    <ele>572.1</ele>
   </trkpt>
   <trkpt lat="60.0878330" lon="10.4933150">
    <ele>572.2</ele>
   </trkpt>
   <trkpt lat="60.0878060" lon="10.4933630">
    <ele>572.3</ele>
   </trkpt>
   <trkpt lat="60.0877840" lon="10.4934110">
    <ele>572.3</ele>
   </trkpt>
   <trkpt lat="60.0877130" lon="10.4936010">
    <ele>572.5</ele>
   </trkpt>
   <trkpt lat="60.0877090" lon="10.4936390">
    <ele>572.5</ele>
   </trkpt>
   <trkpt lat="60.0876200" lon="10.4938250">
    <ele>572.9</ele>
   </trkpt>
   <trkpt lat="60.0875920" lon="10.4938690">
    <ele>573.0</ele>
   </trkpt>
   <trkpt lat="60.0875370" lon="10.4939710">
    <ele>573.3</ele>
   </trkpt>
   <trkpt lat="60.0875320" lon="10.4940070">
    <ele>573.4</ele>
   </trkpt>
   <trkpt lat="60.0874760" lon="10.4942020">
    <ele>574.1</ele>
   </trkpt>
   <trkpt lat="60.0874550" lon="10.4942770">
    <ele>574.4</ele>
   </trkpt>
   <trkpt lat="60.0873650" lon="10.4944200">
    <ele>575.1</ele>
   </trkpt>
   <trkpt lat="60.0873490" lon="10.4945410">
    <ele>575.6</ele>
   </trkpt>
   <trkpt lat="60.0873400" lon="10.4945620">
    <ele>575.7</ele>
   </trkpt>
   <trkpt lat="60.0872910" lon="10.4946180">
    <ele>576.1</ele>
   </trkpt>
   <trkpt lat="60.0872540" lon="10.4946760">
    <ele>576.4</ele>
   </trkpt>
   <trkpt lat="60.0872290" lon="10.4947290">
    <ele>576.7</ele>
   </trkpt>
   <trkpt lat="60.0871500" lon="10.4948090">
    <ele>577.3</ele>
   </trkpt>
   <trkpt lat="60.0870820" lon="10.4949910">
    <ele>578.2</ele>
   </trkpt>
   <trkpt lat="60.0870680" lon="10.4950850">
    <ele>578.6</ele>
   </trkpt>
   <trkpt lat="60.0870580" lon="10.4951830">
    <ele>579.0</ele>
   </trkpt>
   <trkpt lat="60.0869920" lon="10.4953200">
    <ele>579.9</ele>
   </trkpt>
   <trkpt lat="60.0868070" lon="10.4955330">
    <ele>581.7</ele>
   </trkpt>
   <trkpt lat="60.0867720" lon="10.4955750">
    <ele>582.1</ele>
   </trkpt>
   <trkpt lat="60.0867190" lon="10.4956160">
    <ele>582.6</ele>
   </trkpt>
   <trkpt lat="60.0866370" lon="10.4957250">
    <ele>583.4</ele>
   </trkpt>
   <trkpt lat="60.0865600" lon="10.4958760">
    <ele>584.2</ele>
   </trkpt>
   <trkpt lat="60.0865350" lon="10.4959050">
    <ele>584.4</ele>
   </trkpt>
   <trkpt lat="60.0864880" lon="10.4959940">
    <ele>584.9</ele>
   </trkpt>
   <trkpt lat="60.0864670" lon="10.4960690">
    <ele>585.3</ele>
   </trkpt>
   <trkpt lat="60.0864590" lon="10.4961700">
    <ele>585.7</ele>
   </trkpt>
   <trkpt lat="60.0864560" lon="10.4961920">
    <ele>585.8</ele>
   </trkpt>
   <trkpt lat="60.0864660" lon="10.4962160">
    <ele>585.9</ele>
   </trkpt>
   <trkpt lat="60.0864530" lon="10.4962710">
    <ele>586.1</ele>
   </trkpt>
   <trkpt lat="60.0863990" lon="10.4963920">
    <ele>586.7</ele>
   </trkpt>
   <trkpt lat="60.0863470" lon="10.4965450">
    <ele>587.3</ele>
   </trkpt>
   <trkpt lat="60.0862590" lon="10.4967000">
    <ele>588.0</ele>
   </trkpt>
   <trkpt lat="60.0862190" lon="10.4967680">
    <ele>588.2</ele>
   </trkpt>
   <trkpt lat="60.0861850" lon="10.4968820">
    <ele>588.4</ele>
   </trkpt>
   <trkpt lat="60.0861660" lon="10.4969570">
    <ele>588.4</ele>
   </trkpt>
   <trkpt lat="60.0861660" lon="10.4970370">
    <ele>588.5</ele>
   </trkpt>
   <trkpt lat="60.0861390" lon="10.4971750">
    <ele>588.5</ele>
   </trkpt>
   <trkpt lat="60.0861650" lon="10.4973910">
    <ele>588.4</ele>
   </trkpt>
   <trkpt lat="60.0861800" lon="10.4975750">
    <ele>588.3</ele>
   </trkpt>
   <trkpt lat="60.0861830" lon="10.4976480">
    <ele>588.2</ele>
   </trkpt>
   <trkpt lat="60.0862350" lon="10.4976760">
    <ele>588.2</ele>
   </trkpt>
   <trkpt lat="60.0862540" lon="10.4977080">
    <ele>588.2</ele>
   </trkpt>
   <trkpt lat="60.0862690" lon="10.4977290">
    <ele>588.2</ele>
   </trkpt>
   <trkpt lat="60.0863150" lon="10.4978320">
    <ele>588.1</ele>
   </trkpt>
   <trkpt lat="60.0863500" lon="10.4978820">
    <ele>588.1</ele>
   </trkpt>
   <trkpt lat="60.0864140" lon="10.4979030">
    <ele>588.1</ele>
   </trkpt>
   <trkpt lat="60.0864230" lon="10.4979250">
    <ele>588.1</ele>
   </trkpt>
   <trkpt lat="60.0864030" lon="10.4979550">
    <ele>588.1</ele>
   </trkpt>
   <trkpt lat="60.0863880" lon="10.4980030">
    <ele>588.1</ele>
   </trkpt>
   <trkpt lat="60.0864970" lon="10.4981560">
    <ele>588.1</ele>
   </trkpt>
   <trkpt lat="60.0865540" lon="10.4983570">
    <ele>588.1</ele>
   </trkpt>
   <trkpt lat="60.0865650" lon="10.4984060">
    <ele>588.1</ele>
   </trkpt>
   <trkpt lat="60.0865250" lon="10.4985200">
    <ele>588.0</ele>
   </trkpt>
   <trkpt lat="60.0865230" lon="10.4985900">
    <ele>588.0</ele>
   </trkpt>
   <trkpt lat="60.0865230" lon="10.4986500">
    <ele>588.0</ele>
   </trkpt>
   <trkpt lat="60.0865110" lon="10.4986860">
    <ele>588.0</ele>
   </trkpt>
   <trkpt lat="60.0864990" lon="10.4987220">
    <ele>588.0</ele>
   </trkpt>
   <trkpt lat="60.0863720" lon="10.4989360">
    <ele>587.9</ele>
   </trkpt>
   <trkpt lat="60.0863530" lon="10.4990000">
    <ele>587.9</ele>
   </trkpt>
   <trkpt lat="60.0863130" lon="10.4991840">
    <ele>587.8</ele>
   </trkpt>
   <trkpt lat="60.0863090" lon="10.4992320">
    <ele>587.8</ele>
   </trkpt>
   <trkpt lat="60.0862780" lon="10.4994040">
    <ele>587.8</ele>
   </trkpt>
   <trkpt lat="60.0862950" lon="10.4994300">
    <ele>587.8</ele>
   </trkpt>
   <trkpt lat="60.0863500" lon="10.4995070">
    <ele>587.9</ele>
   </trkpt>
   <trkpt lat="60.0863720" lon="10.4995270">
    <ele>588.0</ele>
   </trkpt>
   <trkpt lat="60.0864210" lon="10.4995640">
    <ele>588.0</ele>
   </trkpt>
   <trkpt lat="60.0864750" lon="10.4997020">
    <ele>588.2</ele>
   </trkpt>
   <trkpt lat="60.0864470" lon="10.4997920">
    <ele>588.4</ele>
   </trkpt>
   <trkpt lat="60.0864030" lon="10.4999100">
    <ele>588.5</ele>
   </trkpt>
   <trkpt lat="60.0864080" lon="10.4999380">
    <ele>588.6</ele>
   </trkpt>
   <trkpt lat="60.0863970" lon="10.5000570">
    <ele>588.7</ele>
   </trkpt>
   <trkpt lat="60.0863560" lon="10.5002530">
    <ele>589.0</ele>
   </trkpt>
   <trkpt lat="60.0863730" lon="10.5002710">
    <ele>589.0</ele>
   </trkpt>
   <trkpt lat="60.0863630" lon="10.5004560">
    <ele>589.2</ele>
   </trkpt>
   <trkpt lat="60.0863030" lon="10.5005590">
    <ele>589.3</ele>
   </trkpt>
   <trkpt lat="60.0862740" lon="10.5006530">
    <ele>589.3</ele>
   </trkpt>
   <trkpt lat="60.0862290" lon="10.5007750">
    <ele>589.3</ele>
   </trkpt>
   <trkpt lat="60.0862080" lon="10.5008650">
    <ele>589.3</ele>
   </trkpt>
   <trkpt lat="60.0862780" lon="10.5009530">
    <ele>589.3</ele>
   </trkpt>
   <trkpt lat="60.0863440" lon="10.5009870">
    <ele>589.3</ele>
   </trkpt>
   <trkpt lat="60.0864190" lon="10.5011420">
    <ele>589.5</ele>
   </trkpt>
   <trkpt lat="60.0863890" lon="10.5012560">
    <ele>589.6</ele>
   </trkpt>
   <trkpt lat="60.0863930" lon="10.5012920">
    <ele>589.6</ele>
   </trkpt>
   <trkpt lat="60.0864000" lon="10.5015080">
    <ele>589.9</ele>
   </trkpt>
   <trkpt lat="60.0863510" lon="10.5015900">
    <ele>590.1</ele>
   </trkpt>
   <trkpt lat="60.0862880" lon="10.5016580">
    <ele>590.4</ele>
   </trkpt>
   <trkpt lat="60.0862070" lon="10.5017420">
    <ele>590.9</ele>
   </trkpt>
   <trkpt lat="60.0862000" lon="10.5017710">
    <ele>591.0</ele>
   </trkpt>
   <trkpt lat="60.0861030" lon="10.5019010">
    <ele>591.6</ele>
   </trkpt>
   <trkpt lat="60.0859210" lon="10.5021500">
    <ele>592.7</ele>
   </trkpt>
   <trkpt lat="60.0857450" lon="10.5023210">
    <ele>593.5</ele>
   </trkpt>
   <trkpt lat="60.0856980" lon="10.5023810">
    <ele>593.6</ele>
   </trkpt>
   <trkpt lat="60.0855940" lon="10.5025230">
    <ele>594.1</ele>
   </trkpt>
   <trkpt lat="60.0854510" lon="10.5027280">
    <ele>594.9</ele>
   </trkpt>
   <trkpt lat="60.0854190" lon="10.5027790">
    <ele>595.1</ele>
   </trkpt>
   <trkpt lat="60.0853920" lon="10.5028330">
    <ele>595.2</ele>
   </trkpt>
   <trkpt lat="60.0853550" lon="10.5028860">
    <ele>595.4</ele>
   </trkpt>
   <trkpt lat="60.0853240" lon="10.5029070">
    <ele>595.6</ele>
   </trkpt>
   <trkpt lat="60.0852930" lon="10.5029320">
    <ele>595.7</ele>
   </trkpt>
   <trkpt lat="60.0852650" lon="10.5030760">
    <ele>596.0</ele>
   </trkpt>
   <trkpt lat="60.0852630" lon="10.5031400">
    <ele>596.0</ele>
   </trkpt>
   <trkpt lat="60.0852610" lon="10.5031950">
    <ele>596.1</ele>
   </trkpt>
   <trkpt lat="60.0852360" lon="10.5032410">
    <ele>596.2</ele>
   </trkpt>
   <trkpt lat="60.0852450" lon="10.5032930">
    <ele>596.2</ele>
   </trkpt>
   <trkpt lat="60.0852180" lon="10.5033290">
    <ele>596.2</ele>
   </trkpt>
   <trkpt lat="60.0852050" lon="10.5034960">
    <ele>596.2</ele>
   </trkpt>
   <trkpt lat="60.0851860" lon="10.5035340">
    <ele>596.2</ele>
   </trkpt>
   <trkpt lat="60.0851880" lon="10.5035620">
    <ele>596.2</ele>
   </trkpt>
   <trkpt lat="60.0851860" lon="10.5037010">
    <ele>596.1</ele>
   </trkpt>
   <trkpt lat="60.0851930" lon="10.5039290">
    <ele>596.1</ele>
   </trkpt>
   <trkpt lat="60.0851460" lon="10.5041690">
    <ele>596.0</ele>
   </trkpt>
   <trkpt lat="60.0851360" lon="10.5042110">
    <ele>596.0</ele>
   </trkpt>
   <trkpt lat="60.0851040" lon="10.5043160">
    <ele>596.0</ele>
   </trkpt>
   <trkpt lat="60.0850910" lon="10.5044190">
    <ele>596.0</ele>
   </trkpt>
   <trkpt lat="60.0850900" lon="10.5044390">
    <ele>596.0</ele>
   </trkpt>
   <trkpt lat="60.0850740" lon="10.5045730">
    <ele>595.9</ele>
   </trkpt>
   <trkpt lat="60.0850870" lon="10.5046030">
    <ele>595.9</ele>
   </trkpt>
   <trkpt lat="60.0849950" lon="10.5047600">
    <ele>595.9</ele>
   </trkpt>
   <trkpt lat="60.0849790" lon="10.5047900">
    <ele>595.9</ele>
   </trkpt>
   <trkpt lat="60.0849150" lon="10.5049450">
    <ele>596.0</ele>
   </trkpt>
   <trkpt lat="60.0849570" lon="10.5050900">
    <ele>596.1</ele>
   </trkpt>
   <trkpt lat="60.0849770" lon="10.5051150">
    <ele>596.2</ele>
   </trkpt>
   <trkpt lat="60.0850700" lon="10.5053060">
    <ele>596.6</ele>
   </trkpt>
   <trkpt lat="60.0850630" lon="10.5054310">
    <ele>596.9</ele>
   </trkpt>
   <trkpt lat="60.0850800" lon="10.5055290">
    <ele>597.1</ele>
   </trkpt>
   <trkpt lat="60.0850800" lon="10.5056130">
    <ele>597.2</ele>
   </trkpt>
   <trkpt lat="60.0850610" lon="10.5057230">
    <ele>597.3</ele>
   </trkpt>
   <trkpt lat="60.0849990" lon="10.5059300">
    <ele>597.5</ele>
   </trkpt>
   <trkpt lat="60.0850060" lon="10.5061510">
    <ele>597.4</ele>
   </trkpt>
   <trkpt lat="60.0850100" lon="10.5061800">
    <ele>597.4</ele>
   </trkpt>
   <trkpt lat="60.0850100" lon="10.5062070">
    <ele>597.4</ele>
   </trkpt>
   <trkpt lat="60.0850160" lon="10.5063260">
    <ele>597.3</ele>
   </trkpt>
   <trkpt lat="60.0850010" lon="10.5063790">
    <ele>597.3</ele>
   </trkpt>
   <trkpt lat="60.0849970" lon="10.5064180">
    <ele>594.3</ele>
   </trkpt>
   <trkpt lat="60.0850160" lon="10.5064730">
    <ele>594.2</ele>
   </trkpt>
   <trkpt lat="60.0850530" lon="10.5065600">
    <ele>593.9</ele>
   </trkpt>
   <trkpt lat="60.0850520" lon="10.5066040">
    <ele>593.7</ele>
   </trkpt>
   <trkpt lat="60.0850980" lon="10.5066540">
    <ele>593.4</ele>
   </trkpt>
   <trkpt lat="60.0851530" lon="10.5067300">
    <ele>592.9</ele>
   </trkpt>
   <trkpt lat="60.0851680" lon="10.5067620">
    <ele>592.7</ele>
   </trkpt>
   <trkpt lat="60.0851990" lon="10.5068910">
    <ele>592.0</ele>
   </trkpt>
   <trkpt lat="60.0851990" lon="10.5069320">
    <ele>591.9</ele>
   </trkpt>
   <trkpt lat="60.0852190" lon="10.5069940">
    <ele>591.5</ele>
   </trkpt>
   <trkpt lat="60.0852600" lon="10.5070270">
    <ele>591.2</ele>
   </trkpt>
   <trkpt lat="60.0853000" lon="10.5071370">
    <ele>591.0</ele>
   </trkpt>
   <trkpt lat="60.0853120" lon="10.5071640">
    <ele>591.0</ele>
   </trkpt>
   <trkpt lat="60.0853320" lon="10.5071770">
    <ele>590.9</ele>
   </trkpt>
   <trkpt lat="60.0853340" lon="10.5071980">
    <ele>591.0</ele>
   </trkpt>
   <trkpt lat="60.0853430" lon="10.5071970">
    <ele>591.0</ele>
   </trkpt>
   <trkpt lat="60.0853450" lon="10.5071820">
    <ele>591.0</ele>
   </trkpt>
   <trkpt lat="60.0853430" lon="10.5071740">
    <ele>591.1</ele>
   </trkpt>
   <trkpt lat="60.0853470" lon="10.5071810">
    <ele>591.1</ele>
   </trkpt>
   <trkpt lat="60.0853680" lon="10.5072290">
    <ele>591.2</ele>
   </trkpt>
   <trkpt lat="60.0853790" lon="10.5072390">
    <ele>591.3</ele>
   </trkpt>
   <trkpt lat="60.0854570" lon="10.5072940">
    <ele>592.3</ele>
   </trkpt>
   <trkpt lat="60.0854920" lon="10.5072970">
    <ele>592.9</ele>
   </trkpt>
   <trkpt lat="60.0855060" lon="10.5072920">
    <ele>593.1</ele>
   </trkpt>
   <trkpt lat="60.0855050" lon="10.5073450">
    <ele>593.6</ele>
   </trkpt>
   <trkpt lat="60.0855040" lon="10.5073730">
    <ele>593.8</ele>
   </trkpt>
   <trkpt lat="60.0855110" lon="10.5073910">
    <ele>594.0</ele>
   </trkpt>
   <trkpt lat="60.0855050" lon="10.5074430">
    <ele>594.5</ele>
   </trkpt>
   <trkpt lat="60.0855330" lon="10.5074790">
    <ele>595.0</ele>
   </trkpt>
   <trkpt lat="60.0855830" lon="10.5075540">
    <ele>596.0</ele>
   </trkpt>
   <trkpt lat="60.0855810" lon="10.5075760">
    <ele>596.2</ele>
   </trkpt>
   <trkpt lat="60.0856120" lon="10.5076380">
    <ele>596.8</ele>
   </trkpt>
   <trkpt lat="60.0856360" lon="10.5076780">
    <ele>597.3</ele>
   </trkpt>
   <trkpt lat="60.0856350" lon="10.5077260">
    <ele>597.7</ele>
   </trkpt>
   <trkpt lat="60.0856450" lon="10.5078080">
    <ele>598.3</ele>
   </trkpt>
   <trkpt lat="60.0856290" lon="10.5078760">
    <ele>598.9</ele>
   </trkpt>
   <trkpt lat="60.0856300" lon="10.5079100">
    <ele>599.1</ele>
   </trkpt>
   <trkpt lat="60.0856230" lon="10.5079300">
    <ele>599.3</ele>
   </trkpt>
   <trkpt lat="60.0856130" lon="10.5079610">
    <ele>599.6</ele>
   </trkpt>
   <trkpt lat="60.0856110" lon="10.5079750">
    <ele>599.7</ele>
   </trkpt>
   <trkpt lat="60.0856200" lon="10.5080010">
    <ele>599.9</ele>
   </trkpt>
   <trkpt lat="60.0855820" lon="10.5080740">
    <ele>600.7</ele>
   </trkpt>
   <trkpt lat="60.0855600" lon="10.5080890">
    <ele>601.0</ele>
   </trkpt>
   <trkpt lat="60.0855580" lon="10.5081050">
    <ele>601.1</ele>
   </trkpt>
   <trkpt lat="60.0855250" lon="10.5082020">
    <ele>601.9</ele>
   </trkpt>
   <trkpt lat="60.0855030" lon="10.5082700">
    <ele>602.4</ele>
   </trkpt>
   <trkpt lat="60.0855030" lon="10.5082700">
    <ele>602.4</ele>
   </trkpt>
   <trkpt lat="60.0854870" lon="10.5084580">
    <ele>603.4</ele>
   </trkpt>
   <trkpt lat="60.0855080" lon="10.5086110">
    <ele>603.9</ele>
   </trkpt>
   <trkpt lat="60.0855130" lon="10.5086270">
    <ele>604.0</ele>
   </trkpt>
   <trkpt lat="60.0855100" lon="10.5086400">
    <ele>604.0</ele>
   </trkpt>
   <trkpt lat="60.0855000" lon="10.5086470">
    <ele>604.1</ele>
   </trkpt>
   <trkpt lat="60.0854790" lon="10.5086640">
    <ele>604.2</ele>
   </trkpt>
   <trkpt lat="60.0854640" lon="10.5087290">
    <ele>604.5</ele>
   </trkpt>
   <trkpt lat="60.0854650" lon="10.5089640">
    <ele>605.5</ele>
   </trkpt>
   <trkpt lat="60.0854780" lon="10.5089850">
    <ele>605.7</ele>
   </trkpt>
   <trkpt lat="60.0854750" lon="10.5090140">
    <ele>605.9</ele>
   </trkpt>
   <trkpt lat="60.0854560" lon="10.5090500">
    <ele>606.3</ele>
   </trkpt>
   <trkpt lat="60.0854490" lon="10.5090770">
    <ele>606.5</ele>
   </trkpt>
   <trkpt lat="60.0854530" lon="10.5090820">
    <ele>606.6</ele>
   </trkpt>
   <trkpt lat="60.0854580" lon="10.5090800">
    <ele>606.7</ele>
   </trkpt>
   <trkpt lat="60.0854570" lon="10.5090800">
    <ele>606.7</ele>
   </trkpt>
   <trkpt lat="60.0854500" lon="10.5091020">
    <ele>606.9</ele>
   </trkpt>
   <trkpt lat="60.0854430" lon="10.5091230">
    <ele>607.2</ele>
   </trkpt>
   <trkpt lat="60.0854390" lon="10.5091560">
    <ele>607.5</ele>
   </trkpt>
   <trkpt lat="60.0854400" lon="10.5091750">
    <ele>607.7</ele>
   </trkpt>
   <trkpt lat="60.0854340" lon="10.5092030">
    <ele>608.0</ele>
   </trkpt>
   <trkpt lat="60.0854280" lon="10.5092630">
    <ele>608.8</ele>
   </trkpt>
   <trkpt lat="60.0854340" lon="10.5092650">
    <ele>608.9</ele>
   </trkpt>
   <trkpt lat="60.0854470" lon="10.5092590">
    <ele>609.3</ele>
   </trkpt>
   <trkpt lat="60.0854620" lon="10.5092700">
    <ele>609.7</ele>
   </trkpt>
   <trkpt lat="60.0854550" lon="10.5092400">
    <ele>610.2</ele>
   </trkpt>
   <trkpt lat="60.0854710" lon="10.5092040">
    <ele>610.9</ele>
   </trkpt>
   <trkpt lat="60.0854530" lon="10.5091980">
    <ele>611.5</ele>
   </trkpt>
   <trkpt lat="60.0854530" lon="10.5091930">
    <ele>611.6</ele>
   </trkpt>
   <trkpt lat="60.0854530" lon="10.5091890">
    <ele>611.7</ele>
   </trkpt>
   <trkpt lat="60.0854560" lon="10.5091900">
    <ele>611.8</ele>
   </trkpt>
   <trkpt lat="60.0854640" lon="10.5092050">
    <ele>612.1</ele>
   </trkpt>
   <trkpt lat="60.0854670" lon="10.5092280">
    <ele>612.5</ele>
   </trkpt>
   <trkpt lat="60.0854740" lon="10.5092410">
    <ele>612.8</ele>
   </trkpt>
   <trkpt lat="60.0854770" lon="10.5092460">
    <ele>612.9</ele>
   </trkpt>
   <trkpt lat="60.0854660" lon="10.5093260">
    <ele>614.3</ele>
   </trkpt>
   <trkpt lat="60.0854660" lon="10.5093430">
    <ele>614.6</ele>
   </trkpt>
   <trkpt lat="60.0854680" lon="10.5093500">
    <ele>614.7</ele>
   </trkpt>
   <trkpt lat="60.0854660" lon="10.5093740">
    <ele>615.1</ele>
   </trkpt>
   <trkpt lat="60.0854610" lon="10.5093890">
    <ele>615.4</ele>
   </trkpt>
   <trkpt lat="60.0854590" lon="10.5094180">
    <ele>615.9</ele>
   </trkpt>
   <trkpt lat="60.0854910" lon="10.5094310">
    <ele>616.9</ele>
   </trkpt>
   <trkpt lat="60.0855880" lon="10.5094630">
    <ele>619.7</ele>
   </trkpt>
   <trkpt lat="60.0856140" lon="10.5095100">
    <ele>620.6</ele>
   </trkpt>
   <trkpt lat="60.0856140" lon="10.5095100">
    <ele>620.6</ele>
   </trkpt>
   <trkpt lat="60.0856210" lon="10.5095180">
    <ele>620.8</ele>
   </trkpt>
   <trkpt lat="60.0856310" lon="10.5095260">
    <ele>621.0</ele>
   </trkpt>
   <trkpt lat="60.0856360" lon="10.5095350">
    <ele>621.2</ele>
   </trkpt>
   <trkpt lat="60.0856510" lon="10.5095410">
    <ele>621.5</ele>
   </trkpt>
   <trkpt lat="60.0856680" lon="10.5095540">
    <ele>621.9</ele>
   </trkpt>
   <trkpt lat="60.0856850" lon="10.5095560">
    <ele>622.2</ele>
   </trkpt>
   <trkpt lat="60.0857010" lon="10.5095580">
    <ele>622.5</ele>
   </trkpt>
   <trkpt lat="60.0857290" lon="10.5095850">
    <ele>623.1</ele>
   </trkpt>
   <trkpt lat="60.0857650" lon="10.5097300">
    <ele>624.2</ele>
   </trkpt>
   <trkpt lat="60.0857740" lon="10.5097390">
    <ele>624.3</ele>
   </trkpt>
   <trkpt lat="60.0858850" lon="10.5098200">
    <ele>625.5</ele>
   </trkpt>
   <trkpt lat="60.0859630" lon="10.5098540">
    <ele>626.1</ele>
   </trkpt>
   <trkpt lat="60.0859790" lon="10.5098650">
    <ele>626.2</ele>
   </trkpt>
   <trkpt lat="60.0860300" lon="10.5098860">
    <ele>626.5</ele>
   </trkpt>
   <trkpt lat="60.0860680" lon="10.5099000">
    <ele>626.6</ele>
   </trkpt>
   <trkpt lat="60.0860760" lon="10.5099140">
    <ele>626.7</ele>
   </trkpt>
   <trkpt lat="60.0860630" lon="10.5099930">
    <ele>626.8</ele>
   </trkpt>
   <trkpt lat="60.0860880" lon="10.5100780">
    <ele>626.8</ele>
   </trkpt>
   <trkpt lat="60.0860830" lon="10.5101900">
    <ele>626.8</ele>
   </trkpt>
   <trkpt lat="60.0860800" lon="10.5102090">
    <ele>626.8</ele>
   </trkpt>
   <trkpt lat="60.0860750" lon="10.5102590">
    <ele>626.8</ele>
   </trkpt>
   <trkpt lat="60.0860870" lon="10.5103670">
    <ele>626.7</ele>
   </trkpt>
   <trkpt lat="60.0861060" lon="10.5105380">
    <ele>626.5</ele>
   </trkpt>
   <trkpt lat="60.0861170" lon="10.5106640">
    <ele>626.4</ele>
   </trkpt>
   <trkpt lat="60.0861190" lon="10.5106930">
    <ele>626.4</ele>
   </trkpt>
   <trkpt lat="60.0861260" lon="10.5107020">
    <ele>626.4</ele>
   </trkpt>
   <trkpt lat="60.0861310" lon="10.5107110">
    <ele>626.4</ele>
   </trkpt>
   <trkpt lat="60.0861390" lon="10.5107270">
    <ele>626.4</ele>
   </trkpt>
   <trkpt lat="60.0861180" lon="10.5107730">
    <ele>626.4</ele>
   </trkpt>
   <trkpt lat="60.0860910" lon="10.5109020">
    <ele>626.8</ele>
   </trkpt>
   <trkpt lat="60.0860960" lon="10.5109050">
    <ele>626.8</ele>
   </trkpt>
   <trkpt lat="60.0860980" lon="10.5109240">
    <ele>626.9</ele>
   </trkpt>
   <trkpt lat="60.0860700" lon="10.5110150">
    <ele>627.4</ele>
   </trkpt>
   <trkpt lat="60.0860800" lon="10.5110510">
    <ele>627.6</ele>
   </trkpt>
   <trkpt lat="60.0860890" lon="10.5110720">
    <ele>627.8</ele>
   </trkpt>
   <trkpt lat="60.0861070" lon="10.5111290">
    <ele>628.3</ele>
   </trkpt>
   <trkpt lat="60.0860960" lon="10.5111900">
    <ele>628.8</ele>
   </trkpt>
   <trkpt lat="60.0860730" lon="10.5112290">
    <ele>629.3</ele>
   </trkpt>
   <trkpt lat="60.0860700" lon="10.5112690">
    <ele>629.7</ele>
   </trkpt>
   <trkpt lat="60.0860780" lon="10.5112920">
    <ele>629.9</ele>
   </trkpt>
   <trkpt lat="60.0860560" lon="10.5113760">
    <ele>630.7</ele>
   </trkpt>
   <trkpt lat="60.0860770" lon="10.5114010">
    <ele>631.1</ele>
   </trkpt>
   <trkpt lat="60.0860980" lon="10.5114200">
    <ele>631.5</ele>
   </trkpt>
   <trkpt lat="60.0861070" lon="10.5114440">
    <ele>631.7</ele>
   </trkpt>
   <trkpt lat="60.0861620" lon="10.5115440">
    <ele>632.7</ele>
   </trkpt>
   <trkpt lat="60.0861700" lon="10.5115770">
    <ele>632.9</ele>
   </trkpt>
   <trkpt lat="60.0861630" lon="10.5117340">
    <ele>633.8</ele>
   </trkpt>
   <trkpt lat="60.0861300" lon="10.5118090">
    <ele>634.3</ele>
   </trkpt>
   <trkpt lat="60.0860930" lon="10.5118460">
    <ele>634.8</ele>
   </trkpt>
   <trkpt lat="60.0860690" lon="10.5118860">
    <ele>635.2</ele>
   </trkpt>
   <trkpt lat="60.0860760" lon="10.5119310">
    <ele>635.6</ele>
   </trkpt>
   <trkpt lat="60.0860900" lon="10.5119370">
    <ele>635.9</ele>
   </trkpt>
   <trkpt lat="60.0860880" lon="10.5119350">
    <ele>635.9</ele>
   </trkpt>
   <trkpt lat="60.0861220" lon="10.5119190">
    <ele>636.6</ele>
   </trkpt>
   <trkpt lat="60.0861360" lon="10.5119130">
    <ele>637.0</ele>
   </trkpt>
   <trkpt lat="60.0861570" lon="10.5119120">
    <ele>637.4</ele>
   </trkpt>
   <trkpt lat="60.0861920" lon="10.5118970">
    <ele>638.4</ele>
   </trkpt>
   <trkpt lat="60.0862100" lon="10.5118780">
    <ele>639.0</ele>
   </trkpt>
   <trkpt lat="60.0862350" lon="10.5118480">
    <ele>639.9</ele>
   </trkpt>
   <trkpt lat="60.0862950" lon="10.5117890">
    <ele>641.9</ele>
   </trkpt>
   <trkpt lat="60.0863100" lon="10.5117800">
    <ele>642.4</ele>
   </trkpt>
   <trkpt lat="60.0863740" lon="10.5117260">
    <ele>644.5</ele>
   </trkpt>
   <trkpt lat="60.0863890" lon="10.5117040">
    <ele>645.1</ele>
   </trkpt>
   <trkpt lat="60.0864000" lon="10.5116800">
    <ele>645.5</ele>
   </trkpt>
   <trkpt lat="60.0864150" lon="10.5116830">
    <ele>646.0</ele>
   </trkpt>
   <trkpt lat="60.0864330" lon="10.5116670">
    <ele>646.5</ele>
   </trkpt>
   <trkpt lat="60.0864360" lon="10.5116650">
    <ele>646.6</ele>
   </trkpt>
   <trkpt lat="60.0864530" lon="10.5116730">
    <ele>647.1</ele>
   </trkpt>
   <trkpt lat="60.0864580" lon="10.5116780">
    <ele>647.2</ele>
   </trkpt>
   <trkpt lat="60.0864590" lon="10.5116750">
    <ele>647.3</ele>
   </trkpt>
   <trkpt lat="60.0864490" lon="10.5116700">
    <ele>647.5</ele>
   </trkpt>
   <trkpt lat="60.0864510" lon="10.5116730">
    <ele>647.6</ele>
   </trkpt>
   <trkpt lat="60.0864480" lon="10.5116980">
    <ele>647.9</ele>
   </trkpt>
   <trkpt lat="60.0864540" lon="10.5117010">
    <ele>648.0</ele>
   </trkpt>
   <trkpt lat="60.0864600" lon="10.5117010">
    <ele>648.1</ele>
   </trkpt>
   <trkpt lat="60.0865080" lon="10.5116520">
    <ele>649.3</ele>
   </trkpt>
   <trkpt lat="60.0865320" lon="10.5116280">
    <ele>649.8</ele>
   </trkpt>
   <trkpt lat="60.0865570" lon="10.5115960">
    <ele>650.3</ele>
   </trkpt>
   <trkpt lat="60.0865640" lon="10.5115480">
    <ele>650.7</ele>
   </trkpt>
   <trkpt lat="60.0865590" lon="10.5115120">
    <ele>650.9</ele>
   </trkpt>
   <trkpt lat="60.0865590" lon="10.5115020">
    <ele>651.0</ele>
   </trkpt>
   <trkpt lat="60.0865450" lon="10.5115190">
    <ele>651.2</ele>
   </trkpt>
   <trkpt lat="60.0865470" lon="10.5115260">
    <ele>651.3</ele>
   </trkpt>
   <trkpt lat="60.0865550" lon="10.5115380">
    <ele>651.4</ele>
   </trkpt>
   <trkpt lat="60.0865690" lon="10.5115440">
    <ele>651.5</ele>
   </trkpt>
   <trkpt lat="60.0866390" lon="10.5115050">
    <ele>652.1</ele>
   </trkpt>
   <trkpt lat="60.0866370" lon="10.5115250">
    <ele>652.2</ele>
   </trkpt>
   <trkpt lat="60.0867020" lon="10.5115400">
    <ele>652.5</ele>
   </trkpt>
   <trkpt lat="60.0867410" lon="10.5115170">
    <ele>652.7</ele>
   </trkpt>
   <trkpt lat="60.0867860" lon="10.5115280">
    <ele>652.8</ele>
   </trkpt>
   <trkpt lat="60.0868180" lon="10.5115480">
    <ele>652.9</ele>
   </trkpt>
   <trkpt lat="60.0868620" lon="10.5115660">
    <ele>653.1</ele>
   </trkpt>
   <trkpt lat="60.0868900" lon="10.5115800">
    <ele>653.2</ele>
   </trkpt>
   <trkpt lat="60.0869060" lon="10.5115900">
    <ele>653.3</ele>
   </trkpt>
   <trkpt lat="60.0869210" lon="10.5115990">
    <ele>653.4</ele>
   </trkpt>
   <trkpt lat="60.0869670" lon="10.5116200">
    <ele>653.6</ele>
   </trkpt>
   <trkpt lat="60.0869970" lon="10.5116290">
    <ele>653.8</ele>
   </trkpt>
   <trkpt lat="60.0870820" lon="10.5116690">
    <ele>654.4</ele>
   </trkpt>
   <trkpt lat="60.0870980" lon="10.5116850">
    <ele>654.5</ele>
   </trkpt>
   <trkpt lat="60.0871280" lon="10.5116790">
    <ele>654.7</ele>
   </trkpt>
   <trkpt lat="60.0872080" lon="10.5116720">
    <ele>655.1</ele>
   </trkpt>
   <trkpt lat="60.0872190" lon="10.5116980">
    <ele>655.1</ele>
   </trkpt>
   <trkpt lat="60.0872580" lon="10.5117770">
    <ele>655.2</ele>
   </trkpt>
   <trkpt lat="60.0872700" lon="10.5117940">
    <ele>655.2</ele>
   </trkpt>
   <trkpt lat="60.0873040" lon="10.5118380">
    <ele>655.2</ele>
   </trkpt>
   <trkpt lat="60.0873120" lon="10.5118370">
    <ele>655.2</ele>
   </trkpt>
   <trkpt lat="60.0873340" lon="10.5118180">
    <ele>655.2</ele>
   </trkpt>
   <trkpt lat="60.0873280" lon="10.5118290">
    <ele>655.2</ele>
   </trkpt>
   <trkpt lat="60.0873460" lon="10.5118240">
    <ele>655.2</ele>
   </trkpt>
   <trkpt lat="60.0873600" lon="10.5118290">
    <ele>655.1</ele>
   </trkpt>
   <trkpt lat="60.0873800" lon="10.5118960">
    <ele>655.1</ele>
   </trkpt>
   <trkpt lat="60.0874010" lon="10.5118880">
    <ele>655.2</ele>
   </trkpt>
   <trkpt lat="60.0874400" lon="10.5119430">
    <ele>655.2</ele>
   </trkpt>
   <trkpt lat="60.0874570" lon="10.5119440">
    <ele>655.3</ele>
   </trkpt>
   <trkpt lat="60.0874730" lon="10.5119320">
    <ele>655.3</ele>
   </trkpt>
   <trkpt lat="60.0875220" lon="10.5118890">
    <ele>655.5</ele>
   </trkpt>
   <trkpt lat="60.0875350" lon="10.5118960">
    <ele>655.5</ele>
   </trkpt>
   <trkpt lat="60.0875600" lon="10.5119160">
    <ele>655.6</ele>
   </trkpt>
   <trkpt lat="60.0875830" lon="10.5119190">
    <ele>655.7</ele>
   </trkpt>
   <trkpt lat="60.0876000" lon="10.5119160">
    <ele>655.8</ele>
   </trkpt>
   <trkpt lat="60.0876560" lon="10.5119910">
    <ele>656.1</ele>
   </trkpt>
   <trkpt lat="60.0876650" lon="10.5120270">
    <ele>656.2</ele>
   </trkpt>
   <trkpt lat="60.0877220" lon="10.5121370">
    <ele>656.5</ele>
   </trkpt>
   <trkpt lat="60.0877400" lon="10.5121520">
    <ele>656.5</ele>
   </trkpt>
   <trkpt lat="60.0877970" lon="10.5121880">
    <ele>656.7</ele>
   </trkpt>
   <trkpt lat="60.0878250" lon="10.5121960">
    <ele>656.8</ele>
   </trkpt>
   <trkpt lat="60.0878480" lon="10.5122010">
    <ele>656.8</ele>
   </trkpt>
   <trkpt lat="60.0878720" lon="10.5122110">
    <ele>656.9</ele>
   </trkpt>
   <trkpt lat="60.0878930" lon="10.5122520">
    <ele>656.9</ele>
   </trkpt>
   <trkpt lat="60.0879070" lon="10.5122460">
    <ele>657.0</ele>
   </trkpt>
   <trkpt lat="60.0879130" lon="10.5122540">
    <ele>657.0</ele>
   </trkpt>
   <trkpt lat="60.0879240" lon="10.5123320">
    <ele>657.0</ele>
   </trkpt>
   <trkpt lat="60.0879470" lon="10.5123220">
    <ele>657.0</ele>
   </trkpt>
   <trkpt lat="60.0879690" lon="10.5123310">
    <ele>657.0</ele>
   </trkpt>
   <trkpt lat="60.0880380" lon="10.5123380">
    <ele>657.1</ele>
   </trkpt>
   <trkpt lat="60.0880560" lon="10.5123360">
    <ele>657.1</ele>
   </trkpt>
   <trkpt lat="60.0880980" lon="10.5123390">
    <ele>657.1</ele>
   </trkpt>
   <trkpt lat="60.0881590" lon="10.5124080">
    <ele>657.1</ele>
   </trkpt>
   <trkpt lat="60.0881820" lon="10.5124230">
    <ele>657.1</ele>
   </trkpt>
   <trkpt lat="60.0882510" lon="10.5125470">
    <ele>657.2</ele>
   </trkpt>
   <trkpt lat="60.0882620" lon="10.5125690">
    <ele>657.2</ele>
   </trkpt>
   <trkpt lat="60.0883200" lon="10.5126630">
    <ele>657.3</ele>
   </trkpt>
   <trkpt lat="60.0883360" lon="10.5126740">
    <ele>657.4</ele>
   </trkpt>
   <trkpt lat="60.0883520" lon="10.5126970">
    <ele>657.5</ele>
   </trkpt>
   <trkpt lat="60.0884020" lon="10.5127940">
    <ele>657.7</ele>
   </trkpt>
   <trkpt lat="60.0884300" lon="10.5127850">
    <ele>657.8</ele>
   </trkpt>
   <trkpt lat="60.0884480" lon="10.5127800">
    <ele>657.8</ele>
   </trkpt>
   <trkpt lat="60.0884700" lon="10.5127850">
    <ele>657.9</ele>
   </trkpt>
   <trkpt lat="60.0884840" lon="10.5127990">
    <ele>657.9</ele>
   </trkpt>
   <trkpt lat="60.0884910" lon="10.5128360">
    <ele>658.0</ele>
   </trkpt>
   <trkpt lat="60.0885100" lon="10.5128630">
    <ele>658.1</ele>
   </trkpt>
   <trkpt lat="60.0885410" lon="10.5129050">
    <ele>658.3</ele>
   </trkpt>
   <trkpt lat="60.0885630" lon="10.5129950">
    <ele>658.6</ele>
   </trkpt>
   <trkpt lat="60.0885730" lon="10.5130330">
    <ele>658.7</ele>
   </trkpt>
   <trkpt lat="60.0886100" lon="10.5130550">
    <ele>659.0</ele>
   </trkpt>
   <trkpt lat="60.0886260" lon="10.5130500">
    <ele>659.1</ele>
   </trkpt>
   <trkpt lat="60.0886240" lon="10.5130720">
    <ele>659.2</ele>
   </trkpt>
   <trkpt lat="60.0886330" lon="10.5130930">
    <ele>659.4</ele>
   </trkpt>
   <trkpt lat="60.0886480" lon="10.5131270">
    <ele>659.6</ele>
   </trkpt>
   <trkpt lat="60.0886740" lon="10.5131870">
    <ele>660.0</ele>
   </trkpt>
   <trkpt lat="60.0886910" lon="10.5131860">
    <ele>660.2</ele>
   </trkpt>
   <trkpt lat="60.0887430" lon="10.5132060">
    <ele>660.9</ele>
   </trkpt>
   <trkpt lat="60.0887680" lon="10.5132400">
    <ele>661.3</ele>
   </trkpt>
   <trkpt lat="60.0887720" lon="10.5132710">
    <ele>661.5</ele>
   </trkpt>
   <trkpt lat="60.0886740" lon="10.5134350">
    <ele>663.2</ele>
   </trkpt>
   <trkpt lat="60.0885940" lon="10.5136020">
    <ele>664.4</ele>
   </trkpt>
   <trkpt lat="60.0885970" lon="10.5136150">
    <ele>664.5</ele>
   </trkpt>
   <trkpt lat="60.0885990" lon="10.5136810">
    <ele>664.8</ele>
   </trkpt>
   <trkpt lat="60.0886290" lon="10.5137350">
    <ele>665.0</ele>
   </trkpt>
   <trkpt lat="60.0886850" lon="10.5137510">
    <ele>665.3</ele>
   </trkpt>
   <trkpt lat="60.0887350" lon="10.5137800">
    <ele>665.6</ele>
   </trkpt>
   <trkpt lat="60.0887600" lon="10.5137850">
    <ele>665.7</ele>
   </trkpt>
   <trkpt lat="60.0888120" lon="10.5138000">
    <ele>665.9</ele>
   </trkpt>
   <trkpt lat="60.0888370" lon="10.5138130">
    <ele>666.0</ele>
   </trkpt>
   <trkpt lat="60.0888610" lon="10.5138190">
    <ele>666.1</ele>
   </trkpt>
   <trkpt lat="60.0889250" lon="10.5138740">
    <ele>666.4</ele>
   </trkpt>
   <trkpt lat="60.0889950" lon="10.5139050">
    <ele>666.8</ele>
   </trkpt>
   <trkpt lat="60.0890490" lon="10.5140070">
    <ele>667.2</ele>
   </trkpt>
   <trkpt lat="60.0891080" lon="10.5141250">
    <ele>667.5</ele>
   </trkpt>
   <trkpt lat="60.0891600" lon="10.5141840">
    <ele>667.7</ele>
   </trkpt>
   <trkpt lat="60.0892120" lon="10.5142270">
    <ele>667.9</ele>
   </trkpt>
   <trkpt lat="60.0892390" lon="10.5142530">
    <ele>668.0</ele>
   </trkpt>
   <trkpt lat="60.0893180" lon="10.5143070">
    <ele>668.1</ele>
   </trkpt>
   <trkpt lat="60.0893280" lon="10.5143630">
    <ele>668.2</ele>
   </trkpt>
   <trkpt lat="60.0893260" lon="10.5144220">
    <ele>668.3</ele>
   </trkpt>
   <trkpt lat="60.0893880" lon="10.5144570">
    <ele>668.3</ele>
   </trkpt>
   <trkpt lat="60.0895330" lon="10.5145240">
    <ele>668.4</ele>
   </trkpt>
   <trkpt lat="60.0896510" lon="10.5146290">
    <ele>668.5</ele>
   </trkpt>
   <trkpt lat="60.0896890" lon="10.5147610">
    <ele>668.5</ele>
   </trkpt>
   <trkpt lat="60.0897120" lon="10.5147920">
    <ele>668.5</ele>
   </trkpt>
   <trkpt lat="60.0897210" lon="10.5147960">
    <ele>668.5</ele>
   </trkpt>
   <trkpt lat="60.0897200" lon="10.5148350">
    <ele>668.6</ele>
   </trkpt>
   <trkpt lat="60.0897020" lon="10.5148450">
    <ele>668.6</ele>
   </trkpt>
   <trkpt lat="60.0897250" lon="10.5148270">
    <ele>668.6</ele>
   </trkpt>
   <trkpt lat="60.0898210" lon="10.5149250">
    <ele>668.4</ele>
   </trkpt>
   <trkpt lat="60.0899530" lon="10.5149910">
    <ele>667.7</ele>
   </trkpt>
   <trkpt lat="60.0900640" lon="10.5151410">
    <ele>666.7</ele>
   </trkpt>
   <trkpt lat="60.0900900" lon="10.5151620">
    <ele>666.5</ele>
   </trkpt>
   <trkpt lat="60.0901630" lon="10.5152400">
    <ele>665.9</ele>
   </trkpt>
   <trkpt lat="60.0901600" lon="10.5152610">
    <ele>665.8</ele>
   </trkpt>
   <trkpt lat="60.0901520" lon="10.5152970">
    <ele>665.7</ele>
   </trkpt>
   <trkpt lat="60.0901480" lon="10.5153110">
    <ele>665.6</ele>
   </trkpt>
   <trkpt lat="60.0901440" lon="10.5153230">
    <ele>665.6</ele>
   </trkpt>
   <trkpt lat="60.0900480" lon="10.5155240">
    <ele>664.9</ele>
   </trkpt>
   <trkpt lat="60.0900250" lon="10.5155400">
    <ele>664.9</ele>
   </trkpt>
   <trkpt lat="60.0899780" lon="10.5155690">
    <ele>664.7</ele>
   </trkpt>
   <trkpt lat="60.0899190" lon="10.5156090">
    <ele>664.6</ele>
   </trkpt>
   <trkpt lat="60.0898340" lon="10.5156610">
    <ele>664.4</ele>
   </trkpt>
   <trkpt lat="60.0898140" lon="10.5156920">
    <ele>664.4</ele>
   </trkpt>
   <trkpt lat="60.0897980" lon="10.5157350">
    <ele>664.3</ele>
   </trkpt>
   <trkpt lat="60.0897810" lon="10.5158040">
    <ele>664.3</ele>
   </trkpt>
   <trkpt lat="60.0897820" lon="10.5158270">
    <ele>664.2</ele>
   </trkpt>
   <trkpt lat="60.0897800" lon="10.5160240">
    <ele>664.0</ele>
   </trkpt>
   <trkpt lat="60.0897820" lon="10.5160350">
    <ele>664.0</ele>
   </trkpt>
   <trkpt lat="60.0897710" lon="10.5161110">
    <ele>664.0</ele>
   </trkpt>
   <trkpt lat="60.0897850" lon="10.5161590">
    <ele>664.0</ele>
   </trkpt>
   <trkpt lat="60.0897930" lon="10.5161440">
    <ele>664.0</ele>
   </trkpt>
   <trkpt lat="60.0897930" lon="10.5161440">
    <ele>664.0</ele>
   </trkpt>
   <trkpt lat="60.0898010" lon="10.5161250">
    <ele>664.0</ele>
   </trkpt>
   <trkpt lat="60.0897840" lon="10.5161340">
    <ele>664.0</ele>
   </trkpt>
   <trkpt lat="60.0897840" lon="10.5161330">
    <ele>664.0</ele>
   </trkpt>
   <trkpt lat="60.0897470" lon="10.5161640">
    <ele>664.2</ele>
   </trkpt>
   <trkpt lat="60.0897470" lon="10.5161640">
    <ele>664.2</ele>
   </trkpt>
   <trkpt lat="60.0896920" lon="10.5162480">
    <ele>664.7</ele>
   </trkpt>
   <trkpt lat="60.0896700" lon="10.5162750">
    <ele>665.0</ele>
   </trkpt>
   <trkpt lat="60.0896390" lon="10.5163160">
    <ele>665.5</ele>
   </trkpt>
   <trkpt lat="60.0896290" lon="10.5163160">
    <ele>665.7</ele>
   </trkpt>
   <trkpt lat="60.0895020" lon="10.5163700">
    <ele>667.9</ele>
   </trkpt>
   <trkpt lat="60.0894850" lon="10.5164220">
    <ele>668.4</ele>
   </trkpt>
   <trkpt lat="60.0894880" lon="10.5164270">
    <ele>668.5</ele>
   </trkpt>
   <trkpt lat="60.0894980" lon="10.5164540">
    <ele>668.7</ele>
   </trkpt>
   <trkpt lat="60.0895000" lon="10.5164810">
    <ele>669.0</ele>
   </trkpt>
   <trkpt lat="60.0894980" lon="10.5165200">
    <ele>669.3</ele>
   </trkpt>
   <trkpt lat="60.0894910" lon="10.5165220">
    <ele>669.4</ele>
   </trkpt>
   <trkpt lat="60.0894710" lon="10.5165870">
    <ele>670.0</ele>
   </trkpt>
   <trkpt lat="60.0894730" lon="10.5166050">
    <ele>670.2</ele>
   </trkpt>
   <trkpt lat="60.0894700" lon="10.5166440">
    <ele>670.6</ele>
   </trkpt>
   <trkpt lat="60.0894660" lon="10.5166630">
    <ele>670.8</ele>
   </trkpt>
   <trkpt lat="60.0894630" lon="10.5166910">
    <ele>671.0</ele>
   </trkpt>
   <trkpt lat="60.0894560" lon="10.5167090">
    <ele>671.2</ele>
   </trkpt>
   <trkpt lat="60.0894330" lon="10.5166980">
    <ele>671.7</ele>
   </trkpt>
   <trkpt lat="60.0894280" lon="10.5166960">
    <ele>671.8</ele>
   </trkpt>
   <trkpt lat="60.0894170" lon="10.5167440">
    <ele>672.4</ele>
   </trkpt>
   <trkpt lat="60.0894170" lon="10.5167440">
    <ele>677.2</ele>
   </trkpt>
   <trkpt lat="60.0894090" lon="10.5167370">
    <ele>677.5</ele>
   </trkpt>
   <trkpt lat="60.0894030" lon="10.5167390">
    <ele>677.7</ele>
   </trkpt>
   <trkpt lat="60.0894060" lon="10.5167580">
    <ele>678.0</ele>
   </trkpt>
   <trkpt lat="60.0893610" lon="10.5168480">
    <ele>679.7</ele>
   </trkpt>
   <trkpt lat="60.0893540" lon="10.5168940">
    <ele>680.2</ele>
   </trkpt>
   <trkpt lat="60.0893490" lon="10.5169420">
    <ele>680.8</ele>
   </trkpt>
   <trkpt lat="60.0893440" lon="10.5169800">
    <ele>681.2</ele>
   </trkpt>
   <trkpt lat="60.0893340" lon="10.5171130">
    <ele>682.3</ele>
   </trkpt>
   <trkpt lat="60.0893210" lon="10.5171300">
    <ele>682.5</ele>
   </trkpt>
   <trkpt lat="60.0893180" lon="10.5171420">
    <ele>682.6</ele>
   </trkpt>
   <trkpt lat="60.0892850" lon="10.5172570">
    <ele>683.1</ele>
   </trkpt>
   <trkpt lat="60.0892890" lon="10.5172800">
    <ele>683.1</ele>
   </trkpt>
   <trkpt lat="60.0892840" lon="10.5173400">
    <ele>683.2</ele>
   </trkpt>
   <trkpt lat="60.0892660" lon="10.5173730">
    <ele>683.2</ele>
   </trkpt>
   <trkpt lat="60.0892450" lon="10.5175000">
    <ele>683.0</ele>
   </trkpt>
   <trkpt lat="60.0892390" lon="10.5175520">
    <ele>682.8</ele>
   </trkpt>
   <trkpt lat="60.0891830" lon="10.5177570">
    <ele>682.2</ele>
   </trkpt>
   <trkpt lat="60.0891660" lon="10.5177820">
    <ele>682.1</ele>
   </trkpt>
   <trkpt lat="60.0891660" lon="10.5178500">
    <ele>682.0</ele>
   </trkpt>
   <trkpt lat="60.0891750" lon="10.5178830">
    <ele>681.9</ele>
   </trkpt>
   <trkpt lat="60.0891700" lon="10.5179700">
    <ele>681.6</ele>
   </trkpt>
   <trkpt lat="60.0891990" lon="10.5180240">
    <ele>681.3</ele>
   </trkpt>
   <trkpt lat="60.0892350" lon="10.5180960">
    <ele>681.0</ele>
   </trkpt>
   <trkpt lat="60.0892710" lon="10.5182140">
    <ele>680.8</ele>
   </trkpt>
   <trkpt lat="60.0892830" lon="10.5182330">
    <ele>680.7</ele>
   </trkpt>
   <trkpt lat="60.0893190" lon="10.5182750">
    <ele>680.8</ele>
   </trkpt>
   <trkpt lat="60.0893690" lon="10.5183290">
    <ele>681.1</ele>
   </trkpt>
   <trkpt lat="60.0893810" lon="10.5183800">
    <ele>681.4</ele>
   </trkpt>
   <trkpt lat="60.0893950" lon="10.5183820">
    <ele>681.5</ele>
   </trkpt>
   <trkpt lat="60.0894120" lon="10.5183840">
    <ele>681.7</ele>
   </trkpt>
   <trkpt lat="60.0894140" lon="10.5183780">
    <ele>681.7</ele>
   </trkpt>
   <trkpt lat="60.0894180" lon="10.5183680">
    <ele>681.8</ele>
   </trkpt>
   <trkpt lat="60.0894160" lon="10.5183650">
    <ele>681.8</ele>
   </trkpt>
   <trkpt lat="60.0894170" lon="10.5183690">
    <ele>681.9</ele>
   </trkpt>
   <trkpt lat="60.0894360" lon="10.5183900">
    <ele>682.1</ele>
   </trkpt>
   <trkpt lat="60.0894520" lon="10.5184080">
    <ele>682.4</ele>
   </trkpt>
   <trkpt lat="60.0895050" lon="10.5184940">
    <ele>683.4</ele>
   </trkpt>
   <trkpt lat="60.0895330" lon="10.5185650">
    <ele>684.3</ele>
   </trkpt>
   <trkpt lat="60.0895370" lon="10.5186040">
    <ele>684.6</ele>
   </trkpt>
   <trkpt lat="60.0895520" lon="10.5186140">
    <ele>684.9</ele>
   </trkpt>
   <trkpt lat="60.0896380" lon="10.5187000">
    <ele>686.6</ele>
   </trkpt>
   <trkpt lat="60.0897020" lon="10.5187720">
    <ele>687.4</ele>
   </trkpt>
   <trkpt lat="60.0897100" lon="10.5188000">
    <ele>687.6</ele>
   </trkpt>
   <trkpt lat="60.0897250" lon="10.5188520">
    <ele>687.7</ele>
   </trkpt>
   <trkpt lat="60.0897320" lon="10.5188890">
    <ele>687.8</ele>
   </trkpt>
   <trkpt lat="60.0897380" lon="10.5188930">
    <ele>687.8</ele>
   </trkpt>
   <trkpt lat="60.0897420" lon="10.5188980">
    <ele>687.8</ele>
   </trkpt>
   <trkpt lat="60.0897420" lon="10.5189160">
    <ele>687.9</ele>
   </trkpt>
   <trkpt lat="60.0897430" lon="10.5189330">
    <ele>687.9</ele>
   </trkpt>
   <trkpt lat="60.0897420" lon="10.5189400">
    <ele>687.9</ele>
   </trkpt>
   <trkpt lat="60.0897500" lon="10.5189360">
    <ele>687.9</ele>
   </trkpt>
   <trkpt lat="60.0897580" lon="10.5189420">
    <ele>687.9</ele>
   </trkpt>
   <trkpt lat="60.0898070" lon="10.5189920">
    <ele>688.0</ele>
   </trkpt>
   <trkpt lat="60.0898270" lon="10.5190980">
    <ele>688.0</ele>
   </trkpt>
   <trkpt lat="60.0898400" lon="10.5191460">
    <ele>687.9</ele>
   </trkpt>
   <trkpt lat="60.0898810" lon="10.5191800">
    <ele>687.5</ele>
   </trkpt>
   <trkpt lat="60.0899130" lon="10.5192830">
    <ele>686.8</ele>
   </trkpt>
   <trkpt lat="60.0898990" lon="10.5193580">
    <ele>686.1</ele>
   </trkpt>
   <trkpt lat="60.0898830" lon="10.5194230">
    <ele>685.3</ele>
   </trkpt>
   <trkpt lat="60.0899150" lon="10.5194110">
    <ele>684.6</ele>
   </trkpt>
   <trkpt lat="60.0899180" lon="10.5194180">
    <ele>684.5</ele>
   </trkpt>
   <trkpt lat="60.0899180" lon="10.5194320">
    <ele>684.4</ele>
   </trkpt>
   <trkpt lat="60.0899250" lon="10.5194440">
    <ele>684.2</ele>
   </trkpt>
   <trkpt lat="60.0899230" lon="10.5194560">
    <ele>684.1</ele>
   </trkpt>
   <trkpt lat="60.0899300" lon="10.5194510">
    <ele>683.9</ele>
   </trkpt>
   <trkpt lat="60.0899530" lon="10.5194270">
    <ele>683.4</ele>
   </trkpt>
   <trkpt lat="60.0899560" lon="10.5194470">
    <ele>683.3</ele>
   </trkpt>
   <trkpt lat="60.0899930" lon="10.5194950">
    <ele>682.7</ele>
   </trkpt>
   <trkpt lat="60.0900110" lon="10.5195210">
    <ele>682.5</ele>
   </trkpt>
   <trkpt lat="60.0900350" lon="10.5195240">
    <ele>682.4</ele>
   </trkpt>
   <trkpt lat="60.0900470" lon="10.5195340">
    <ele>682.4</ele>
   </trkpt>
   <trkpt lat="60.0901020" lon="10.5195490">
    <ele>682.6</ele>
   </trkpt>
   <trkpt lat="60.0901230" lon="10.5195450">
    <ele>682.8</ele>
   </trkpt>
   <trkpt lat="60.0901470" lon="10.5195450">
    <ele>683.2</ele>
   </trkpt>
   <trkpt lat="60.0902010" lon="10.5195760">
    <ele>684.2</ele>
   </trkpt>
   <trkpt lat="60.0902120" lon="10.5195970">
    <ele>684.6</ele>
   </trkpt>
   <trkpt lat="60.0902210" lon="10.5196220">
    <ele>685.0</ele>
   </trkpt>
   <trkpt lat="60.0902210" lon="10.5196560">
    <ele>685.4</ele>
   </trkpt>
   <trkpt lat="60.0902270" lon="10.5196870">
    <ele>685.9</ele>
   </trkpt>
   <trkpt lat="60.0902290" lon="10.5197000">
    <ele>686.1</ele>
   </trkpt>
   <trkpt lat="60.0902190" lon="10.5197330">
    <ele>686.7</ele>
   </trkpt>
   <trkpt lat="60.0902140" lon="10.5197680">
    <ele>687.2</ele>
   </trkpt>
   <trkpt lat="60.0902080" lon="10.5197890">
    <ele>687.6</ele>
   </trkpt>
   <trkpt lat="60.0901980" lon="10.5198100">
    <ele>688.0</ele>
   </trkpt>
   <trkpt lat="60.0901900" lon="10.5198280">
    <ele>688.4</ele>
   </trkpt>
   <trkpt lat="60.0901780" lon="10.5198460">
    <ele>688.8</ele>
   </trkpt>
   <trkpt lat="60.0901640" lon="10.5198610">
    <ele>689.3</ele>
   </trkpt>
   <trkpt lat="60.0901270" lon="10.5199290">
    <ele>690.8</ele>
   </trkpt>
   <trkpt lat="60.0901250" lon="10.5199630">
    <ele>691.3</ele>
   </trkpt>
   <trkpt lat="60.0901330" lon="10.5200180">
    <ele>692.2</ele>
   </trkpt>
   <trkpt lat="60.0901410" lon="10.5200660">
    <ele>693.0</ele>
   </trkpt>
   <trkpt lat="60.0901420" lon="10.5200990">
    <ele>693.5</ele>
   </trkpt>
   <trkpt lat="60.0901520" lon="10.5201320">
    <ele>694.1</ele>
   </trkpt>
   <trkpt lat="60.0901570" lon="10.5201400">
    <ele>694.3</ele>
   </trkpt>
   <trkpt lat="60.0901700" lon="10.5201470">
    <ele>694.8</ele>
   </trkpt>
   <trkpt lat="60.0901790" lon="10.5201680">
    <ele>695.2</ele>
   </trkpt>
   <trkpt lat="60.0901750" lon="10.5201870">
    <ele>695.5</ele>
   </trkpt>
   <trkpt lat="60.0902200" lon="10.5203010">
    <ele>697.7</ele>
   </trkpt>
   <trkpt lat="60.0902680" lon="10.5204530">
    <ele>700.1</ele>
   </trkpt>
   <trkpt lat="60.0902730" lon="10.5204630">
    <ele>700.3</ele>
   </trkpt>
   <trkpt lat="60.0902760" lon="10.5204630">
    <ele>700.3</ele>
   </trkpt>
   <trkpt lat="60.0902620" lon="10.5204460">
    <ele>700.7</ele>
   </trkpt>
   <trkpt lat="60.0902460" lon="10.5204050">
    <ele>701.3</ele>
   </trkpt>
   <trkpt lat="60.0902460" lon="10.5203890">
    <ele>701.4</ele>
   </trkpt>
   <trkpt lat="60.0902360" lon="10.5204000">
    <ele>701.7</ele>
   </trkpt>
   <trkpt lat="60.0902010" lon="10.5204250">
    <ele>702.3</ele>
   </trkpt>
   <trkpt lat="60.0901830" lon="10.5204270">
    <ele>702.6</ele>
   </trkpt>
   <trkpt lat="60.0901720" lon="10.5204310">
    <ele>702.7</ele>
   </trkpt>
   <trkpt lat="60.0900850" lon="10.5204840">
    <ele>703.7</ele>
   </trkpt>
   <trkpt lat="60.0899810" lon="10.5205660">
    <ele>703.3</ele>
   </trkpt>
   <trkpt lat="60.0899380" lon="10.5205850">
    <ele>702.9</ele>
   </trkpt>
   <trkpt lat="60.0898930" lon="10.5206050">
    <ele>702.4</ele>
   </trkpt>
   <trkpt lat="60.0898610" lon="10.5206180">
    <ele>702.0</ele>
   </trkpt>
   <trkpt lat="60.0898150" lon="10.5206410">
    <ele>701.5</ele>
   </trkpt>
   <trkpt lat="60.0897860" lon="10.5206590">
    <ele>701.2</ele>
   </trkpt>
   <trkpt lat="60.0897360" lon="10.5206910">
    <ele>700.6</ele>
   </trkpt>
   <trkpt lat="60.0896830" lon="10.5207320">
    <ele>699.9</ele>
   </trkpt>
   <trkpt lat="60.0896620" lon="10.5207370">
    <ele>699.6</ele>
   </trkpt>
   <trkpt lat="60.0896100" lon="10.5207470">
    <ele>698.8</ele>
   </trkpt>
   <trkpt lat="60.0895920" lon="10.5207610">
    <ele>698.5</ele>
   </trkpt>
   <trkpt lat="60.0895710" lon="10.5207950">
    <ele>698.2</ele>
   </trkpt>
   <trkpt lat="60.0895640" lon="10.5208080">
    <ele>698.0</ele>
   </trkpt>
   <trkpt lat="60.0895620" lon="10.5208370">
    <ele>697.8</ele>
   </trkpt>
   <trkpt lat="60.0895580" lon="10.5208780">
    <ele>697.3</ele>
   </trkpt>
   <trkpt lat="60.0895560" lon="10.5209270">
    <ele>696.7</ele>
   </trkpt>
   <trkpt lat="60.0895630" lon="10.5209820">
    <ele>696.1</ele>
   </trkpt>
   <trkpt lat="60.0895640" lon="10.5209930">
    <ele>695.9</ele>
   </trkpt>
   <trkpt lat="60.0895610" lon="10.5210050">
    <ele>695.8</ele>
   </trkpt>
   <trkpt lat="60.0895490" lon="10.5210200">
    <ele>695.4</ele>
   </trkpt>
   <trkpt lat="60.0895350" lon="10.5210290">
    <ele>695.0</ele>
   </trkpt>
   <trkpt lat="60.0895090" lon="10.5211030">
    <ele>693.7</ele>
   </trkpt>
   <trkpt lat="60.0895070" lon="10.5211400">
    <ele>693.1</ele>
   </trkpt>
   <trkpt lat="60.0894910" lon="10.5212080">
    <ele>692.1</ele>
   </trkpt>
   <trkpt lat="60.0894900" lon="10.5212870">
    <ele>691.1</ele>
   </trkpt>
   <trkpt lat="60.0894950" lon="10.5213420">
    <ele>690.5</ele>
   </trkpt>
   <trkpt lat="60.0895000" lon="10.5215010">
    <ele>689.4</ele>
   </trkpt>
   <trkpt lat="60.0895180" lon="10.5215580">
    <ele>689.2</ele>
   </trkpt>
   <trkpt lat="60.0895250" lon="10.5216050">
    <ele>689.1</ele>
   </trkpt>
   <trkpt lat="60.0895290" lon="10.5216000">
    <ele>689.0</ele>
   </trkpt>
   <trkpt lat="60.0894690" lon="10.5217700">
    <ele>688.6</ele>
   </trkpt>
   <trkpt lat="60.0894480" lon="10.5218100">
    <ele>688.4</ele>
   </trkpt>
   <trkpt lat="60.0894640" lon="10.5219260">
    <ele>688.1</ele>
   </trkpt>
   <trkpt lat="60.0894740" lon="10.5219590">
    <ele>688.0</ele>
   </trkpt>
   <trkpt lat="60.0894990" lon="10.5220350">
    <ele>687.8</ele>
   </trkpt>
   <trkpt lat="60.0894980" lon="10.5220670">
    <ele>687.8</ele>
   </trkpt>
   <trkpt lat="60.0894920" lon="10.5221330">
    <ele>687.8</ele>
   </trkpt>
   <trkpt lat="60.0894970" lon="10.5221570">
    <ele>687.8</ele>
   </trkpt>
   <trkpt lat="60.0895010" lon="10.5222140">
    <ele>687.8</ele>
   </trkpt>
   <trkpt lat="60.0894790" lon="10.5223130">
    <ele>687.9</ele>
   </trkpt>
   <trkpt lat="60.0894720" lon="10.5223600">
    <ele>687.8</ele>
   </trkpt>
   <trkpt lat="60.0894480" lon="10.5224690">
    <ele>687.6</ele>
   </trkpt>
   <trkpt lat="60.0894340" lon="10.5225310">
    <ele>687.4</ele>
   </trkpt>
   <trkpt lat="60.0894270" lon="10.5225430">
    <ele>687.3</ele>
   </trkpt>
   <trkpt lat="60.0894180" lon="10.5225690">
    <ele>687.3</ele>
   </trkpt>
   <trkpt lat="60.0894130" lon="10.5226390">
    <ele>687.1</ele>
   </trkpt>
   <trkpt lat="60.0894030" lon="10.5226940">
    <ele>687.0</ele>
   </trkpt>
   <trkpt lat="60.0893910" lon="10.5227330">
    <ele>687.0</ele>
   </trkpt>
   <trkpt lat="60.0893790" lon="10.5227490">
    <ele>687.0</ele>
   </trkpt>
   <trkpt lat="60.0893780" lon="10.5227470">
    <ele>687.0</ele>
   </trkpt>
   <trkpt lat="60.0893840" lon="10.5227680">
    <ele>687.0</ele>
   </trkpt>
   <trkpt lat="60.0893920" lon="10.5227900">
    <ele>687.0</ele>
   </trkpt>
   <trkpt lat="60.0894230" lon="10.5229410">
    <ele>687.2</ele>
   </trkpt>
   <trkpt lat="60.0894060" lon="10.5230160">
    <ele>687.3</ele>
   </trkpt>
   <trkpt lat="60.0894170" lon="10.5232020">
    <ele>687.3</ele>
   </trkpt>
   <trkpt lat="60.0894270" lon="10.5232360">
    <ele>687.2</ele>
   </trkpt>
   <trkpt lat="60.0894510" lon="10.5233960">
    <ele>686.5</ele>
   </trkpt>
   <trkpt lat="60.0894590" lon="10.5234160">
    <ele>686.3</ele>
   </trkpt>
   <trkpt lat="60.0894610" lon="10.5234580">
    <ele>685.9</ele>
   </trkpt>
   <trkpt lat="60.0894570" lon="10.5234790">
    <ele>685.7</ele>
   </trkpt>
   <trkpt lat="60.0894460" lon="10.5234950">
    <ele>685.5</ele>
   </trkpt>
   <trkpt lat="60.0894330" lon="10.5235110">
    <ele>685.2</ele>
   </trkpt>
   <trkpt lat="60.0894070" lon="10.5235320">
    <ele>684.6</ele>
   </trkpt>
   <trkpt lat="60.0893920" lon="10.5235420">
    <ele>684.2</ele>
   </trkpt>
   <trkpt lat="60.0893640" lon="10.5235490">
    <ele>683.5</ele>
   </trkpt>
   <trkpt lat="60.0892950" lon="10.5235610">
    <ele>681.9</ele>
   </trkpt>
   <trkpt lat="60.0892660" lon="10.5235550">
    <ele>681.3</ele>
   </trkpt>
   <trkpt lat="60.0892320" lon="10.5235750">
    <ele>680.5</ele>
   </trkpt>
   <trkpt lat="60.0891920" lon="10.5235840">
    <ele>679.6</ele>
   </trkpt>
   <trkpt lat="60.0891800" lon="10.5235860">
    <ele>679.3</ele>
   </trkpt>
   <trkpt lat="60.0891370" lon="10.5236220">
    <ele>678.1</ele>
   </trkpt>
   <trkpt lat="60.0891030" lon="10.5236100">
    <ele>677.1</ele>
   </trkpt>
   <trkpt lat="60.0890950" lon="10.5236150">
    <ele>676.9</ele>
   </trkpt>
   <trkpt lat="60.0890860" lon="10.5236280">
    <ele>676.5</ele>
   </trkpt>
   <trkpt lat="60.0890770" lon="10.5236510">
    <ele>676.0</ele>
   </trkpt>
   <trkpt lat="60.0890540" lon="10.5236910">
    <ele>675.0</ele>
   </trkpt>
   <trkpt lat="60.0890450" lon="10.5237170">
    <ele>674.5</ele>
   </trkpt>
   <trkpt lat="60.0890300" lon="10.5237500">
    <ele>673.7</ele>
   </trkpt>
   <trkpt lat="60.0889980" lon="10.5237890">
    <ele>672.5</ele>
   </trkpt>
   <trkpt lat="60.0889720" lon="10.5238080">
    <ele>671.6</ele>
   </trkpt>
   <trkpt lat="60.0889540" lon="10.5238180">
    <ele>671.1</ele>
   </trkpt>
   <trkpt lat="60.0889230" lon="10.5238480">
    <ele>670.2</ele>
   </trkpt>
   <trkpt lat="60.0889080" lon="10.5239000">
    <ele>669.7</ele>
   </trkpt>
   <trkpt lat="60.0888950" lon="10.5239280">
    <ele>669.4</ele>
   </trkpt>
   <trkpt lat="60.0888680" lon="10.5240120">
    <ele>669.0</ele>
   </trkpt>
   <trkpt lat="60.0888150" lon="10.5241090">
    <ele>668.8</ele>
   </trkpt>
   <trkpt lat="60.0888000" lon="10.5241320">
    <ele>668.8</ele>
   </trkpt>
   <trkpt lat="60.0887160" lon="10.5242990">
    <ele>669.0</ele>
   </trkpt>
   <trkpt lat="60.0887000" lon="10.5243350">
    <ele>669.0</ele>
   </trkpt>
   <trkpt lat="60.0886840" lon="10.5243550">
    <ele>669.0</ele>
   </trkpt>
   <trkpt lat="60.0886300" lon="10.5243980">
    <ele>669.1</ele>
   </trkpt>
   <trkpt lat="60.0885260" lon="10.5244880">
    <ele>668.9</ele>
   </trkpt>
   <trkpt lat="60.0885220" lon="10.5244860">
    <ele>668.9</ele>
   </trkpt>
   <trkpt lat="60.0885000" lon="10.5245770">
    <ele>668.6</ele>
   </trkpt>
   <trkpt lat="60.0884600" lon="10.5246040">
    <ele>668.4</ele>
   </trkpt>
   <trkpt lat="60.0884060" lon="10.5246330">
    <ele>668.0</ele>
   </trkpt>
   <trkpt lat="60.0883490" lon="10.5246880">
    <ele>667.7</ele>
   </trkpt>
   <trkpt lat="60.0883220" lon="10.5247640">
    <ele>667.4</ele>
   </trkpt>
   <trkpt lat="60.0883000" lon="10.5248870">
    <ele>667.0</ele>
   </trkpt>
   <trkpt lat="60.0882930" lon="10.5249320">
    <ele>666.8</ele>
   </trkpt>
   <trkpt lat="60.0882810" lon="10.5249770">
    <ele>666.6</ele>
   </trkpt>
   <trkpt lat="60.0882100" lon="10.5250600">
    <ele>665.6</ele>
   </trkpt>
   <trkpt lat="60.0881890" lon="10.5250590">
    <ele>665.4</ele>
   </trkpt>
   <trkpt lat="60.0881480" lon="10.5251070">
    <ele>664.8</ele>
   </trkpt>
   <trkpt lat="60.0880970" lon="10.5251520">
    <ele>664.1</ele>
   </trkpt>
   <trkpt lat="60.0880450" lon="10.5252230">
    <ele>663.4</ele>
   </trkpt>
   <trkpt lat="60.0879920" lon="10.5252780">
    <ele>662.9</ele>
   </trkpt>
   <trkpt lat="60.0879160" lon="10.5253600">
    <ele>662.4</ele>
   </trkpt>
   <trkpt lat="60.0878560" lon="10.5254720">
    <ele>662.4</ele>
   </trkpt>
   <trkpt lat="60.0878400" lon="10.5254840">
    <ele>662.5</ele>
   </trkpt>
   <trkpt lat="60.0878230" lon="10.5254990">
    <ele>662.6</ele>
   </trkpt>
   <trkpt lat="60.0877970" lon="10.5255420">
    <ele>662.9</ele>
   </trkpt>
   <trkpt lat="60.0877710" lon="10.5256560">
    <ele>663.8</ele>
   </trkpt>
   <trkpt lat="60.0877710" lon="10.5256560">
    <ele>663.8</ele>
   </trkpt>
   <trkpt lat="60.0877620" lon="10.5257550">
    <ele>664.7</ele>
   </trkpt>
   <trkpt lat="60.0877440" lon="10.5258100">
    <ele>665.3</ele>
   </trkpt>
   <trkpt lat="60.0877270" lon="10.5258360">
    <ele>665.7</ele>
   </trkpt>
   <trkpt lat="60.0877200" lon="10.5258370">
    <ele>665.8</ele>
   </trkpt>
   <trkpt lat="60.0877030" lon="10.5258410">
    <ele>666.1</ele>
   </trkpt>
   <trkpt lat="60.0876910" lon="10.5258390">
    <ele>666.3</ele>
   </trkpt>
   <trkpt lat="60.0876190" lon="10.5258890">
    <ele>667.6</ele>
   </trkpt>
   <trkpt lat="60.0875100" lon="10.5259140">
    <ele>669.5</ele>
   </trkpt>
   <trkpt lat="60.0874940" lon="10.5258850">
    <ele>669.9</ele>
   </trkpt>
   <trkpt lat="60.0874830" lon="10.5258740">
    <ele>670.1</ele>
   </trkpt>
   <trkpt lat="60.0874810" lon="10.5258680">
    <ele>670.2</ele>
   </trkpt>
   <trkpt lat="60.0874540" lon="10.5258760">
    <ele>670.7</ele>
   </trkpt>
   <trkpt lat="60.0874490" lon="10.5258810">
    <ele>670.8</ele>
   </trkpt>
   <trkpt lat="60.0874420" lon="10.5258930">
    <ele>671.0</ele>
   </trkpt>
   <trkpt lat="60.0874330" lon="10.5259120">
    <ele>671.3</ele>
   </trkpt>
   <trkpt lat="60.0874190" lon="10.5259210">
    <ele>671.6</ele>
   </trkpt>
   <trkpt lat="60.0874120" lon="10.5259240">
    <ele>671.7</ele>
   </trkpt>
   <trkpt lat="60.0873780" lon="10.5259230">
    <ele>672.4</ele>
   </trkpt>
   <trkpt lat="60.0873580" lon="10.5259010">
    <ele>672.9</ele>
   </trkpt>
   <trkpt lat="60.0873480" lon="10.5258900">
    <ele>673.1</ele>
   </trkpt>
   <trkpt lat="60.0873430" lon="10.5258810">
    <ele>673.2</ele>
   </trkpt>
   <trkpt lat="60.0873120" lon="10.5258860">
    <ele>673.8</ele>
   </trkpt>
   <trkpt lat="60.0872820" lon="10.5258790">
    <ele>674.3</ele>
   </trkpt>
   <trkpt lat="60.0872740" lon="10.5258630">
    <ele>674.5</ele>
   </trkpt>
   <trkpt lat="60.0872630" lon="10.5258560">
    <ele>674.7</ele>
   </trkpt>
   <trkpt lat="60.0872210" lon="10.5258560">
    <ele>675.3</ele>
   </trkpt>
   <trkpt lat="60.0871870" lon="10.5258690">
    <ele>675.8</ele>
   </trkpt>
   <trkpt lat="60.0871810" lon="10.5258910">
    <ele>676.0</ele>
   </trkpt>
   <trkpt lat="60.0871640" lon="10.5258930">
    <ele>676.2</ele>
   </trkpt>
   <trkpt lat="60.0871530" lon="10.5259250">
    <ele>676.4</ele>
   </trkpt>
   <trkpt lat="60.0871460" lon="10.5259490">
    <ele>676.6</ele>
   </trkpt>
   <trkpt lat="60.0871260" lon="10.5260020">
    <ele>676.9</ele>
   </trkpt>
   <trkpt lat="60.0871150" lon="10.5260280">
    <ele>677.1</ele>
   </trkpt>
   <trkpt lat="60.0871060" lon="10.5260490">
    <ele>677.2</ele>
   </trkpt>
   <trkpt lat="60.0870910" lon="10.5260900">
    <ele>677.4</ele>
   </trkpt>
   <trkpt lat="60.0870760" lon="10.5261250">
    <ele>677.5</ele>
   </trkpt>
   <trkpt lat="60.0870630" lon="10.5261370">
    <ele>677.6</ele>
   </trkpt>
   <trkpt lat="60.0870430" lon="10.5261510">
    <ele>677.8</ele>
   </trkpt>
   <trkpt lat="60.0869820" lon="10.5262000">
    <ele>678.0</ele>
   </trkpt>
   <trkpt lat="60.0869230" lon="10.5262640">
    <ele>678.2</ele>
   </trkpt>
   <trkpt lat="60.0868740" lon="10.5262990">
    <ele>678.2</ele>
   </trkpt>
   <trkpt lat="60.0868490" lon="10.5263510">
    <ele>678.2</ele>
   </trkpt>
   <trkpt lat="60.0868360" lon="10.5263460">
    <ele>678.2</ele>
   </trkpt>
   <trkpt lat="60.0868340" lon="10.5263530">
    <ele>678.2</ele>
   </trkpt>
   <trkpt lat="60.0868300" lon="10.5263650">
    <ele>678.1</ele>
   </trkpt>
   <trkpt lat="60.0868230" lon="10.5263800">
    <ele>678.1</ele>
   </trkpt>
   <trkpt lat="60.0867850" lon="10.5264210">
    <ele>677.9</ele>
   </trkpt>
   <trkpt lat="60.0867430" lon="10.5264590">
    <ele>677.6</ele>
   </trkpt>
   <trkpt lat="60.0866830" lon="10.5265350">
    <ele>676.9</ele>
   </trkpt>
   <trkpt lat="60.0866560" lon="10.5266000">
    <ele>676.3</ele>
   </trkpt>
   <trkpt lat="60.0866490" lon="10.5266240">
    <ele>676.1</ele>
   </trkpt>
   <trkpt lat="60.0866360" lon="10.5266890">
    <ele>675.6</ele>
   </trkpt>
   <trkpt lat="60.0866060" lon="10.5268470">
    <ele>674.4</ele>
   </trkpt>
   <trkpt lat="60.0866000" lon="10.5268800">
    <ele>674.2</ele>
   </trkpt>
   <trkpt lat="60.0865580" lon="10.5270050">
    <ele>673.5</ele>
   </trkpt>
   <trkpt lat="60.0865040" lon="10.5270330">
    <ele>673.0</ele>
   </trkpt>
   <trkpt lat="60.0864440" lon="10.5271060">
    <ele>672.4</ele>
   </trkpt>
   <trkpt lat="60.0864150" lon="10.5271510">
    <ele>672.0</ele>
   </trkpt>
   <trkpt lat="60.0863110" lon="10.5272600">
    <ele>670.6</ele>
   </trkpt>
   <trkpt lat="60.0862820" lon="10.5273160">
    <ele>670.0</ele>
   </trkpt>
   <trkpt lat="60.0862830" lon="10.5273470">
    <ele>669.8</ele>
   </trkpt>
   <trkpt lat="60.0862880" lon="10.5274110">
    <ele>669.2</ele>
   </trkpt>
   <trkpt lat="60.0862800" lon="10.5274860">
    <ele>668.5</ele>
   </trkpt>
   <trkpt lat="60.0862700" lon="10.5275360">
    <ele>667.9</ele>
   </trkpt>
   <trkpt lat="60.0862580" lon="10.5275630">
    <ele>667.5</ele>
   </trkpt>
   <trkpt lat="60.0862470" lon="10.5275910">
    <ele>667.1</ele>
   </trkpt>
   <trkpt lat="60.0862350" lon="10.5276180">
    <ele>666.7</ele>
   </trkpt>
   <trkpt lat="60.0862240" lon="10.5276460">
    <ele>666.3</ele>
   </trkpt>
   <trkpt lat="60.0862120" lon="10.5276730">
    <ele>665.9</ele>
   </trkpt>
   <trkpt lat="60.0862010" lon="10.5277010">
    <ele>665.5</ele>
   </trkpt>
   <trkpt lat="60.0861900" lon="10.5277230">
    <ele>665.1</ele>
   </trkpt>
   <trkpt lat="60.0861800" lon="10.5277500">
    <ele>664.7</ele>
   </trkpt>
   <trkpt lat="60.0861670" lon="10.5278080">
    <ele>663.9</ele>
   </trkpt>
   <trkpt lat="60.0861550" lon="10.5278520">
    <ele>663.2</ele>
   </trkpt>
   <trkpt lat="60.0861420" lon="10.5278990">
    <ele>662.5</ele>
   </trkpt>
   <trkpt lat="60.0861420" lon="10.5278990">
    <ele>662.5</ele>
   </trkpt>
   <trkpt lat="60.0861350" lon="10.5279650">
    <ele>661.6</ele>
   </trkpt>
   <trkpt lat="60.0861400" lon="10.5280190">
    <ele>660.8</ele>
   </trkpt>
   <trkpt lat="60.0861430" lon="10.5280920">
    <ele>659.8</ele>
   </trkpt>
   <trkpt lat="60.0861460" lon="10.5281350">
    <ele>659.2</ele>
   </trkpt>
   <trkpt lat="60.0861550" lon="10.5282210">
    <ele>658.0</ele>
   </trkpt>
   <trkpt lat="60.0861590" lon="10.5282710">
    <ele>657.3</ele>
   </trkpt>
   <trkpt lat="60.0861610" lon="10.5283870">
    <ele>655.8</ele>
   </trkpt>
   <trkpt lat="60.0861670" lon="10.5284550">
    <ele>655.0</ele>
   </trkpt>
   <trkpt lat="60.0861680" lon="10.5284720">
    <ele>654.8</ele>
   </trkpt>
   <trkpt lat="60.0861520" lon="10.5284970">
    <ele>654.4</ele>
   </trkpt>
   <trkpt lat="60.0861280" lon="10.5285160">
    <ele>653.9</ele>
   </trkpt>
   <trkpt lat="60.0861330" lon="10.5285840">
    <ele>653.3</ele>
   </trkpt>
   <trkpt lat="60.0861380" lon="10.5286450">
    <ele>652.9</ele>
   </trkpt>
   <trkpt lat="60.0861420" lon="10.5286900">
    <ele>652.6</ele>
   </trkpt>
   <trkpt lat="60.0861610" lon="10.5287610">
    <ele>652.0</ele>
   </trkpt>
   <trkpt lat="60.0860730" lon="10.5288430">
    <ele>650.6</ele>
   </trkpt>
   <trkpt lat="60.0860320" lon="10.5288760">
    <ele>649.6</ele>
   </trkpt>
   <trkpt lat="60.0859870" lon="10.5288770">
    <ele>649.2</ele>
   </trkpt>
   <trkpt lat="60.0859550" lon="10.5288410">
    <ele>649.3</ele>
   </trkpt>
   <trkpt lat="60.0859310" lon="10.5287890">
    <ele>649.3</ele>
   </trkpt>
   <trkpt lat="60.0859140" lon="10.5287700">
    <ele>648.8</ele>
   </trkpt>
   <trkpt lat="60.0858950" lon="10.5285420">
    <ele>651.0</ele>
   </trkpt>
   <trkpt lat="60.0858570" lon="10.5284380">
    <ele>651.3</ele>
   </trkpt>
   <trkpt lat="60.0858410" lon="10.5284160">
    <ele>651.2</ele>
   </trkpt>
   <trkpt lat="60.0857850" lon="10.5283410">
    <ele>651.1</ele>
   </trkpt>
   <trkpt lat="60.0857210" lon="10.5283290">
    <ele>650.7</ele>
   </trkpt>
   <trkpt lat="60.0857100" lon="10.5283090">
    <ele>650.0</ele>
   </trkpt>
   <trkpt lat="60.0856830" lon="10.5283040">
    <ele>649.3</ele>
   </trkpt>
   <trkpt lat="60.0856200" lon="10.5282820">
    <ele>648.2</ele>
   </trkpt>
   <trkpt lat="60.0855530" lon="10.5283230">
    <ele>645.2</ele>
   </trkpt>
   <trkpt lat="60.0855110" lon="10.5283520">
    <ele>642.6</ele>
   </trkpt>
   <trkpt lat="60.0854620" lon="10.5283920">
    <ele>640.3</ele>
   </trkpt>
   <trkpt lat="60.0854490" lon="10.5284070">
    <ele>640.3</ele>
   </trkpt>
   <trkpt lat="60.0854120" lon="10.5284040">
    <ele>640.4</ele>
   </trkpt>
   <trkpt lat="60.0853580" lon="10.5283930">
    <ele>640.5</ele>
   </trkpt>
   <trkpt lat="60.0852710" lon="10.5283460">
    <ele>640.8</ele>
   </trkpt>
   <trkpt lat="60.0852610" lon="10.5283400">
    <ele>640.9</ele>
   </trkpt>
   <trkpt lat="60.0852260" lon="10.5283610">
    <ele>641.0</ele>
   </trkpt>
   <trkpt lat="60.0851900" lon="10.5283770">
    <ele>641.2</ele>
   </trkpt>
   <trkpt lat="60.0851560" lon="10.5284430">
    <ele>641.4</ele>
   </trkpt>
   <trkpt lat="60.0851360" lon="10.5285240">
    <ele>641.7</ele>
   </trkpt>
   <trkpt lat="60.0850420" lon="10.5286860">
    <ele>642.0</ele>
   </trkpt>
   <trkpt lat="60.0850160" lon="10.5286780">
    <ele>642.0</ele>
   </trkpt>
   <trkpt lat="60.0849520" lon="10.5286420">
    <ele>642.1</ele>
   </trkpt>
   <trkpt lat="60.0849380" lon="10.5286260">
    <ele>642.1</ele>
   </trkpt>
   <trkpt lat="60.0848860" lon="10.5286090">
    <ele>642.0</ele>
   </trkpt>
   <trkpt lat="60.0848490" lon="10.5286330">
    <ele>642.0</ele>
   </trkpt>
   <trkpt lat="60.0848010" lon="10.5286520">
    <ele>641.9</ele>
   </trkpt>
   <trkpt lat="60.0847370" lon="10.5286880">
    <ele>641.7</ele>
   </trkpt>
   <trkpt lat="60.0847120" lon="10.5287120">
    <ele>641.6</ele>
   </trkpt>
   <trkpt lat="60.0846560" lon="10.5287860">
    <ele>641.2</ele>
   </trkpt>
   <trkpt lat="60.0846470" lon="10.5287940">
    <ele>641.2</ele>
   </trkpt>
   <trkpt lat="60.0846240" lon="10.5288220">
    <ele>641.0</ele>
   </trkpt>
   <trkpt lat="60.0846080" lon="10.5288350">
    <ele>640.8</ele>
   </trkpt>
   <trkpt lat="60.0845820" lon="10.5288550">
    <ele>640.6</ele>
   </trkpt>
   <trkpt lat="60.0845440" lon="10.5288760">
    <ele>640.2</ele>
   </trkpt>
   <trkpt lat="60.0845200" lon="10.5288880">
    <ele>640.0</ele>
   </trkpt>
   <trkpt lat="60.0844740" lon="10.5289110">
    <ele>639.4</ele>
   </trkpt>
   <trkpt lat="60.0844610" lon="10.5289250">
    <ele>639.2</ele>
   </trkpt>
   <trkpt lat="60.0844350" lon="10.5289520">
    <ele>638.7</ele>
   </trkpt>
   <trkpt lat="60.0844000" lon="10.5289610">
    <ele>638.2</ele>
   </trkpt>
   <trkpt lat="60.0843780" lon="10.5289610">
    <ele>637.8</ele>
   </trkpt>
   <trkpt lat="60.0843700" lon="10.5289680">
    <ele>637.6</ele>
   </trkpt>
   <trkpt lat="60.0843720" lon="10.5289830">
    <ele>637.5</ele>
   </trkpt>
   <trkpt lat="60.0843660" lon="10.5289870">
    <ele>637.4</ele>
   </trkpt>
   <trkpt lat="60.0843420" lon="10.5290170">
    <ele>636.8</ele>
   </trkpt>
   <trkpt lat="60.0843380" lon="10.5290270">
    <ele>636.7</ele>
   </trkpt>
   <trkpt lat="60.0843310" lon="10.5290380">
    <ele>636.5</ele>
   </trkpt>
   <trkpt lat="60.0843080" lon="10.5290660">
    <ele>636.0</ele>
   </trkpt>
   <trkpt lat="60.0842750" lon="10.5291190">
    <ele>635.1</ele>
   </trkpt>
   <trkpt lat="60.0842540" lon="10.5291490">
    <ele>634.6</ele>
   </trkpt>
   <trkpt lat="60.0842410" lon="10.5291700">
    <ele>634.3</ele>
   </trkpt>
   <trkpt lat="60.0842150" lon="10.5291930">
    <ele>633.7</ele>
   </trkpt>
   <trkpt lat="60.0841940" lon="10.5292170">
    <ele>633.1</ele>
   </trkpt>
   <trkpt lat="60.0841510" lon="10.5292560">
    <ele>632.0</ele>
   </trkpt>
   <trkpt lat="60.0841050" lon="10.5292960">
    <ele>630.7</ele>
   </trkpt>
   <trkpt lat="60.0841000" lon="10.5292980">
    <ele>630.6</ele>
   </trkpt>
   <trkpt lat="60.0840930" lon="10.5292990">
    <ele>630.4</ele>
   </trkpt>
   <trkpt lat="60.0840950" lon="10.5292860">
    <ele>630.2</ele>
   </trkpt>
   <trkpt lat="60.0840950" lon="10.5292630">
    <ele>629.9</ele>
   </trkpt>
   <trkpt lat="60.0840940" lon="10.5292590">
    <ele>629.8</ele>
   </trkpt>
   <trkpt lat="60.0840940" lon="10.5292490">
    <ele>629.7</ele>
   </trkpt>
   <trkpt lat="60.0840870" lon="10.5291920">
    <ele>628.8</ele>
   </trkpt>
   <trkpt lat="60.0840860" lon="10.5291500">
    <ele>628.2</ele>
   </trkpt>
   <trkpt lat="60.0840900" lon="10.5291000">
    <ele>627.4</ele>
   </trkpt>
   <trkpt lat="60.0840920" lon="10.5290560">
    <ele>626.8</ele>
   </trkpt>
   <trkpt lat="60.0840590" lon="10.5289740">
    <ele>625.3</ele>
   </trkpt>
   <trkpt lat="60.0839950" lon="10.5289800">
    <ele>623.4</ele>
   </trkpt>
   <trkpt lat="60.0839470" lon="10.5289760">
    <ele>622.1</ele>
   </trkpt>
   <trkpt lat="60.0839070" lon="10.5289710">
    <ele>621.0</ele>
   </trkpt>
   <trkpt lat="60.0838810" lon="10.5289750">
    <ele>620.4</ele>
   </trkpt>
   <trkpt lat="60.0838000" lon="10.5289690">
    <ele>618.5</ele>
   </trkpt>
   <trkpt lat="60.0837240" lon="10.5289380">
    <ele>617.0</ele>
   </trkpt>
   <trkpt lat="60.0837270" lon="10.5288360">
    <ele>616.1</ele>
   </trkpt>
   <trkpt lat="60.0837280" lon="10.5287960">
    <ele>615.8</ele>
   </trkpt>
   <trkpt lat="60.0837170" lon="10.5287390">
    <ele>615.3</ele>
   </trkpt>
   <trkpt lat="60.0837050" lon="10.5287250">
    <ele>615.1</ele>
   </trkpt>
   <trkpt lat="60.0836990" lon="10.5286540">
    <ele>614.5</ele>
   </trkpt>
   <trkpt lat="60.0836850" lon="10.5285960">
    <ele>614.0</ele>
   </trkpt>
   <trkpt lat="60.0836700" lon="10.5285890">
    <ele>613.7</ele>
   </trkpt>
   <trkpt lat="60.0836260" lon="10.5285770">
    <ele>612.8</ele>
   </trkpt>
   <trkpt lat="60.0835250" lon="10.5285830">
    <ele>609.5</ele>
   </trkpt>
   <trkpt lat="60.0834840" lon="10.5286070">
    <ele>609.0</ele>
   </trkpt>
   <trkpt lat="60.0834160" lon="10.5285950">
    <ele>608.4</ele>
   </trkpt>
   <trkpt lat="60.0833890" lon="10.5286000">
    <ele>608.2</ele>
   </trkpt>
   <trkpt lat="60.0833420" lon="10.5286260">
    <ele>607.9</ele>
   </trkpt>
   <trkpt lat="60.0832720" lon="10.5286690">
    <ele>607.7</ele>
   </trkpt>
   <trkpt lat="60.0832690" lon="10.5286940">
    <ele>607.6</ele>
   </trkpt>
   <trkpt lat="60.0832530" lon="10.5288060">
    <ele>607.6</ele>
   </trkpt>
   <trkpt lat="60.0832450" lon="10.5288260">
    <ele>607.6</ele>
   </trkpt>
   <trkpt lat="60.0832130" lon="10.5288870">
    <ele>607.7</ele>
   </trkpt>
   <trkpt lat="60.0832070" lon="10.5288940">
    <ele>607.7</ele>
   </trkpt>
   <trkpt lat="60.0831870" lon="10.5288730">
    <ele>607.8</ele>
   </trkpt>
   <trkpt lat="60.0831700" lon="10.5288800">
    <ele>607.8</ele>
   </trkpt>
   <trkpt lat="60.0831540" lon="10.5288960">
    <ele>607.9</ele>
   </trkpt>
   <trkpt lat="60.0831190" lon="10.5289990">
    <ele>608.3</ele>
   </trkpt>
   <trkpt lat="60.0831120" lon="10.5290260">
    <ele>608.4</ele>
   </trkpt>
   <trkpt lat="60.0831000" lon="10.5290980">
    <ele>608.6</ele>
   </trkpt>
   <trkpt lat="60.0830810" lon="10.5291790">
    <ele>608.9</ele>
   </trkpt>
   <trkpt lat="60.0830800" lon="10.5292740">
    <ele>609.1</ele>
   </trkpt>
   <trkpt lat="60.0830000" lon="10.5294010">
    <ele>609.3</ele>
   </trkpt>
   <trkpt lat="60.0828920" lon="10.5294930">
    <ele>609.3</ele>
   </trkpt>
   <trkpt lat="60.0827990" lon="10.5295630">
    <ele>609.3</ele>
   </trkpt>
   <trkpt lat="60.0827800" lon="10.5295840">
    <ele>609.3</ele>
   </trkpt>
   <trkpt lat="60.0827530" lon="10.5296000">
    <ele>609.4</ele>
   </trkpt>
   <trkpt lat="60.0827190" lon="10.5296450">
    <ele>609.5</ele>
   </trkpt>
   <trkpt lat="60.0826900" lon="10.5297520">
    <ele>609.6</ele>
   </trkpt>
   <trkpt lat="60.0826890" lon="10.5298400">
    <ele>609.7</ele>
   </trkpt>
   <trkpt lat="60.0827100" lon="10.5299310">
    <ele>609.8</ele>
   </trkpt>
   <trkpt lat="60.0826990" lon="10.5300610">
    <ele>610.2</ele>
   </trkpt>
   <trkpt lat="60.0826850" lon="10.5301110">
    <ele>610.5</ele>
   </trkpt>
   <trkpt lat="60.0826830" lon="10.5301200">
    <ele>610.5</ele>
   </trkpt>
   <trkpt lat="60.0826610" lon="10.5301550">
    <ele>610.9</ele>
   </trkpt>
   <trkpt lat="60.0826520" lon="10.5301640">
    <ele>611.1</ele>
   </trkpt>
   <trkpt lat="60.0826360" lon="10.5301770">
    <ele>611.4</ele>
   </trkpt>
   <trkpt lat="60.0826110" lon="10.5302150">
    <ele>612.0</ele>
   </trkpt>
   <trkpt lat="60.0825670" lon="10.5301930">
    <ele>613.1</ele>
   </trkpt>
   <trkpt lat="60.0825160" lon="10.5302270">
    <ele>614.5</ele>
   </trkpt>
   <trkpt lat="60.0825050" lon="10.5302190">
    <ele>614.8</ele>
   </trkpt>
   <trkpt lat="60.0824740" lon="10.5302170">
    <ele>615.6</ele>
   </trkpt>
   <trkpt lat="60.0824690" lon="10.5302140">
    <ele>615.7</ele>
   </trkpt>
   <trkpt lat="60.0824660" lon="10.5302160">
    <ele>615.8</ele>
   </trkpt>
   <trkpt lat="60.0824630" lon="10.5302380">
    <ele>616.1</ele>
   </trkpt>
   <trkpt lat="60.0824620" lon="10.5302530">
    <ele>616.3</ele>
   </trkpt>
   <trkpt lat="60.0824550" lon="10.5302680">
    <ele>616.5</ele>
   </trkpt>
   <trkpt lat="60.0824220" lon="10.5302970">
    <ele>617.4</ele>
   </trkpt>
   <trkpt lat="60.0823440" lon="10.5303350">
    <ele>619.0</ele>
   </trkpt>
   <trkpt lat="60.0823120" lon="10.5303550">
    <ele>619.5</ele>
   </trkpt>
   <trkpt lat="60.0822950" lon="10.5303910">
    <ele>619.9</ele>
   </trkpt>
   <trkpt lat="60.0822780" lon="10.5304280">
    <ele>620.2</ele>
   </trkpt>
   <trkpt lat="60.0822630" lon="10.5304710">
    <ele>620.5</ele>
   </trkpt>
   <trkpt lat="60.0822620" lon="10.5304760">
    <ele>620.5</ele>
   </trkpt>
   <trkpt lat="60.0822590" lon="10.5304780">
    <ele>620.5</ele>
   </trkpt>
   <trkpt lat="60.0822440" lon="10.5304950">
    <ele>620.7</ele>
   </trkpt>
   <trkpt lat="60.0822150" lon="10.5305070">
    <ele>621.0</ele>
   </trkpt>
   <trkpt lat="60.0821840" lon="10.5305190">
    <ele>621.3</ele>
   </trkpt>
   <trkpt lat="60.0821430" lon="10.5305250">
    <ele>621.6</ele>
   </trkpt>
   <trkpt lat="60.0821320" lon="10.5305330">
    <ele>621.7</ele>
   </trkpt>
   <trkpt lat="60.0821280" lon="10.5305500">
    <ele>621.8</ele>
   </trkpt>
   <trkpt lat="60.0821200" lon="10.5306120">
    <ele>622.0</ele>
   </trkpt>
   <trkpt lat="60.0821040" lon="10.5306930">
    <ele>622.4</ele>
   </trkpt>
   <trkpt lat="60.0820880" lon="10.5307530">
    <ele>622.7</ele>
   </trkpt>
   <trkpt lat="60.0820600" lon="10.5308080">
    <ele>623.0</ele>
   </trkpt>
   <trkpt lat="60.0820580" lon="10.5308100">
    <ele>623.0</ele>
   </trkpt>
   <trkpt lat="60.0819220" lon="10.5309770">
    <ele>624.0</ele>
   </trkpt>
   <trkpt lat="60.0817990" lon="10.5311030">
    <ele>624.9</ele>
   </trkpt>
   <trkpt lat="60.0817580" lon="10.5311780">
    <ele>625.5</ele>
   </trkpt>
   <trkpt lat="60.0817400" lon="10.5312010">
    <ele>625.8</ele>
   </trkpt>
   <trkpt lat="60.0816050" lon="10.5314010">
    <ele>628.0</ele>
   </trkpt>
   <trkpt lat="60.0816020" lon="10.5315230">
    <ele>628.4</ele>
   </trkpt>
   <trkpt lat="60.0815820" lon="10.5316490">
    <ele>628.7</ele>
   </trkpt>
   <trkpt lat="60.0815260" lon="10.5317940">
    <ele>628.5</ele>
   </trkpt>
   <trkpt lat="60.0815070" lon="10.5318750">
    <ele>628.3</ele>
   </trkpt>
   <trkpt lat="60.0814580" lon="10.5321440">
    <ele>627.7</ele>
   </trkpt>
   <trkpt lat="60.0814370" lon="10.5322780">
    <ele>627.5</ele>
   </trkpt>
   <trkpt lat="60.0814160" lon="10.5323690">
    <ele>627.6</ele>
   </trkpt>
   <trkpt lat="60.0813730" lon="10.5325290">
    <ele>628.2</ele>
   </trkpt>
   <trkpt lat="60.0813630" lon="10.5325690">
    <ele>628.3</ele>
   </trkpt>
   <trkpt lat="60.0813320" lon="10.5327520">
    <ele>628.6</ele>
   </trkpt>
   <trkpt lat="60.0812930" lon="10.5328570">
    <ele>628.4</ele>
   </trkpt>
   <trkpt lat="60.0812410" lon="10.5329760">
    <ele>627.7</ele>
   </trkpt>
   <trkpt lat="60.0812250" lon="10.5330260">
    <ele>627.3</ele>
   </trkpt>
   <trkpt lat="60.0812000" lon="10.5330910">
    <ele>626.7</ele>
   </trkpt>
   <trkpt lat="60.0811910" lon="10.5331040">
    <ele>626.5</ele>
   </trkpt>
   <trkpt lat="60.0811730" lon="10.5331590">
    <ele>626.1</ele>
   </trkpt>
   <trkpt lat="60.0811570" lon="10.5332080">
    <ele>625.6</ele>
   </trkpt>
   <trkpt lat="60.0811400" lon="10.5332240">
    <ele>625.4</ele>
   </trkpt>
   <trkpt lat="60.0810830" lon="10.5332430">
    <ele>624.7</ele>
   </trkpt>
   <trkpt lat="60.0810280" lon="10.5332630">
    <ele>624.1</ele>
   </trkpt>
   <trkpt lat="60.0809630" lon="10.5333000">
    <ele>623.6</ele>
   </trkpt>
   <trkpt lat="60.0808580" lon="10.5333240">
    <ele>623.0</ele>
   </trkpt>
   <trkpt lat="60.0808310" lon="10.5333240">
    <ele>622.9</ele>
   </trkpt>
   <trkpt lat="60.0807840" lon="10.5333030">
    <ele>622.9</ele>
   </trkpt>
   <trkpt lat="60.0807270" lon="10.5333300">
    <ele>622.9</ele>
   </trkpt>
   <trkpt lat="60.0806960" lon="10.5333380">
    <ele>623.0</ele>
   </trkpt>
   <trkpt lat="60.0806030" lon="10.5334080">
    <ele>623.1</ele>
   </trkpt>
   <trkpt lat="60.0805890" lon="10.5333930">
    <ele>623.1</ele>
   </trkpt>
   <trkpt lat="60.0805380" lon="10.5334050">
    <ele>623.2</ele>
   </trkpt>
   <trkpt lat="60.0804840" lon="10.5334130">
    <ele>623.2</ele>
   </trkpt>
   <trkpt lat="60.0804760" lon="10.5334290">
    <ele>623.2</ele>
   </trkpt>
   <trkpt lat="60.0804270" lon="10.5334820">
    <ele>623.2</ele>
   </trkpt>
   <trkpt lat="60.0804090" lon="10.5334930">
    <ele>623.1</ele>
   </trkpt>
   <trkpt lat="60.0803570" lon="10.5335250">
    <ele>623.0</ele>
   </trkpt>
   <trkpt lat="60.0802980" lon="10.5335210">
    <ele>622.8</ele>
   </trkpt>
   <trkpt lat="60.0802150" lon="10.5335680">
    <ele>622.4</ele>
   </trkpt>
   <trkpt lat="60.0802000" lon="10.5335870">
    <ele>622.3</ele>
   </trkpt>
   <trkpt lat="60.0801920" lon="10.5336030">
    <ele>622.2</ele>
   </trkpt>
   <trkpt lat="60.0801720" lon="10.5336260">
    <ele>622.1</ele>
   </trkpt>
   <trkpt lat="60.0801200" lon="10.5336850">
    <ele>621.5</ele>
   </trkpt>
   <trkpt lat="60.0801130" lon="10.5336980">
    <ele>621.4</ele>
   </trkpt>
   <trkpt lat="60.0801130" lon="10.5337210">
    <ele>621.3</ele>
   </trkpt>
   <trkpt lat="60.0800710" lon="10.5338140">
    <ele>620.6</ele>
   </trkpt>
   <trkpt lat="60.0800490" lon="10.5338510">
    <ele>620.3</ele>
   </trkpt>
   <trkpt lat="60.0800110" lon="10.5339000">
    <ele>619.9</ele>
   </trkpt>
   <trkpt lat="60.0799170" lon="10.5339570">
    <ele>619.0</ele>
   </trkpt>
   <trkpt lat="60.0798810" lon="10.5340190">
    <ele>618.7</ele>
   </trkpt>
   <trkpt lat="60.0798020" lon="10.5341120">
    <ele>618.3</ele>
   </trkpt>
   <trkpt lat="60.0797820" lon="10.5341490">
    <ele>618.2</ele>
   </trkpt>
   <trkpt lat="60.0797600" lon="10.5341890">
    <ele>618.1</ele>
   </trkpt>
   <trkpt lat="60.0797100" lon="10.5343090">
    <ele>617.9</ele>
   </trkpt>
   <trkpt lat="60.0796970" lon="10.5343340">
    <ele>617.9</ele>
   </trkpt>
   <trkpt lat="60.0796010" lon="10.5344590">
    <ele>617.7</ele>
   </trkpt>
   <trkpt lat="60.0795540" lon="10.5345600">
    <ele>617.6</ele>
   </trkpt>
   <trkpt lat="60.0795630" lon="10.5346110">
    <ele>617.6</ele>
   </trkpt>
   <trkpt lat="60.0795730" lon="10.5347510">
    <ele>617.4</ele>
   </trkpt>
   <trkpt lat="60.0795530" lon="10.5348000">
    <ele>617.4</ele>
   </trkpt>
   <trkpt lat="60.0794750" lon="10.5349250">
    <ele>617.2</ele>
   </trkpt>
   <trkpt lat="60.0793950" lon="10.5350520">
    <ele>617.1</ele>
   </trkpt>
   <trkpt lat="60.0793780" lon="10.5350680">
    <ele>617.0</ele>
   </trkpt>
   <trkpt lat="60.0793630" lon="10.5350980">
    <ele>617.0</ele>
   </trkpt>
   <trkpt lat="60.0793400" lon="10.5351950">
    <ele>616.8</ele>
   </trkpt>
   <trkpt lat="60.0793370" lon="10.5352400">
    <ele>616.8</ele>
   </trkpt>
   <trkpt lat="60.0793170" lon="10.5353780">
    <ele>616.6</ele>
   </trkpt>
   <trkpt lat="60.0792960" lon="10.5356510">
    <ele>616.4</ele>
   </trkpt>
   <trkpt lat="60.0792700" lon="10.5358300">
    <ele>616.6</ele>
   </trkpt>
   <trkpt lat="60.0792510" lon="10.5359570">
    <ele>616.9</ele>
   </trkpt>
   <trkpt lat="60.0792460" lon="10.5359800">
    <ele>617.0</ele>
   </trkpt>
   <trkpt lat="60.0792210" lon="10.5360430">
    <ele>617.1</ele>
   </trkpt>
   <trkpt lat="60.0792210" lon="10.5360520">
    <ele>617.2</ele>
   </trkpt>
   <trkpt lat="60.0792030" lon="10.5360790">
    <ele>617.3</ele>
   </trkpt>
   <trkpt lat="60.0791870" lon="10.5360860">
    <ele>617.4</ele>
   </trkpt>
   <trkpt lat="60.0791410" lon="10.5361090">
    <ele>617.6</ele>
   </trkpt>
   <trkpt lat="60.0790220" lon="10.5361220">
    <ele>617.7</ele>
   </trkpt>
   <trkpt lat="60.0789680" lon="10.5361740">
    <ele>617.4</ele>
   </trkpt>
   <trkpt lat="60.0789380" lon="10.5362040">
    <ele>617.2</ele>
   </trkpt>
   <trkpt lat="60.0789090" lon="10.5362330">
    <ele>616.9</ele>
   </trkpt>
   <trkpt lat="60.0788790" lon="10.5362630">
    <ele>616.6</ele>
   </trkpt>
   <trkpt lat="60.0788490" lon="10.5362920">
    <ele>616.3</ele>
   </trkpt>
   <trkpt lat="60.0788190" lon="10.5363220">
    <ele>616.0</ele>
   </trkpt>
   <trkpt lat="60.0787890" lon="10.5363510">
    <ele>615.6</ele>
   </trkpt>
   <trkpt lat="60.0787600" lon="10.5363810">
    <ele>615.4</ele>
   </trkpt>
   <trkpt lat="60.0787300" lon="10.5364100">
    <ele>615.1</ele>
   </trkpt>
   <trkpt lat="60.0787000" lon="10.5364400">
    <ele>614.8</ele>
   </trkpt>
   <trkpt lat="60.0786700" lon="10.5364690">
    <ele>614.6</ele>
   </trkpt>
   <trkpt lat="60.0786400" lon="10.5364990">
    <ele>614.3</ele>
   </trkpt>
   <trkpt lat="60.0786100" lon="10.5365280">
    <ele>614.1</ele>
   </trkpt>
   <trkpt lat="60.0785810" lon="10.5365580">
    <ele>613.9</ele>
   </trkpt>
   <trkpt lat="60.0785510" lon="10.5365870">
    <ele>613.6</ele>
   </trkpt>
   <trkpt lat="60.0785210" lon="10.5366170">
    <ele>613.2</ele>
   </trkpt>
   <trkpt lat="60.0784910" lon="10.5366460">
    <ele>612.9</ele>
   </trkpt>
   <trkpt lat="60.0784610" lon="10.5366760">
    <ele>612.5</ele>
   </trkpt>
   <trkpt lat="60.0784320" lon="10.5367050">
    <ele>612.2</ele>
   </trkpt>
   <trkpt lat="60.0784020" lon="10.5367350">
    <ele>611.8</ele>
   </trkpt>
   <trkpt lat="60.0783720" lon="10.5367640">
    <ele>611.3</ele>
   </trkpt>
   <trkpt lat="60.0783320" lon="10.5367990">
    <ele>610.7</ele>
   </trkpt>
   <trkpt lat="60.0783190" lon="10.5368020">
    <ele>610.6</ele>
   </trkpt>
   <trkpt lat="60.0782960" lon="10.5368200">
    <ele>610.2</ele>
   </trkpt>
   <trkpt lat="60.0782680" lon="10.5368720">
    <ele>609.6</ele>
   </trkpt>
   <trkpt lat="60.0782460" lon="10.5369130">
    <ele>609.1</ele>
   </trkpt>
   <trkpt lat="60.0782030" lon="10.5369660">
    <ele>608.2</ele>
   </trkpt>
   <trkpt lat="60.0781540" lon="10.5369740">
    <ele>607.2</ele>
   </trkpt>
   <trkpt lat="60.0781400" lon="10.5369390">
    <ele>606.7</ele>
   </trkpt>
   <trkpt lat="60.0780180" lon="10.5369560">
    <ele>603.5</ele>
   </trkpt>
   <trkpt lat="60.0779690" lon="10.5369610">
    <ele>601.9</ele>
   </trkpt>
   <trkpt lat="60.0779650" lon="10.5369480">
    <ele>601.6</ele>
   </trkpt>
   <trkpt lat="60.0779480" lon="10.5369920">
    <ele>600.7</ele>
   </trkpt>
   <trkpt lat="60.0779040" lon="10.5369950">
    <ele>599.2</ele>
   </trkpt>
   <trkpt lat="60.0778790" lon="10.5369890">
    <ele>598.4</ele>
   </trkpt>
   <trkpt lat="60.0778570" lon="10.5369860">
    <ele>597.7</ele>
   </trkpt>
   <trkpt lat="60.0777920" lon="10.5370100">
    <ele>596.0</ele>
   </trkpt>
   <trkpt lat="60.0777090" lon="10.5370090">
    <ele>594.6</ele>
   </trkpt>
   <trkpt lat="60.0775340" lon="10.5371500">
    <ele>594.0</ele>
   </trkpt>
   <trkpt lat="60.0775000" lon="10.5371480">
    <ele>594.1</ele>
   </trkpt>
   <trkpt lat="60.0774400" lon="10.5370980">
    <ele>594.3</ele>
   </trkpt>
   <trkpt lat="60.0774060" lon="10.5370210">
    <ele>594.6</ele>
   </trkpt>
   <trkpt lat="60.0773850" lon="10.5370220">
    <ele>594.7</ele>
   </trkpt>
   <trkpt lat="60.0773370" lon="10.5370140">
    <ele>594.7</ele>
   </trkpt>
   <trkpt lat="60.0773220" lon="10.5370120">
    <ele>594.7</ele>
   </trkpt>
   <trkpt lat="60.0772480" lon="10.5370290">
    <ele>594.3</ele>
   </trkpt>
   <trkpt lat="60.0772360" lon="10.5370490">
    <ele>594.1</ele>
   </trkpt>
   <trkpt lat="60.0772190" lon="10.5371110">
    <ele>593.7</ele>
   </trkpt>
   <trkpt lat="60.0772140" lon="10.5371530">
    <ele>593.4</ele>
   </trkpt>
   <trkpt lat="60.0772070" lon="10.5371910">
    <ele>593.2</ele>
   </trkpt>
   <trkpt lat="60.0771420" lon="10.5372980">
    <ele>592.0</ele>
   </trkpt>
   <trkpt lat="60.0770370" lon="10.5372930">
    <ele>590.6</ele>
   </trkpt>
   <trkpt lat="60.0770110" lon="10.5372960">
    <ele>590.2</ele>
   </trkpt>
   <trkpt lat="60.0767740" lon="10.5375170">
    <ele>585.2</ele>
   </trkpt>
   <trkpt lat="60.0767580" lon="10.5375210">
    <ele>584.9</ele>
   </trkpt>
   <trkpt lat="60.0767020" lon="10.5375120">
    <ele>583.7</ele>
   </trkpt>
   <trkpt lat="60.0766870" lon="10.5375130">
    <ele>583.4</ele>
   </trkpt>
   <trkpt lat="60.0766310" lon="10.5375280">
    <ele>582.3</ele>
   </trkpt>
   <trkpt lat="60.0766010" lon="10.5375410">
    <ele>581.7</ele>
   </trkpt>
   <trkpt lat="60.0765890" lon="10.5375420">
    <ele>581.5</ele>
   </trkpt>
   <trkpt lat="60.0765460" lon="10.5375540">
    <ele>580.6</ele>
   </trkpt>
   <trkpt lat="60.0765230" lon="10.5375620">
    <ele>580.1</ele>
   </trkpt>
   <trkpt lat="60.0765180" lon="10.5375740">
    <ele>580.0</ele>
   </trkpt>
   <trkpt lat="60.0765170" lon="10.5375790">
    <ele>579.9</ele>
   </trkpt>
   <trkpt lat="60.0765210" lon="10.5375800">
    <ele>579.8</ele>
   </trkpt>
   <trkpt lat="60.0765320" lon="10.5375920">
    <ele>579.6</ele>
   </trkpt>
   <trkpt lat="60.0765370" lon="10.5376100">
    <ele>579.4</ele>
   </trkpt>
   <trkpt lat="60.0765330" lon="10.5376110">
    <ele>579.3</ele>
   </trkpt>
   <trkpt lat="60.0765050" lon="10.5375300">
    <ele>578.3</ele>
   </trkpt>
   <trkpt lat="60.0764760" lon="10.5374950">
    <ele>577.6</ele>
   </trkpt>
   <trkpt lat="60.0763990" lon="10.5375050">
    <ele>576.1</ele>
   </trkpt>
   <trkpt lat="60.0763800" lon="10.5374660">
    <ele>575.7</ele>
   </trkpt>
   <trkpt lat="60.0763220" lon="10.5373810">
    <ele>574.8</ele>
   </trkpt>
   <trkpt lat="60.0763130" lon="10.5373810">
    <ele>574.7</ele>
   </trkpt>
   <trkpt lat="60.0762970" lon="10.5373860">
    <ele>574.6</ele>
   </trkpt>
   <trkpt lat="60.0762740" lon="10.5373740">
    <ele>574.3</ele>
   </trkpt>
   <trkpt lat="60.0762370" lon="10.5373600">
    <ele>574.0</ele>
   </trkpt>
   <trkpt lat="60.0761970" lon="10.5373230">
    <ele>573.7</ele>
   </trkpt>
   <trkpt lat="60.0761910" lon="10.5373240">
    <ele>573.7</ele>
   </trkpt>
   <trkpt lat="60.0761870" lon="10.5373230">
    <ele>573.7</ele>
   </trkpt>
   <trkpt lat="60.0761810" lon="10.5373170">
    <ele>573.6</ele>
   </trkpt>
   <trkpt lat="60.0761380" lon="10.5372880">
    <ele>573.3</ele>
   </trkpt>
   <trkpt lat="60.0760920" lon="10.5372440">
    <ele>573.0</ele>
   </trkpt>
   <trkpt lat="60.0760830" lon="10.5372250">
    <ele>573.0</ele>
   </trkpt>
   <trkpt lat="60.0760630" lon="10.5371850">
    <ele>572.8</ele>
   </trkpt>
   <trkpt lat="60.0760430" lon="10.5371340">
    <ele>572.8</ele>
   </trkpt>
   <trkpt lat="60.0760060" lon="10.5370270">
    <ele>572.8</ele>
   </trkpt>
   <trkpt lat="60.0759810" lon="10.5369350">
    <ele>572.8</ele>
   </trkpt>
   <trkpt lat="60.0759400" lon="10.5368870">
    <ele>572.9</ele>
   </trkpt>
   <trkpt lat="60.0759180" lon="10.5368370">
    <ele>572.9</ele>
   </trkpt>
   <trkpt lat="60.0758660" lon="10.5368380">
    <ele>572.9</ele>
   </trkpt>
   <trkpt lat="60.0758010" lon="10.5368650">
    <ele>572.7</ele>
   </trkpt>
   <trkpt lat="60.0757680" lon="10.5368750">
    <ele>572.5</ele>
   </trkpt>
   <trkpt lat="60.0757080" lon="10.5369320">
    <ele>572.0</ele>
   </trkpt>
   <trkpt lat="60.0756410" lon="10.5369570">
    <ele>571.3</ele>
   </trkpt>
   <trkpt lat="60.0756140" lon="10.5368880">
    <ele>570.8</ele>
   </trkpt>
   <trkpt lat="60.0756010" lon="10.5368620">
    <ele>570.7</ele>
   </trkpt>
   <trkpt lat="60.0755910" lon="10.5368540">
    <ele>570.6</ele>
   </trkpt>
   <trkpt lat="60.0755340" lon="10.5368190">
    <ele>570.3</ele>
   </trkpt>
   <trkpt lat="60.0755110" lon="10.5368170">
    <ele>570.3</ele>
   </trkpt>
   <trkpt lat="60.0754810" lon="10.5367780">
    <ele>570.2</ele>
   </trkpt>
   <trkpt lat="60.0754680" lon="10.5367370">
    <ele>570.2</ele>
   </trkpt>
   <trkpt lat="60.0754590" lon="10.5367280">
    <ele>570.2</ele>
   </trkpt>
   <trkpt lat="60.0754470" lon="10.5367160">
    <ele>570.2</ele>
   </trkpt>
   <trkpt lat="60.0753400" lon="10.5368020">
    <ele>570.0</ele>
   </trkpt>
   <trkpt lat="60.0751260" lon="10.5369240">
    <ele>570.0</ele>
   </trkpt>
   <trkpt lat="60.0750300" lon="10.5369470">
    <ele>570.0</ele>
   </trkpt>
   <trkpt lat="60.0749710" lon="10.5369970">
    <ele>570.0</ele>
   </trkpt>
   <trkpt lat="60.0749120" lon="10.5370540">
    <ele>570.2</ele>
   </trkpt>
   <trkpt lat="60.0748700" lon="10.5371010">
    <ele>570.3</ele>
   </trkpt>
   <trkpt lat="60.0748350" lon="10.5371000">
    <ele>570.4</ele>
   </trkpt>
   <trkpt lat="60.0748200" lon="10.5370880">
    <ele>570.5</ele>
   </trkpt>
   <trkpt lat="60.0748030" lon="10.5370330">
    <ele>570.6</ele>
   </trkpt>
   <trkpt lat="60.0747960" lon="10.5370100">
    <ele>570.7</ele>
   </trkpt>
   <trkpt lat="60.0747810" lon="10.5370010">
    <ele>570.7</ele>
   </trkpt>
   <trkpt lat="60.0747630" lon="10.5370050">
    <ele>570.8</ele>
   </trkpt>
   <trkpt lat="60.0747280" lon="10.5370170">
    <ele>571.0</ele>
   </trkpt>
   <trkpt lat="60.0747140" lon="10.5370300">
    <ele>571.1</ele>
   </trkpt>
   <trkpt lat="60.0746760" lon="10.5370970">
    <ele>571.5</ele>
   </trkpt>
   <trkpt lat="60.0746380" lon="10.5371710">
    <ele>571.9</ele>
   </trkpt>
   <trkpt lat="60.0746160" lon="10.5372000">
    <ele>572.1</ele>
   </trkpt>
   <trkpt lat="60.0746110" lon="10.5372180">
    <ele>572.1</ele>
   </trkpt>
   <trkpt lat="60.0745740" lon="10.5372990">
    <ele>572.4</ele>
   </trkpt>
   <trkpt lat="60.0745140" lon="10.5373500">
    <ele>572.6</ele>
   </trkpt>
   <trkpt lat="60.0744840" lon="10.5373780">
    <ele>572.8</ele>
   </trkpt>
   <trkpt lat="60.0744670" lon="10.5373950">
    <ele>572.8</ele>
   </trkpt>
   <trkpt lat="60.0744340" lon="10.5374270">
    <ele>573.0</ele>
   </trkpt>
   <trkpt lat="60.0744180" lon="10.5374320">
    <ele>573.0</ele>
   </trkpt>
   <trkpt lat="60.0744030" lon="10.5374360">
    <ele>573.1</ele>
   </trkpt>
   <trkpt lat="60.0743850" lon="10.5374480">
    <ele>573.1</ele>
   </trkpt>
   <trkpt lat="60.0743180" lon="10.5375220">
    <ele>573.3</ele>
   </trkpt>
   <trkpt lat="60.0742530" lon="10.5375680">
    <ele>573.3</ele>
   </trkpt>
   <trkpt lat="60.0742040" lon="10.5376100">
    <ele>573.2</ele>
   </trkpt>
   <trkpt lat="60.0741920" lon="10.5376350">
    <ele>573.2</ele>
   </trkpt>
   <trkpt lat="60.0741390" lon="10.5377760">
    <ele>573.0</ele>
   </trkpt>
   <trkpt lat="60.0740710" lon="10.5378280">
    <ele>572.9</ele>
   </trkpt>
   <trkpt lat="60.0740490" lon="10.5378240">
    <ele>572.8</ele>
   </trkpt>
   <trkpt lat="60.0739820" lon="10.5378220">
    <ele>572.7</ele>
   </trkpt>
   <trkpt lat="60.0739060" lon="10.5378430">
    <ele>572.5</ele>
   </trkpt>
   <trkpt lat="60.0738160" lon="10.5378720">
    <ele>572.4</ele>
   </trkpt>
   <trkpt lat="60.0737940" lon="10.5378730">
    <ele>572.4</ele>
   </trkpt>
   <trkpt lat="60.0737730" lon="10.5378790">
    <ele>572.3</ele>
   </trkpt>
   <trkpt lat="60.0736850" lon="10.5379810">
    <ele>572.2</ele>
   </trkpt>
   <trkpt lat="60.0736220" lon="10.5380410">
    <ele>572.0</ele>
   </trkpt>
   <trkpt lat="60.0735180" lon="10.5380490">
    <ele>571.5</ele>
   </trkpt>
   <trkpt lat="60.0734160" lon="10.5381040">
    <ele>571.2</ele>
   </trkpt>
   <trkpt lat="60.0733730" lon="10.5381600">
    <ele>571.1</ele>
   </trkpt>
   <trkpt lat="60.0733000" lon="10.5382670">
    <ele>570.9</ele>
   </trkpt>
   <trkpt lat="60.0732220" lon="10.5383800">
    <ele>570.2</ele>
   </trkpt>
   <trkpt lat="60.0731800" lon="10.5384790">
    <ele>569.5</ele>
   </trkpt>
   <trkpt lat="60.0731590" lon="10.5385170">
    <ele>569.2</ele>
   </trkpt>
   <trkpt lat="60.0731430" lon="10.5384940">
    <ele>569.0</ele>
   </trkpt>
   <trkpt lat="60.0731290" lon="10.5384800">
    <ele>568.9</ele>
   </trkpt>
   <trkpt lat="60.0731000" lon="10.5384720">
    <ele>568.6</ele>
   </trkpt>
   <trkpt lat="60.0730870" lon="10.5384800">
    <ele>568.4</ele>
   </trkpt>
   <trkpt lat="60.0730590" lon="10.5385460">
    <ele>568.1</ele>
   </trkpt>
   <trkpt lat="60.0730450" lon="10.5385740">
    <ele>567.9</ele>
   </trkpt>
   <trkpt lat="60.0729550" lon="10.5386320">
    <ele>567.3</ele>
   </trkpt>
   <trkpt lat="60.0728600" lon="10.5386440">
    <ele>566.9</ele>
   </trkpt>
   <trkpt lat="60.0728330" lon="10.5386150">
    <ele>566.8</ele>
   </trkpt>
   <trkpt lat="60.0727960" lon="10.5385910">
    <ele>566.6</ele>
   </trkpt>
   <trkpt lat="60.0727850" lon="10.5385730">
    <ele>566.6</ele>
   </trkpt>
   <trkpt lat="60.0727220" lon="10.5385370">
    <ele>566.2</ele>
   </trkpt>
   <trkpt lat="60.0726550" lon="10.5385250">
    <ele>565.6</ele>
   </trkpt>
   <trkpt lat="60.0725910" lon="10.5385330">
    <ele>565.0</ele>
   </trkpt>
   <trkpt lat="60.0725170" lon="10.5386070">
    <ele>564.3</ele>
   </trkpt>
   <trkpt lat="60.0723590" lon="10.5387350">
    <ele>563.0</ele>
   </trkpt>
   <trkpt lat="60.0723280" lon="10.5387460">
    <ele>562.8</ele>
   </trkpt>
   <trkpt lat="60.0722540" lon="10.5387480">
    <ele>562.7</ele>
   </trkpt>
   <trkpt lat="60.0722340" lon="10.5387530">
    <ele>562.7</ele>
   </trkpt>
   <trkpt lat="60.0721170" lon="10.5388540">
    <ele>562.7</ele>
   </trkpt>
   <trkpt lat="60.0720940" lon="10.5388420">
    <ele>562.6</ele>
   </trkpt>
   <trkpt lat="60.0720790" lon="10.5387600">
    <ele>562.5</ele>
   </trkpt>
   <trkpt lat="60.0720610" lon="10.5386810">
    <ele>562.4</ele>
   </trkpt>
   <trkpt lat="60.0720270" lon="10.5386810">
    <ele>562.2</ele>
   </trkpt>
   <trkpt lat="60.0720130" lon="10.5386780">
    <ele>562.1</ele>
   </trkpt>
   <trkpt lat="60.0719950" lon="10.5386880">
    <ele>562.0</ele>
   </trkpt>
   <trkpt lat="60.0719360" lon="10.5387620">
    <ele>561.4</ele>
   </trkpt>
   <trkpt lat="60.0718760" lon="10.5388420">
    <ele>560.8</ele>
   </trkpt>
   <trkpt lat="60.0718460" lon="10.5388390">
    <ele>560.5</ele>
   </trkpt>
   <trkpt lat="60.0718330" lon="10.5388580">
    <ele>560.3</ele>
   </trkpt>
   <trkpt lat="60.0718230" lon="10.5388780">
    <ele>560.2</ele>
   </trkpt>
   <trkpt lat="60.0717600" lon="10.5389280">
    <ele>559.7</ele>
   </trkpt>
   <trkpt lat="60.0717460" lon="10.5389420">
    <ele>559.5</ele>
   </trkpt>
   <trkpt lat="60.0717370" lon="10.5389560">
    <ele>559.4</ele>
   </trkpt>
   <trkpt lat="60.0717270" lon="10.5389960">
    <ele>559.3</ele>
   </trkpt>
   <trkpt lat="60.0717240" lon="10.5390190">
    <ele>559.2</ele>
   </trkpt>
   <trkpt lat="60.0717240" lon="10.5390530">
    <ele>559.1</ele>
   </trkpt>
   <trkpt lat="60.0717100" lon="10.5390620">
    <ele>559.0</ele>
   </trkpt>
   <trkpt lat="60.0716870" lon="10.5390780">
    <ele>558.8</ele>
   </trkpt>
   <trkpt lat="60.0716590" lon="10.5391150">
    <ele>558.6</ele>
   </trkpt>
   <trkpt lat="60.0716410" lon="10.5391400">
    <ele>558.4</ele>
   </trkpt>
   <trkpt lat="60.0716170" lon="10.5391630">
    <ele>558.2</ele>
   </trkpt>
   <trkpt lat="60.0715940" lon="10.5392070">
    <ele>558.0</ele>
   </trkpt>
   <trkpt lat="60.0715620" lon="10.5392360">
    <ele>557.8</ele>
   </trkpt>
   <trkpt lat="60.0715150" lon="10.5392460">
    <ele>557.6</ele>
   </trkpt>
   <trkpt lat="60.0714580" lon="10.5392540">
    <ele>557.2</ele>
   </trkpt>
   <trkpt lat="60.0713970" lon="10.5393010">
    <ele>556.8</ele>
   </trkpt>
   <trkpt lat="60.0713230" lon="10.5392980">
    <ele>556.3</ele>
   </trkpt>
   <trkpt lat="60.0713060" lon="10.5392900">
    <ele>556.1</ele>
   </trkpt>
   <trkpt lat="60.0712150" lon="10.5392960">
    <ele>555.4</ele>
   </trkpt>
   <trkpt lat="60.0711970" lon="10.5393000">
    <ele>555.3</ele>
   </trkpt>
   <trkpt lat="60.0711300" lon="10.5393210">
    <ele>554.7</ele>
   </trkpt>
   <trkpt lat="60.0710820" lon="10.5393480">
    <ele>554.2</ele>
   </trkpt>
   <trkpt lat="60.0710330" lon="10.5393750">
    <ele>553.6</ele>
   </trkpt>
   <trkpt lat="60.0709850" lon="10.5394020">
    <ele>553.0</ele>
   </trkpt>
   <trkpt lat="60.0709370" lon="10.5394280">
    <ele>552.3</ele>
   </trkpt>
   <trkpt lat="60.0708890" lon="10.5394550">
    <ele>551.6</ele>
   </trkpt>
   <trkpt lat="60.0708400" lon="10.5394820">
    <ele>550.9</ele>
   </trkpt>
   <trkpt lat="60.0707920" lon="10.5395090">
    <ele>550.2</ele>
   </trkpt>
   <trkpt lat="60.0707550" lon="10.5395230">
    <ele>549.6</ele>
   </trkpt>
   <trkpt lat="60.0707310" lon="10.5395250">
    <ele>549.2</ele>
   </trkpt>
   <trkpt lat="60.0707300" lon="10.5394880">
    <ele>548.8</ele>
   </trkpt>
   <trkpt lat="60.0706800" lon="10.5395110">
    <ele>547.8</ele>
   </trkpt>
   <trkpt lat="60.0706320" lon="10.5395410">
    <ele>546.7</ele>
   </trkpt>
   <trkpt lat="60.0706260" lon="10.5395460">
    <ele>546.5</ele>
   </trkpt>
   <trkpt lat="60.0706050" lon="10.5395590">
    <ele>545.9</ele>
   </trkpt>
   <trkpt lat="60.0705320" lon="10.5396450">
    <ele>543.7</ele>
   </trkpt>
   <trkpt lat="60.0705030" lon="10.5396570">
    <ele>542.9</ele>
   </trkpt>
   <trkpt lat="60.0704880" lon="10.5396340">
    <ele>542.4</ele>
   </trkpt>
   <trkpt lat="60.0704530" lon="10.5395670">
    <ele>541.0</ele>
   </trkpt>
   <trkpt lat="60.0704180" lon="10.5395220">
    <ele>539.9</ele>
   </trkpt>
   <trkpt lat="60.0704210" lon="10.5394740">
    <ele>539.3</ele>
   </trkpt>
   <trkpt lat="60.0703920" lon="10.5394720">
    <ele>538.5</ele>
   </trkpt>
   <trkpt lat="60.0703760" lon="10.5394650">
    <ele>538.1</ele>
   </trkpt>
   <trkpt lat="60.0703600" lon="10.5394580">
    <ele>537.8</ele>
   </trkpt>
   <trkpt lat="60.0703160" lon="10.5394460">
    <ele>536.8</ele>
   </trkpt>
   <trkpt lat="60.0701220" lon="10.5396020">
    <ele>533.5</ele>
   </trkpt>
   <trkpt lat="60.0700990" lon="10.5395970">
    <ele>533.1</ele>
   </trkpt>
   <trkpt lat="60.0700270" lon="10.5395820">
    <ele>532.0</ele>
   </trkpt>
   <trkpt lat="60.0699450" lon="10.5395720">
    <ele>530.9</ele>
   </trkpt>
   <trkpt lat="60.0699290" lon="10.5395470">
    <ele>530.6</ele>
   </trkpt>
   <trkpt lat="60.0698740" lon="10.5395040">
    <ele>529.8</ele>
   </trkpt>
   <trkpt lat="60.0698400" lon="10.5394670">
    <ele>529.4</ele>
   </trkpt>
   <trkpt lat="60.0698240" lon="10.5394470">
    <ele>529.2</ele>
   </trkpt>
   <trkpt lat="60.0698130" lon="10.5394340">
    <ele>529.1</ele>
   </trkpt>
   <trkpt lat="60.0697880" lon="10.5394190">
    <ele>528.8</ele>
   </trkpt>
   <trkpt lat="60.0697730" lon="10.5394240">
    <ele>528.7</ele>
   </trkpt>
   <trkpt lat="60.0697410" lon="10.5394590">
    <ele>528.4</ele>
   </trkpt>
   <trkpt lat="60.0696890" lon="10.5395410">
    <ele>527.9</ele>
   </trkpt>
   <trkpt lat="60.0696590" lon="10.5395760">
    <ele>527.6</ele>
   </trkpt>
   <trkpt lat="60.0696020" lon="10.5396610">
    <ele>527.1</ele>
   </trkpt>
   <trkpt lat="60.0695900" lon="10.5396800">
    <ele>526.9</ele>
   </trkpt>
   <trkpt lat="60.0695570" lon="10.5397200">
    <ele>526.6</ele>
   </trkpt>
   <trkpt lat="60.0695420" lon="10.5397180">
    <ele>526.4</ele>
   </trkpt>
   <trkpt lat="60.0695260" lon="10.5397180">
    <ele>526.3</ele>
   </trkpt>
   <trkpt lat="60.0694430" lon="10.5397310">
    <ele>525.5</ele>
   </trkpt>
   <trkpt lat="60.0694330" lon="10.5397040">
    <ele>525.3</ele>
   </trkpt>
   <trkpt lat="60.0692860" lon="10.5397740">
    <ele>524.1</ele>
   </trkpt>
   <trkpt lat="60.0692730" lon="10.5397810">
    <ele>524.0</ele>
   </trkpt>
   <trkpt lat="60.0692100" lon="10.5398520">
    <ele>523.3</ele>
   </trkpt>
   <trkpt lat="60.0692010" lon="10.5398780">
    <ele>523.1</ele>
   </trkpt>
   <trkpt lat="60.0691100" lon="10.5399550">
    <ele>522.0</ele>
   </trkpt>
   <trkpt lat="60.0690740" lon="10.5399700">
    <ele>521.5</ele>
   </trkpt>
   <trkpt lat="60.0690640" lon="10.5399580">
    <ele>521.3</ele>
   </trkpt>
   <trkpt lat="60.0690460" lon="10.5399030">
    <ele>520.9</ele>
   </trkpt>
   <trkpt lat="60.0690330" lon="10.5398880">
    <ele>520.7</ele>
   </trkpt>
   <trkpt lat="60.0690000" lon="10.5397890">
    <ele>519.8</ele>
   </trkpt>
   <trkpt lat="60.0689880" lon="10.5397640">
    <ele>519.5</ele>
   </trkpt>
   <trkpt lat="60.0689610" lon="10.5397450">
    <ele>519.1</ele>
   </trkpt>
   <trkpt lat="60.0689530" lon="10.5397480">
    <ele>519.0</ele>
   </trkpt>
   <trkpt lat="60.0689170" lon="10.5397690">
    <ele>518.3</ele>
   </trkpt>
   <trkpt lat="60.0689090" lon="10.5397720">
    <ele>518.2</ele>
   </trkpt>
   <trkpt lat="60.0688970" lon="10.5397710">
    <ele>517.9</ele>
   </trkpt>
   <trkpt lat="60.0688680" lon="10.5397680">
    <ele>517.4</ele>
   </trkpt>
   <trkpt lat="60.0688030" lon="10.5397760">
    <ele>516.0</ele>
   </trkpt>
   <trkpt lat="60.0687860" lon="10.5397830">
    <ele>515.6</ele>
   </trkpt>
   <trkpt lat="60.0687760" lon="10.5398090">
    <ele>515.2</ele>
   </trkpt>
   <trkpt lat="60.0687630" lon="10.5398070">
    <ele>514.9</ele>
   </trkpt>
   <trkpt lat="60.0687560" lon="10.5397970">
    <ele>514.7</ele>
   </trkpt>
   <trkpt lat="60.0687480" lon="10.5397750">
    <ele>514.4</ele>
   </trkpt>
   <trkpt lat="60.0687010" lon="10.5397150">
    <ele>513.2</ele>
   </trkpt>
   <trkpt lat="60.0686670" lon="10.5396800">
    <ele>512.3</ele>
   </trkpt>
   <trkpt lat="60.0686260" lon="10.5396710">
    <ele>511.4</ele>
   </trkpt>
   <trkpt lat="60.0686100" lon="10.5396650">
    <ele>511.1</ele>
   </trkpt>
   <trkpt lat="60.0685630" lon="10.5396690">
    <ele>510.0</ele>
   </trkpt>
   <trkpt lat="60.0685060" lon="10.5396840">
    <ele>508.7</ele>
   </trkpt>
   <trkpt lat="60.0684850" lon="10.5397020">
    <ele>508.1</ele>
   </trkpt>
   <trkpt lat="60.0683210" lon="10.5398850">
    <ele>503.2</ele>
   </trkpt>
   <trkpt lat="60.0683060" lon="10.5398990">
    <ele>502.8</ele>
   </trkpt>
   <trkpt lat="60.0682440" lon="10.5399010">
    <ele>501.2</ele>
   </trkpt>
   <trkpt lat="60.0682170" lon="10.5398850">
    <ele>500.6</ele>
   </trkpt>
   <trkpt lat="60.0681890" lon="10.5398520">
    <ele>500.0</ele>
   </trkpt>
   <trkpt lat="60.0681350" lon="10.5398290">
    <ele>499.1</ele>
   </trkpt>
   <trkpt lat="60.0680130" lon="10.5399500">
    <ele>497.6</ele>
   </trkpt>
   <trkpt lat="60.0679800" lon="10.5399730">
    <ele>497.1</ele>
   </trkpt>
   <trkpt lat="60.0679450" lon="10.5399920">
    <ele>496.6</ele>
   </trkpt>
   <trkpt lat="60.0679190" lon="10.5400250">
    <ele>496.1</ele>
   </trkpt>
   <trkpt lat="60.0679050" lon="10.5400350">
    <ele>495.9</ele>
   </trkpt>
   <trkpt lat="60.0678450" lon="10.5400710">
    <ele>494.8</ele>
   </trkpt>
   <trkpt lat="60.0677810" lon="10.5400720">
    <ele>493.6</ele>
   </trkpt>
   <trkpt lat="60.0677500" lon="10.5400600">
    <ele>493.1</ele>
   </trkpt>
   <trkpt lat="60.0677230" lon="10.5400650">
    <ele>492.5</ele>
   </trkpt>
   <trkpt lat="60.0676540" lon="10.5401230">
    <ele>491.1</ele>
   </trkpt>
   <trkpt lat="60.0676400" lon="10.5401060">
    <ele>490.8</ele>
   </trkpt>
   <trkpt lat="60.0675880" lon="10.5401160">
    <ele>489.7</ele>
   </trkpt>
   <trkpt lat="60.0675640" lon="10.5401510">
    <ele>489.1</ele>
   </trkpt>
   <trkpt lat="60.0675400" lon="10.5401830">
    <ele>488.5</ele>
   </trkpt>
   <trkpt lat="60.0675390" lon="10.5401970">
    <ele>488.4</ele>
   </trkpt>
   <trkpt lat="60.0675360" lon="10.5402050">
    <ele>488.3</ele>
   </trkpt>
   <trkpt lat="60.0675350" lon="10.5402120">
    <ele>488.2</ele>
   </trkpt>
   <trkpt lat="60.0675380" lon="10.5402210">
    <ele>488.1</ele>
   </trkpt>
   <trkpt lat="60.0675440" lon="10.5402130">
    <ele>487.9</ele>
   </trkpt>
   <trkpt lat="60.0675360" lon="10.5402110">
    <ele>487.8</ele>
   </trkpt>
   <trkpt lat="60.0675100" lon="10.5401720">
    <ele>487.1</ele>
   </trkpt>
   <trkpt lat="60.0674560" lon="10.5401740">
    <ele>486.0</ele>
   </trkpt>
   <trkpt lat="60.0674300" lon="10.5401960">
    <ele>485.5</ele>
   </trkpt>
   <trkpt lat="60.0673960" lon="10.5402230">
    <ele>484.8</ele>
   </trkpt>
   <trkpt lat="60.0673710" lon="10.5402390">
    <ele>484.2</ele>
   </trkpt>
   <trkpt lat="60.0673620" lon="10.5402290">
    <ele>484.1</ele>
   </trkpt>
   <trkpt lat="60.0672750" lon="10.5402820">
    <ele>482.1</ele>
   </trkpt>
   <trkpt lat="60.0672590" lon="10.5402840">
    <ele>481.8</ele>
   </trkpt>
   <trkpt lat="60.0672300" lon="10.5402930">
    <ele>481.1</ele>
   </trkpt>
   <trkpt lat="60.0672010" lon="10.5402750">
    <ele>480.5</ele>
   </trkpt>
   <trkpt lat="60.0670640" lon="10.5402150">
    <ele>477.6</ele>
   </trkpt>
   <trkpt lat="60.0670430" lon="10.5402140">
    <ele>477.3</ele>
   </trkpt>
   <trkpt lat="60.0669440" lon="10.5402640">
    <ele>475.9</ele>
   </trkpt>
   <trkpt lat="60.0668760" lon="10.5402430">
    <ele>475.2</ele>
   </trkpt>
   <trkpt lat="60.0668660" lon="10.5402250">
    <ele>475.0</ele>
   </trkpt>
   <trkpt lat="60.0668460" lon="10.5401880">
    <ele>474.8</ele>
   </trkpt>
   <trkpt lat="60.0668280" lon="10.5401880">
    <ele>474.7</ele>
   </trkpt>
   <trkpt lat="60.0668010" lon="10.5402000">
    <ele>474.4</ele>
   </trkpt>
   <trkpt lat="60.0667780" lon="10.5401830">
    <ele>474.2</ele>
   </trkpt>
   <trkpt lat="60.0667800" lon="10.5401530">
    <ele>474.1</ele>
   </trkpt>
   <trkpt lat="60.0667820" lon="10.5401140">
    <ele>473.9</ele>
   </trkpt>
   <trkpt lat="60.0667860" lon="10.5400840">
    <ele>473.7</ele>
   </trkpt>
   <trkpt lat="60.0667880" lon="10.5400350">
    <ele>473.5</ele>
   </trkpt>
   <trkpt lat="60.0667280" lon="10.5400380">
    <ele>472.9</ele>
   </trkpt>
   <trkpt lat="60.0666740" lon="10.5400770">
    <ele>472.3</ele>
   </trkpt>
   <trkpt lat="60.0666280" lon="10.5401050">
    <ele>471.8</ele>
   </trkpt>
   <trkpt lat="60.0666020" lon="10.5401200">
    <ele>471.5</ele>
   </trkpt>
   <trkpt lat="60.0665570" lon="10.5401500">
    <ele>471.1</ele>
   </trkpt>
   <trkpt lat="60.0664290" lon="10.5401750">
    <ele>469.9</ele>
   </trkpt>
   <trkpt lat="60.0662820" lon="10.5402380">
    <ele>468.5</ele>
   </trkpt>
   <trkpt lat="60.0662580" lon="10.5402160">
    <ele>468.3</ele>
   </trkpt>
   <trkpt lat="60.0661100" lon="10.5403490">
    <ele>466.7</ele>
   </trkpt>
   <trkpt lat="60.0660800" lon="10.5403660">
    <ele>466.3</ele>
   </trkpt>
   <trkpt lat="60.0660540" lon="10.5403620">
    <ele>465.9</ele>
   </trkpt>
   <trkpt lat="60.0660100" lon="10.5403320">
    <ele>465.2</ele>
   </trkpt>
   <trkpt lat="60.0659710" lon="10.5403060">
    <ele>464.5</ele>
   </trkpt>
   <trkpt lat="60.0659610" lon="10.5402930">
    <ele>464.3</ele>
   </trkpt>
   <trkpt lat="60.0659570" lon="10.5402670">
    <ele>464.1</ele>
   </trkpt>
   <trkpt lat="60.0659460" lon="10.5401630">
    <ele>463.2</ele>
   </trkpt>
   <trkpt lat="60.0659340" lon="10.5401390">
    <ele>462.9</ele>
   </trkpt>
   <trkpt lat="60.0658980" lon="10.5401230">
    <ele>462.3</ele>
   </trkpt>
   <trkpt lat="60.0658700" lon="10.5401360">
    <ele>461.8</ele>
   </trkpt>
   <trkpt lat="60.0658410" lon="10.5401580">
    <ele>461.3</ele>
   </trkpt>
   <trkpt lat="60.0657840" lon="10.5401830">
    <ele>460.4</ele>
   </trkpt>
   <trkpt lat="60.0657630" lon="10.5401840">
    <ele>460.1</ele>
   </trkpt>
   <trkpt lat="60.0657500" lon="10.5401690">
    <ele>459.9</ele>
   </trkpt>
   <trkpt lat="60.0657080" lon="10.5401570">
    <ele>459.3</ele>
   </trkpt>
   <trkpt lat="60.0656940" lon="10.5401490">
    <ele>459.1</ele>
   </trkpt>
   <trkpt lat="60.0656820" lon="10.5401420">
    <ele>458.9</ele>
   </trkpt>
   <trkpt lat="60.0656400" lon="10.5401390">
    <ele>458.3</ele>
   </trkpt>
   <trkpt lat="60.0656020" lon="10.5401670">
    <ele>457.9</ele>
   </trkpt>
   <trkpt lat="60.0655710" lon="10.5402080">
    <ele>457.5</ele>
   </trkpt>
   <trkpt lat="60.0654960" lon="10.5402860">
    <ele>457.0</ele>
   </trkpt>
   <trkpt lat="60.0654780" lon="10.5403080">
    <ele>456.9</ele>
   </trkpt>
   <trkpt lat="60.0654500" lon="10.5403590">
    <ele>456.8</ele>
   </trkpt>
   <trkpt lat="60.0654420" lon="10.5403750">
    <ele>456.8</ele>
   </trkpt>
   <trkpt lat="60.0654370" lon="10.5403730">
    <ele>456.7</ele>
   </trkpt>
   <trkpt lat="60.0654300" lon="10.5403920">
    <ele>456.7</ele>
   </trkpt>
   <trkpt lat="60.0653810" lon="10.5404890">
    <ele>456.5</ele>
   </trkpt>
   <trkpt lat="60.0653700" lon="10.5405110">
    <ele>456.4</ele>
   </trkpt>
   <trkpt lat="60.0653100" lon="10.5405880">
    <ele>456.1</ele>
   </trkpt>
   <trkpt lat="60.0652700" lon="10.5406320">
    <ele>455.7</ele>
   </trkpt>
   <trkpt lat="60.0652200" lon="10.5407060">
    <ele>455.0</ele>
   </trkpt>
   <trkpt lat="60.0652120" lon="10.5407040">
    <ele>454.9</ele>
   </trkpt>
   <trkpt lat="60.0652010" lon="10.5407140">
    <ele>454.7</ele>
   </trkpt>
   <trkpt lat="60.0651850" lon="10.5407280">
    <ele>454.5</ele>
   </trkpt>
   <trkpt lat="60.0651660" lon="10.5407310">
    <ele>454.1</ele>
   </trkpt>
   <trkpt lat="60.0651280" lon="10.5407320">
    <ele>453.4</ele>
   </trkpt>
   <trkpt lat="60.0651240" lon="10.5407660">
    <ele>453.1</ele>
   </trkpt>
   <trkpt lat="60.0650820" lon="10.5408060">
    <ele>452.0</ele>
   </trkpt>
   <trkpt lat="60.0650280" lon="10.5408300">
    <ele>450.6</ele>
   </trkpt>
   <trkpt lat="60.0650180" lon="10.5408390">
    <ele>450.3</ele>
   </trkpt>
   <trkpt lat="60.0650180" lon="10.5408390">
    <ele>450.3</ele>
   </trkpt>
   <trkpt lat="60.0649770" lon="10.5407540">
    <ele>448.6</ele>
   </trkpt>
   <trkpt lat="60.0649280" lon="10.5407520">
    <ele>447.3</ele>
   </trkpt>
   <trkpt lat="60.0648660" lon="10.5407760">
    <ele>445.7</ele>
   </trkpt>
   <trkpt lat="60.0648190" lon="10.5408840">
    <ele>444.8</ele>
   </trkpt>
   <trkpt lat="60.0647280" lon="10.5411140">
    <ele>443.4</ele>
   </trkpt>
   <trkpt lat="60.0647270" lon="10.5413260">
    <ele>442.5</ele>
   </trkpt>
   <trkpt lat="60.0647270" lon="10.5414050">
    <ele>442.1</ele>
   </trkpt>
   <trkpt lat="60.0647110" lon="10.5416330">
    <ele>440.9</ele>
   </trkpt>
   <trkpt lat="60.0647400" lon="10.5417610">
    <ele>440.2</ele>
   </trkpt>
   <trkpt lat="60.0647230" lon="10.5418280">
    <ele>439.8</ele>
   </trkpt>
   <trkpt lat="60.0647750" lon="10.5419540">
    <ele>439.0</ele>
   </trkpt>
   <trkpt lat="60.0647860" lon="10.5419970">
    <ele>438.7</ele>
   </trkpt>
   <trkpt lat="60.0648040" lon="10.5422690">
    <ele>437.3</ele>
   </trkpt>
   <trkpt lat="60.0648310" lon="10.5423030">
    <ele>437.0</ele>
   </trkpt>
   <trkpt lat="60.0648860" lon="10.5424170">
    <ele>436.2</ele>
   </trkpt>
   <trkpt lat="60.0649060" lon="10.5425350">
    <ele>435.7</ele>
   </trkpt>
   <trkpt lat="60.0649560" lon="10.5426950">
    <ele>434.8</ele>
   </trkpt>
   <trkpt lat="60.0650050" lon="10.5428490">
    <ele>434.0</ele>
   </trkpt>
   <trkpt lat="60.0650520" lon="10.5430260">
    <ele>433.0</ele>
   </trkpt>
   <trkpt lat="60.0650790" lon="10.5431280">
    <ele>432.5</ele>
   </trkpt>
   <trkpt lat="60.0651970" lon="10.5433100">
    <ele>431.0</ele>
   </trkpt>
   <trkpt lat="60.0652840" lon="10.5435320">
    <ele>429.7</ele>
   </trkpt>
   <trkpt lat="60.0653370" lon="10.5439020">
    <ele>428.0</ele>
   </trkpt>
   <trkpt lat="60.0653390" lon="10.5440870">
    <ele>427.2</ele>
   </trkpt>
   <trkpt lat="60.0653300" lon="10.5442250">
    <ele>426.6</ele>
   </trkpt>
   <trkpt lat="60.0652910" lon="10.5443800">
    <ele>425.8</ele>
   </trkpt>
   <trkpt lat="60.0652490" lon="10.5444550">
    <ele>425.2</ele>
   </trkpt>
   <trkpt lat="60.0652260" lon="10.5444910">
    <ele>425.0</ele>
   </trkpt>
   <trkpt lat="60.0651240" lon="10.5445740">
    <ele>423.9</ele>
   </trkpt>
   <trkpt lat="60.0650700" lon="10.5446090">
    <ele>423.5</ele>
   </trkpt>
   <trkpt lat="60.0650420" lon="10.5446330">
    <ele>423.2</ele>
   </trkpt>
   <trkpt lat="60.0649890" lon="10.5446760">
    <ele>422.7</ele>
   </trkpt>
   <trkpt lat="60.0649000" lon="10.5447500">
    <ele>421.9</ele>
   </trkpt>
   <trkpt lat="60.0648760" lon="10.5447730">
    <ele>421.6</ele>
   </trkpt>
   <trkpt lat="60.0648030" lon="10.5448670">
    <ele>420.8</ele>
   </trkpt>
   <trkpt lat="60.0647700" lon="10.5449620">
    <ele>420.2</ele>
   </trkpt>
   <trkpt lat="60.0647330" lon="10.5451090">
    <ele>419.4</ele>
   </trkpt>
   <trkpt lat="60.0647260" lon="10.5451650">
    <ele>419.1</ele>
   </trkpt>
   <trkpt lat="60.0647130" lon="10.5452740">
    <ele>418.5</ele>
   </trkpt>
   <trkpt lat="60.0647110" lon="10.5453840">
    <ele>418.0</ele>
   </trkpt>
   <trkpt lat="60.0647240" lon="10.5455810">
    <ele>417.0</ele>
   </trkpt>
   <trkpt lat="60.0647340" lon="10.5456240">
    <ele>416.8</ele>
   </trkpt>
   <trkpt lat="60.0647500" lon="10.5457500">
    <ele>416.1</ele>
   </trkpt>
   <trkpt lat="60.0647410" lon="10.5458040">
    <ele>415.8</ele>
   </trkpt>
   <trkpt lat="60.0647240" lon="10.5458600">
    <ele>415.4</ele>
   </trkpt>
   <trkpt lat="60.0646770" lon="10.5459200">
    <ele>414.8</ele>
   </trkpt>
   <trkpt lat="60.0646510" lon="10.5459360">
    <ele>414.2</ele>
   </trkpt>
   <trkpt lat="60.0645600" lon="10.5459520">
    <ele>413.4</ele>
   </trkpt>
   <trkpt lat="60.0645290" lon="10.5459500">
    <ele>413.1</ele>
   </trkpt>
   <trkpt lat="60.0644950" lon="10.5459480">
    <ele>412.9</ele>
   </trkpt>
   <trkpt lat="60.0643950" lon="10.5459470">
    <ele>412.0</ele>
   </trkpt>
   <trkpt lat="60.0643280" lon="10.5459360">
    <ele>411.5</ele>
   </trkpt>
   <trkpt lat="60.0642980" lon="10.5459410">
    <ele>411.3</ele>
   </trkpt>
   <trkpt lat="60.0642130" lon="10.5459380">
    <ele>410.5</ele>
   </trkpt>
   <trkpt lat="60.0641330" lon="10.5459420">
    <ele>409.8</ele>
   </trkpt>
   <trkpt lat="60.0639520" lon="10.5460320">
    <ele>407.9</ele>
   </trkpt>
   <trkpt lat="60.0638300" lon="10.5460710">
    <ele>406.7</ele>
   </trkpt>
   <trkpt lat="60.0637630" lon="10.5460820">
    <ele>406.1</ele>
   </trkpt>
   <trkpt lat="60.0636740" lon="10.5461480">
    <ele>405.3</ele>
   </trkpt>
   <trkpt lat="60.0636110" lon="10.5461800">
    <ele>404.7</ele>
   </trkpt>
   <trkpt lat="60.0635150" lon="10.5461950">
    <ele>403.8</ele>
   </trkpt>
   <trkpt lat="60.0634570" lon="10.5462150">
    <ele>403.3</ele>
   </trkpt>
   <trkpt lat="60.0634270" lon="10.5462330">
    <ele>403.0</ele>
   </trkpt>
   <trkpt lat="60.0633970" lon="10.5462460">
    <ele>402.7</ele>
   </trkpt>
   <trkpt lat="60.0633060" lon="10.5462880">
    <ele>401.9</ele>
   </trkpt>
   <trkpt lat="60.0632480" lon="10.5463150">
    <ele>401.4</ele>
   </trkpt>
   <trkpt lat="60.0631610" lon="10.5463390">
    <ele>400.6</ele>
   </trkpt>
   <trkpt lat="60.0630910" lon="10.5463410">
    <ele>400.0</ele>
   </trkpt>
   <trkpt lat="60.0630590" lon="10.5463430">
    <ele>399.7</ele>
   </trkpt>
   <trkpt lat="60.0629580" lon="10.5464290">
    <ele>398.7</ele>
   </trkpt>
   <trkpt lat="60.0628620" lon="10.5465770">
    <ele>397.5</ele>
   </trkpt>
   <trkpt lat="60.0628080" lon="10.5466260">
    <ele>396.9</ele>
   </trkpt>
   <trkpt lat="60.0627400" lon="10.5466860">
    <ele>396.2</ele>
   </trkpt>
   <trkpt lat="60.0625190" lon="10.5469220">
    <ele>393.8</ele>
   </trkpt>
   <trkpt lat="60.0624630" lon="10.5469410">
    <ele>393.4</ele>
   </trkpt>
   <trkpt lat="60.0623670" lon="10.5470030">
    <ele>392.7</ele>
   </trkpt>
   <trkpt lat="60.0621760" lon="10.5470890">
    <ele>391.5</ele>
   </trkpt>
   <trkpt lat="60.0621470" lon="10.5471010">
    <ele>391.3</ele>
   </trkpt>
   <trkpt lat="60.0620550" lon="10.5470990">
    <ele>390.7</ele>
   </trkpt>
   <trkpt lat="60.0620010" lon="10.5471180">
    <ele>390.3</ele>
   </trkpt>
   <trkpt lat="60.0619410" lon="10.5471370">
    <ele>389.8</ele>
   </trkpt>
   <trkpt lat="60.0618290" lon="10.5472100">
    <ele>388.9</ele>
   </trkpt>
   <trkpt lat="60.0618010" lon="10.5472310">
    <ele>388.7</ele>
   </trkpt>
   <trkpt lat="60.0617470" lon="10.5472820">
    <ele>388.2</ele>
   </trkpt>
   <trkpt lat="60.0616680" lon="10.5473640">
    <ele>387.5</ele>
   </trkpt>
   <trkpt lat="60.0616210" lon="10.5474420">
    <ele>387.0</ele>
   </trkpt>
   <trkpt lat="60.0616000" lon="10.5474810">
    <ele>386.8</ele>
   </trkpt>
   <trkpt lat="60.0615120" lon="10.5476510">
    <ele>386.2</ele>
   </trkpt>
   <trkpt lat="60.0614640" lon="10.5477380">
    <ele>385.8</ele>
   </trkpt>
   <trkpt lat="60.0613690" lon="10.5479300">
    <ele>385.1</ele>
   </trkpt>
   <trkpt lat="60.0612590" lon="10.5482310">
    <ele>384.1</ele>
   </trkpt>
   <trkpt lat="60.0612480" lon="10.5482780">
    <ele>383.9</ele>
   </trkpt>
   <trkpt lat="60.0611550" lon="10.5485190">
    <ele>383.0</ele>
   </trkpt>
   <trkpt lat="60.0610970" lon="10.5486770">
    <ele>382.4</ele>
   </trkpt>
   <trkpt lat="60.0610410" lon="10.5488240">
    <ele>381.9</ele>
   </trkpt>
   <trkpt lat="60.0609920" lon="10.5489290">
    <ele>381.5</ele>
   </trkpt>
   <trkpt lat="60.0609480" lon="10.5490030">
    <ele>381.2</ele>
   </trkpt>
   <trkpt lat="60.0608740" lon="10.5491540">
    <ele>380.8</ele>
   </trkpt>
   <trkpt lat="60.0608550" lon="10.5492030">
    <ele>380.6</ele>
   </trkpt>
   <trkpt lat="60.0607620" lon="10.5494410">
    <ele>379.8</ele>
   </trkpt>
   <trkpt lat="60.0607440" lon="10.5494770">
    <ele>379.7</ele>
   </trkpt>
   <trkpt lat="60.0606830" lon="10.5496170">
    <ele>379.2</ele>
   </trkpt>
   <trkpt lat="60.0606390" lon="10.5497170">
    <ele>378.8</ele>
   </trkpt>
   <trkpt lat="60.0605720" lon="10.5498340">
    <ele>378.3</ele>
   </trkpt>
   <trkpt lat="60.0605300" lon="10.5499180">
    <ele>377.9</ele>
   </trkpt>
   <trkpt lat="60.0605060" lon="10.5499560">
    <ele>377.7</ele>
   </trkpt>
   <trkpt lat="60.0604120" lon="10.5500560">
    <ele>377.2</ele>
   </trkpt>
   <trkpt lat="60.0602770" lon="10.5501420">
    <ele>376.4</ele>
   </trkpt>
   <trkpt lat="60.0601100" lon="10.5502690">
    <ele>375.5</ele>
   </trkpt>
   <trkpt lat="60.0600180" lon="10.5502890">
    <ele>375.1</ele>
   </trkpt>
   <trkpt lat="60.0599200" lon="10.5503950">
    <ele>374.6</ele>
   </trkpt>
   <trkpt lat="60.0598210" lon="10.5505010">
    <ele>374.1</ele>
   </trkpt>
   <trkpt lat="60.0597340" lon="10.5505480">
    <ele>373.8</ele>
   </trkpt>
   <trkpt lat="60.0596600" lon="10.5506290">
    <ele>373.5</ele>
   </trkpt>
   <trkpt lat="60.0596380" lon="10.5506630">
    <ele>373.4</ele>
   </trkpt>
   <trkpt lat="60.0595340" lon="10.5508550">
    <ele>373.0</ele>
   </trkpt>
   <trkpt lat="60.0594580" lon="10.5510510">
    <ele>372.4</ele>
   </trkpt>
   <trkpt lat="60.0594340" lon="10.5511000">
    <ele>372.3</ele>
   </trkpt>
   <trkpt lat="60.0593650" lon="10.5512380">
    <ele>371.7</ele>
   </trkpt>
   <trkpt lat="60.0593450" lon="10.5512820">
    <ele>371.5</ele>
   </trkpt>
   <trkpt lat="60.0593040" lon="10.5513430">
    <ele>371.1</ele>
   </trkpt>
   <trkpt lat="60.0592070" lon="10.5514680">
    <ele>370.3</ele>
   </trkpt>
   <trkpt lat="60.0591850" lon="10.5514950">
    <ele>370.1</ele>
   </trkpt>
   <trkpt lat="60.0590550" lon="10.5515860">
    <ele>369.1</ele>
   </trkpt>
   <trkpt lat="60.0589360" lon="10.5514880">
    <ele>368.2</ele>
   </trkpt>
   <trkpt lat="60.0589130" lon="10.5514680">
    <ele>368.0</ele>
   </trkpt>
   <trkpt lat="60.0588060" lon="10.5514780">
    <ele>367.4</ele>
   </trkpt>
   <trkpt lat="60.0587480" lon="10.5514960">
    <ele>367.1</ele>
   </trkpt>
   <trkpt lat="60.0585130" lon="10.5517660">
    <ele>365.7</ele>
   </trkpt>
   <trkpt lat="60.0584670" lon="10.5518460">
    <ele>365.4</ele>
   </trkpt>
   <trkpt lat="60.0583820" lon="10.5521210">
    <ele>364.2</ele>
   </trkpt>
   <trkpt lat="60.0583230" lon="10.5523520">
    <ele>363.2</ele>
   </trkpt>
   <trkpt lat="60.0582970" lon="10.5524810">
    <ele>362.6</ele>
   </trkpt>
   <trkpt lat="60.0582600" lon="10.5526600">
    <ele>361.8</ele>
   </trkpt>
   <trkpt lat="60.0582050" lon="10.5528310">
    <ele>360.9</ele>
   </trkpt>
   <trkpt lat="60.0581670" lon="10.5529300">
    <ele>360.2</ele>
   </trkpt>
   <trkpt lat="60.0580940" lon="10.5529580">
    <ele>359.6</ele>
   </trkpt>
   <trkpt lat="60.0580670" lon="10.5529720">
    <ele>359.3</ele>
   </trkpt>
   <trkpt lat="60.0579310" lon="10.5531140">
    <ele>358.2</ele>
   </trkpt>
   <trkpt lat="60.0578110" lon="10.5531990">
    <ele>357.6</ele>
   </trkpt>
   <trkpt lat="60.0576190" lon="10.5533220">
    <ele>356.9</ele>
   </trkpt>
   <trkpt lat="60.0575360" lon="10.5533830">
    <ele>356.8</ele>
   </trkpt>
   <trkpt lat="60.0574740" lon="10.5534050">
    <ele>356.7</ele>
   </trkpt>
   <trkpt lat="60.0573110" lon="10.5534510">
    <ele>356.4</ele>
   </trkpt>
   <trkpt lat="60.0571420" lon="10.5535110">
    <ele>356.2</ele>
   </trkpt>
   <trkpt lat="60.0570640" lon="10.5535170">
    <ele>356.1</ele>
   </trkpt>
   <trkpt lat="60.0569460" lon="10.5535250">
    <ele>355.9</ele>
   </trkpt>
   <trkpt lat="60.0568060" lon="10.5535440">
    <ele>355.5</ele>
   </trkpt>
   <trkpt lat="60.0567400" lon="10.5534800">
    <ele>355.3</ele>
   </trkpt>
   <trkpt lat="60.0566540" lon="10.5534840">
    <ele>355.0</ele>
   </trkpt>
   <trkpt lat="60.0565400" lon="10.5535410">
    <ele>354.6</ele>
   </trkpt>
   <trkpt lat="60.0564170" lon="10.5535990">
    <ele>354.0</ele>
   </trkpt>
   <trkpt lat="60.0563960" lon="10.5536190">
    <ele>353.9</ele>
   </trkpt>
   <trkpt lat="60.0561790" lon="10.5539540">
    <ele>352.7</ele>
   </trkpt>
   <trkpt lat="60.0561650" lon="10.5540100">
    <ele>352.5</ele>
   </trkpt>
   <trkpt lat="60.0561100" lon="10.5544040">
    <ele>351.1</ele>
   </trkpt>
   <trkpt lat="60.0560720" lon="10.5548280">
    <ele>349.6</ele>
   </trkpt>
   <trkpt lat="60.0560630" lon="10.5548960">
    <ele>349.3</ele>
   </trkpt>
   <trkpt lat="60.0560030" lon="10.5552540">
    <ele>347.9</ele>
   </trkpt>
   <trkpt lat="60.0559900" lon="10.5553140">
    <ele>347.6</ele>
   </trkpt>
   <trkpt lat="60.0559780" lon="10.5553670">
    <ele>347.4</ele>
   </trkpt>
   <trkpt lat="60.0559130" lon="10.5556270">
    <ele>346.4</ele>
   </trkpt>
   <trkpt lat="60.0558580" lon="10.5560400">
    <ele>345.2</ele>
   </trkpt>
   <trkpt lat="60.0558500" lon="10.5561090">
    <ele>345.0</ele>
   </trkpt>
   <trkpt lat="60.0558040" lon="10.5565090">
    <ele>344.0</ele>
   </trkpt>
   <trkpt lat="60.0557980" lon="10.5565760">
    <ele>343.9</ele>
   </trkpt>
   <trkpt lat="60.0557320" lon="10.5569310">
    <ele>342.9</ele>
   </trkpt>
   <trkpt lat="60.0557060" lon="10.5571180">
    <ele>342.4</ele>
   </trkpt>
   <trkpt lat="60.0556890" lon="10.5573720">
    <ele>341.7</ele>
   </trkpt>
   <trkpt lat="60.0556650" lon="10.5576340">
    <ele>341.0</ele>
   </trkpt>
   <trkpt lat="60.0556520" lon="10.5577570">
    <ele>340.7</ele>
   </trkpt>
   <trkpt lat="60.0556270" lon="10.5580560">
    <ele>340.1</ele>
   </trkpt>
   <trkpt lat="60.0555760" lon="10.5583750">
    <ele>339.6</ele>
   </trkpt>
   <trkpt lat="60.0554950" lon="10.5587120">
    <ele>339.0</ele>
   </trkpt>
   <trkpt lat="60.0554640" lon="10.5587870">
    <ele>338.9</ele>
   </trkpt>
   <trkpt lat="60.0554240" lon="10.5588530">
    <ele>338.7</ele>
   </trkpt>
   <trkpt lat="60.0553450" lon="10.5589840">
    <ele>338.2</ele>
   </trkpt>
   <trkpt lat="60.0551110" lon="10.5592670">
    <ele>336.7</ele>
   </trkpt>
   <trkpt lat="60.0550120" lon="10.5593990">
    <ele>335.8</ele>
   </trkpt>
   <trkpt lat="60.0548760" lon="10.5593960">
    <ele>334.7</ele>
   </trkpt>
   <trkpt lat="60.0548220" lon="10.5593280">
    <ele>334.2</ele>
   </trkpt>
   <trkpt lat="60.0546500" lon="10.5591210">
    <ele>333.0</ele>
   </trkpt>
   <trkpt lat="60.0546250" lon="10.5590840">
    <ele>332.9</ele>
   </trkpt>
   <trkpt lat="60.0546010" lon="10.5590440">
    <ele>332.7</ele>
   </trkpt>
   <trkpt lat="60.0544740" lon="10.5588000">
    <ele>332.2</ele>
   </trkpt>
   <trkpt lat="60.0543670" lon="10.5586220">
    <ele>332.2</ele>
   </trkpt>
   <trkpt lat="60.0543190" lon="10.5585470">
    <ele>332.2</ele>
   </trkpt>
   <trkpt lat="60.0541800" lon="10.5584750">
    <ele>332.2</ele>
   </trkpt>
   <trkpt lat="60.0541190" lon="10.5584580">
    <ele>332.2</ele>
   </trkpt>
   <trkpt lat="60.0539970" lon="10.5584360">
    <ele>331.9</ele>
   </trkpt>
   <trkpt lat="60.0538740" lon="10.5584230">
    <ele>331.5</ele>
   </trkpt>
   <trkpt lat="60.0538070" lon="10.5584410">
    <ele>331.1</ele>
   </trkpt>
   <trkpt lat="60.0536390" lon="10.5584500">
    <ele>330.1</ele>
   </trkpt>
   <trkpt lat="60.0535490" lon="10.5584660">
    <ele>329.5</ele>
   </trkpt>
   <trkpt lat="60.0534380" lon="10.5584960">
    <ele>328.8</ele>
   </trkpt>
   <trkpt lat="60.0533890" lon="10.5585170">
    <ele>328.5</ele>
   </trkpt>
   <trkpt lat="60.0532580" lon="10.5586350">
    <ele>327.7</ele>
   </trkpt>
   <trkpt lat="60.0532340" lon="10.5586580">
    <ele>327.5</ele>
   </trkpt>
   <trkpt lat="60.0531110" lon="10.5588000">
    <ele>326.6</ele>
   </trkpt>
   <trkpt lat="60.0529550" lon="10.5588930">
    <ele>325.5</ele>
   </trkpt>
   <trkpt lat="60.0529170" lon="10.5589180">
    <ele>325.2</ele>
   </trkpt>
   <trkpt lat="60.0527500" lon="10.5588930">
    <ele>323.8</ele>
   </trkpt>
   <trkpt lat="60.0527200" lon="10.5588540">
    <ele>323.5</ele>
   </trkpt>
   <trkpt lat="60.0526050" lon="10.5587270">
    <ele>322.5</ele>
   </trkpt>
   <trkpt lat="60.0525550" lon="10.5586210">
    <ele>321.9</ele>
   </trkpt>
   <trkpt lat="60.0524790" lon="10.5585000">
    <ele>321.2</ele>
   </trkpt>
   <trkpt lat="60.0524260" lon="10.5584240">
    <ele>320.9</ele>
   </trkpt>
   <trkpt lat="60.0524000" lon="10.5583910">
    <ele>320.8</ele>
   </trkpt>
   <trkpt lat="60.0523150" lon="10.5582980">
    <ele>320.5</ele>
   </trkpt>
   <trkpt lat="60.0521950" lon="10.5582220">
    <ele>320.6</ele>
   </trkpt>
   <trkpt lat="60.0521620" lon="10.5582150">
    <ele>320.6</ele>
   </trkpt>
   <trkpt lat="60.0520110" lon="10.5582160">
    <ele>321.0</ele>
   </trkpt>
   <trkpt lat="60.0519860" lon="10.5582190">
    <ele>321.0</ele>
   </trkpt>
   <trkpt lat="60.0518360" lon="10.5582980">
    <ele>321.5</ele>
   </trkpt>
   <trkpt lat="60.0517760" lon="10.5583500">
    <ele>321.7</ele>
   </trkpt>
   <trkpt lat="60.0516320" lon="10.5585130">
    <ele>322.0</ele>
   </trkpt>
   <trkpt lat="60.0515490" lon="10.5585910">
    <ele>322.2</ele>
   </trkpt>
   <trkpt lat="60.0514680" lon="10.5586690">
    <ele>322.2</ele>
   </trkpt>
   <trkpt lat="60.0513550" lon="10.5587210">
    <ele>322.2</ele>
   </trkpt>
   <trkpt lat="60.0513240" lon="10.5587350">
    <ele>322.2</ele>
   </trkpt>
   <trkpt lat="60.0511720" lon="10.5588460">
    <ele>321.7</ele>
   </trkpt>
   <trkpt lat="60.0511370" lon="10.5588730">
    <ele>321.5</ele>
   </trkpt>
   <trkpt lat="60.0509490" lon="10.5589630">
    <ele>320.4</ele>
   </trkpt>
   <trkpt lat="60.0509210" lon="10.5589750">
    <ele>320.2</ele>
   </trkpt>
   <trkpt lat="60.0507890" lon="10.5589970">
    <ele>319.4</ele>
   </trkpt>
   <trkpt lat="60.0507300" lon="10.5590130">
    <ele>319.0</ele>
   </trkpt>
   <trkpt lat="60.0506140" lon="10.5590300">
    <ele>318.4</ele>
   </trkpt>
   <trkpt lat="60.0504940" lon="10.5590950">
    <ele>317.9</ele>
   </trkpt>
   <trkpt lat="60.0504360" lon="10.5591180">
    <ele>317.8</ele>
   </trkpt>
   <trkpt lat="60.0502590" lon="10.5591720">
    <ele>317.8</ele>
   </trkpt>
   <trkpt lat="60.0501980" lon="10.5591920">
    <ele>317.8</ele>
   </trkpt>
   <trkpt lat="60.0500250" lon="10.5592160">
    <ele>317.9</ele>
   </trkpt>
   <trkpt lat="60.0499950" lon="10.5592100">
    <ele>317.9</ele>
   </trkpt>
   <trkpt lat="60.0499250" lon="10.5592530">
    <ele>318.0</ele>
   </trkpt>
   <trkpt lat="60.0498780" lon="10.5592720">
    <ele>318.0</ele>
   </trkpt>
   <trkpt lat="60.0497330" lon="10.5592340">
    <ele>318.1</ele>
   </trkpt>
   <trkpt lat="60.0495100" lon="10.5594820">
    <ele>318.5</ele>
   </trkpt>
   <trkpt lat="60.0491760" lon="10.5598550">
    <ele>319.5</ele>
   </trkpt>
   <trkpt lat="60.0489990" lon="10.5598930">
    <ele>320.0</ele>
   </trkpt>
   <trkpt lat="60.0489750" lon="10.5599000">
    <ele>320.1</ele>
   </trkpt>
   <trkpt lat="60.0488240" lon="10.5599730">
    <ele>320.6</ele>
   </trkpt>
   <trkpt lat="60.0487970" lon="10.5599900">
    <ele>320.6</ele>
   </trkpt>
   <trkpt lat="60.0486740" lon="10.5600770">
    <ele>321.0</ele>
   </trkpt>
   <trkpt lat="60.0485260" lon="10.5601280">
    <ele>321.5</ele>
   </trkpt>
   <trkpt lat="60.0485030" lon="10.5601430">
    <ele>321.5</ele>
   </trkpt>
   <trkpt lat="60.0483610" lon="10.5601430">
    <ele>321.8</ele>
   </trkpt>
   <trkpt lat="60.0482060" lon="10.5601630">
    <ele>322.0</ele>
   </trkpt>
   <trkpt lat="60.0478760" lon="10.5605470">
    <ele>322.9</ele>
   </trkpt>
   <trkpt lat="60.0478090" lon="10.5605710">
    <ele>323.1</ele>
   </trkpt>
   <trkpt lat="60.0476180" lon="10.5605530">
    <ele>323.6</ele>
   </trkpt>
   <trkpt lat="60.0474550" lon="10.5604880">
    <ele>323.5</ele>
   </trkpt>
   <trkpt lat="60.0473050" lon="10.5603430">
    <ele>323.3</ele>
   </trkpt>
   <trkpt lat="60.0472620" lon="10.5602640">
    <ele>323.2</ele>
   </trkpt>
   <trkpt lat="60.0471920" lon="10.5601150">
    <ele>323.2</ele>
   </trkpt>
   <trkpt lat="60.0470660" lon="10.5599370">
    <ele>323.2</ele>
   </trkpt>
   <trkpt lat="60.0469870" lon="10.5598660">
    <ele>323.3</ele>
   </trkpt>
   <trkpt lat="60.0468810" lon="10.5597830">
    <ele>323.4</ele>
   </trkpt>
   <trkpt lat="60.0466850" lon="10.5596860">
    <ele>323.7</ele>
   </trkpt>
   <trkpt lat="60.0466560" lon="10.5597010">
    <ele>323.7</ele>
   </trkpt>
   <trkpt lat="60.0465500" lon="10.5597360">
    <ele>323.9</ele>
   </trkpt>
   <trkpt lat="60.0464440" lon="10.5597680">
    <ele>324.0</ele>
   </trkpt>
   <trkpt lat="60.0463260" lon="10.5598550">
    <ele>324.2</ele>
   </trkpt>
   <trkpt lat="60.0461790" lon="10.5599180">
    <ele>324.6</ele>
   </trkpt>
   <trkpt lat="60.0460310" lon="10.5600250">
    <ele>325.1</ele>
   </trkpt>
   <trkpt lat="60.0458820" lon="10.5600830">
    <ele>325.7</ele>
   </trkpt>
   <trkpt lat="60.0457290" lon="10.5600310">
    <ele>326.4</ele>
   </trkpt>
   <trkpt lat="60.0455560" lon="10.5600310">
    <ele>326.8</ele>
   </trkpt>
   <trkpt lat="60.0454080" lon="10.5600850">
    <ele>327.0</ele>
   </trkpt>
   <trkpt lat="60.0452630" lon="10.5601380">
    <ele>326.9</ele>
   </trkpt>
   <trkpt lat="60.0452130" lon="10.5601630">
    <ele>326.9</ele>
   </trkpt>
   <trkpt lat="60.0451040" lon="10.5602250">
    <ele>326.8</ele>
   </trkpt>
   <trkpt lat="60.0448180" lon="10.5604910">
    <ele>326.5</ele>
   </trkpt>
   <trkpt lat="60.0447880" lon="10.5605050">
    <ele>326.5</ele>
   </trkpt>
   <trkpt lat="60.0447270" lon="10.5605250">
    <ele>326.4</ele>
   </trkpt>
   <trkpt lat="60.0446180" lon="10.5605770">
    <ele>326.3</ele>
   </trkpt>
   <trkpt lat="60.0445910" lon="10.5605880">
    <ele>326.3</ele>
   </trkpt>
   <trkpt lat="60.0444740" lon="10.5606760">
    <ele>326.1</ele>
   </trkpt>
   <trkpt lat="60.0443330" lon="10.5607840">
    <ele>325.7</ele>
   </trkpt>
   <trkpt lat="60.0442770" lon="10.5608230">
    <ele>325.4</ele>
   </trkpt>
   <trkpt lat="60.0440850" lon="10.5609790">
    <ele>324.3</ele>
   </trkpt>
   <trkpt lat="60.0440570" lon="10.5610020">
    <ele>324.2</ele>
   </trkpt>
   <trkpt lat="60.0439530" lon="10.5610710">
    <ele>323.6</ele>
   </trkpt>
   <trkpt lat="60.0439030" lon="10.5610990">
    <ele>323.3</ele>
   </trkpt>
   <trkpt lat="60.0437530" lon="10.5612310">
    <ele>322.6</ele>
   </trkpt>
   <trkpt lat="60.0436210" lon="10.5613680">
    <ele>322.2</ele>
   </trkpt>
   <trkpt lat="60.0434840" lon="10.5614900">
    <ele>322.3</ele>
   </trkpt>
   <trkpt lat="60.0433560" lon="10.5616180">
    <ele>322.7</ele>
   </trkpt>
   <trkpt lat="60.0432540" lon="10.5617330">
    <ele>323.0</ele>
   </trkpt>
   <trkpt lat="60.0431960" lon="10.5617770">
    <ele>323.1</ele>
   </trkpt>
   <trkpt lat="60.0430420" lon="10.5619070">
    <ele>323.5</ele>
   </trkpt>
   <trkpt lat="60.0429510" lon="10.5619660">
    <ele>323.7</ele>
   </trkpt>
   <trkpt lat="60.0429270" lon="10.5619880">
    <ele>323.7</ele>
   </trkpt>
   <trkpt lat="60.0428350" lon="10.5620760">
    <ele>323.8</ele>
   </trkpt>
   <trkpt lat="60.0427820" lon="10.5621380">
    <ele>323.8</ele>
   </trkpt>
   <trkpt lat="60.0427560" lon="10.5621660">
    <ele>323.8</ele>
   </trkpt>
   <trkpt lat="60.0426710" lon="10.5622390">
    <ele>323.7</ele>
   </trkpt>
   <trkpt lat="60.0426160" lon="10.5622860">
    <ele>323.6</ele>
   </trkpt>
   <trkpt lat="60.0425620" lon="10.5623220">
    <ele>323.5</ele>
   </trkpt>
   <trkpt lat="60.0424570" lon="10.5623650">
    <ele>323.2</ele>
   </trkpt>
   <trkpt lat="60.0424030" lon="10.5623770">
    <ele>323.1</ele>
   </trkpt>
   <trkpt lat="60.0423460" lon="10.5623850">
    <ele>322.9</ele>
   </trkpt>
   <trkpt lat="60.0422810" lon="10.5623960">
    <ele>322.7</ele>
   </trkpt>
   <trkpt lat="60.0421890" lon="10.5624060">
    <ele>322.3</ele>
   </trkpt>
   <trkpt lat="60.0421630" lon="10.5624140">
    <ele>322.2</ele>
   </trkpt>
   <trkpt lat="60.0420170" lon="10.5624320">
    <ele>321.6</ele>
   </trkpt>
   <trkpt lat="60.0418710" lon="10.5624470">
    <ele>321.0</ele>
   </trkpt>
   <trkpt lat="60.0418130" lon="10.5624620">
    <ele>320.8</ele>
   </trkpt>
   <trkpt lat="60.0416350" lon="10.5624830">
    <ele>320.3</ele>
   </trkpt>
   <trkpt lat="60.0415250" lon="10.5624760">
    <ele>320.0</ele>
   </trkpt>
   <trkpt lat="60.0414150" lon="10.5624670">
    <ele>319.9</ele>
   </trkpt>
   <trkpt lat="60.0413890" lon="10.5624530">
    <ele>319.8</ele>
   </trkpt>
   <trkpt lat="60.0412480" lon="10.5624290">
    <ele>319.8</ele>
   </trkpt>
   <trkpt lat="60.0411040" lon="10.5624290">
    <ele>320.0</ele>
   </trkpt>
   <trkpt lat="60.0409140" lon="10.5624120">
    <ele>320.3</ele>
   </trkpt>
   <trkpt lat="60.0408870" lon="10.5624080">
    <ele>320.3</ele>
   </trkpt>
   <trkpt lat="60.0407960" lon="10.5624210">
    <ele>320.4</ele>
   </trkpt>
   <trkpt lat="60.0407650" lon="10.5624240">
    <ele>320.5</ele>
   </trkpt>
   <trkpt lat="60.0406430" lon="10.5624310">
    <ele>320.6</ele>
   </trkpt>
   <trkpt lat="60.0406120" lon="10.5624490">
    <ele>320.6</ele>
   </trkpt>
   <trkpt lat="60.0405780" lon="10.5624780">
    <ele>320.6</ele>
   </trkpt>
   <trkpt lat="60.0404110" lon="10.5625390">
    <ele>320.6</ele>
   </trkpt>
   <trkpt lat="60.0403840" lon="10.5625390">
    <ele>320.6</ele>
   </trkpt>
   <trkpt lat="60.0403000" lon="10.5625420">
    <ele>320.6</ele>
   </trkpt>
   <trkpt lat="60.0401100" lon="10.5626200">
    <ele>320.7</ele>
   </trkpt>
   <trkpt lat="60.0399300" lon="10.5627240">
    <ele>320.9</ele>
   </trkpt>
   <trkpt lat="60.0397950" lon="10.5628010">
    <ele>321.1</ele>
   </trkpt>
   <trkpt lat="60.0396400" lon="10.5629170">
    <ele>321.4</ele>
   </trkpt>
   <trkpt lat="60.0395830" lon="10.5629500">
    <ele>321.6</ele>
   </trkpt>
   <trkpt lat="60.0395020" lon="10.5630500">
    <ele>321.8</ele>
   </trkpt>
   <trkpt lat="60.0393590" lon="10.5632420">
    <ele>321.9</ele>
   </trkpt>
   <trkpt lat="60.0393360" lon="10.5632730">
    <ele>321.9</ele>
   </trkpt>
   <trkpt lat="60.0392400" lon="10.5633960">
    <ele>321.8</ele>
   </trkpt>
   <trkpt lat="60.0392000" lon="10.5634600">
    <ele>321.7</ele>
   </trkpt>
   <trkpt lat="60.0390860" lon="10.5637030">
    <ele>321.4</ele>
   </trkpt>
   <trkpt lat="60.0390700" lon="10.5637350">
    <ele>321.4</ele>
   </trkpt>
   <trkpt lat="60.0389330" lon="10.5639940">
    <ele>320.9</ele>
   </trkpt>
   <trkpt lat="60.0389100" lon="10.5640250">
    <ele>320.8</ele>
   </trkpt>
   <trkpt lat="60.0388030" lon="10.5641610">
    <ele>320.4</ele>
   </trkpt>
   <trkpt lat="60.0387220" lon="10.5642560">
    <ele>320.1</ele>
   </trkpt>
   <trkpt lat="60.0386360" lon="10.5643530">
    <ele>319.8</ele>
   </trkpt>
   <trkpt lat="60.0385580" lon="10.5644360">
    <ele>319.5</ele>
   </trkpt>
   <trkpt lat="60.0385160" lon="10.5644690">
    <ele>319.3</ele>
   </trkpt>
   <trkpt lat="60.0384710" lon="10.5645130">
    <ele>319.2</ele>
   </trkpt>
   <trkpt lat="60.0383540" lon="10.5647440">
    <ele>318.6</ele>
   </trkpt>
   <trkpt lat="60.0382250" lon="10.5650250">
    <ele>317.9</ele>
   </trkpt>
   <trkpt lat="60.0381030" lon="10.5653270">
    <ele>317.5</ele>
   </trkpt>
   <trkpt lat="60.0380800" lon="10.5653700">
    <ele>317.5</ele>
   </trkpt>
   <trkpt lat="60.0379450" lon="10.5656100">
    <ele>318.0</ele>
   </trkpt>
   <trkpt lat="60.0378940" lon="10.5656740">
    <ele>318.2</ele>
   </trkpt>
   <trkpt lat="60.0377920" lon="10.5657630">
    <ele>318.4</ele>
   </trkpt>
   <trkpt lat="60.0377350" lon="10.5658020">
    <ele>318.5</ele>
   </trkpt>
   <trkpt lat="60.0375920" lon="10.5658840">
    <ele>318.5</ele>
   </trkpt>
   <trkpt lat="60.0375670" lon="10.5659010">
    <ele>318.5</ele>
   </trkpt>
   <trkpt lat="60.0375180" lon="10.5659240">
    <ele>318.4</ele>
   </trkpt>
   <trkpt lat="60.0374460" lon="10.5659610">
    <ele>318.3</ele>
   </trkpt>
   <trkpt lat="60.0374210" lon="10.5659780">
    <ele>318.2</ele>
   </trkpt>
   <trkpt lat="60.0372590" lon="10.5661190">
    <ele>317.7</ele>
   </trkpt>
   <trkpt lat="60.0371280" lon="10.5662310">
    <ele>317.1</ele>
   </trkpt>
   <trkpt lat="60.0369980" lon="10.5663820">
    <ele>316.7</ele>
   </trkpt>
   <trkpt lat="60.0368480" lon="10.5665110">
    <ele>316.7</ele>
   </trkpt>
   <trkpt lat="60.0367650" lon="10.5665380">
    <ele>316.8</ele>
   </trkpt>
   <trkpt lat="60.0367220" lon="10.5665690">
    <ele>316.8</ele>
   </trkpt>
   <trkpt lat="60.0366660" lon="10.5666520">
    <ele>316.9</ele>
   </trkpt>
   <trkpt lat="60.0366490" lon="10.5666850">
    <ele>316.9</ele>
   </trkpt>
   <trkpt lat="60.0365450" lon="10.5669400">
    <ele>317.1</ele>
   </trkpt>
   <trkpt lat="60.0365190" lon="10.5670240">
    <ele>317.1</ele>
   </trkpt>
   <trkpt lat="60.0364790" lon="10.5671680">
    <ele>317.2</ele>
   </trkpt>
   <trkpt lat="60.0364270" lon="10.5674350">
    <ele>320.8</ele>
   </trkpt>
   <trkpt lat="60.0364150" lon="10.5675410">
    <ele>322.1</ele>
   </trkpt>
   <trkpt lat="60.0363870" lon="10.5678160">
    <ele>325.2</ele>
   </trkpt>
   <trkpt lat="60.0363900" lon="10.5681220">
    <ele>328.0</ele>
   </trkpt>
   <trkpt lat="60.0364160" lon="10.5684740">
    <ele>328.6</ele>
   </trkpt>
   <trkpt lat="60.0364320" lon="10.5688000">
    <ele>328.8</ele>
   </trkpt>
   <trkpt lat="60.0364390" lon="10.5689190">
    <ele>328.9</ele>
   </trkpt>
   <trkpt lat="60.0364660" lon="10.5691610">
    <ele>330.7</ele>
   </trkpt>
   <trkpt lat="60.0364720" lon="10.5692180">
    <ele>331.1</ele>
   </trkpt>
   <trkpt lat="60.0364860" lon="10.5693370">
    <ele>332.2</ele>
   </trkpt>
   <trkpt lat="60.0365100" lon="10.5695760">
    <ele>333.6</ele>
   </trkpt>
   <trkpt lat="60.0364590" lon="10.5697640">
    <ele>334.8</ele>
   </trkpt>
   <trkpt lat="60.0363120" lon="10.5701860">
    <ele>334.4</ele>
   </trkpt>
   <trkpt lat="60.0362700" lon="10.5702910">
    <ele>334.1</ele>
   </trkpt>
   <trkpt lat="60.0362300" lon="10.5704000">
    <ele>333.1</ele>
   </trkpt>
   <trkpt lat="60.0362210" lon="10.5704700">
    <ele>332.7</ele>
   </trkpt>
   <trkpt lat="60.0362210" lon="10.5705990">
    <ele>331.2</ele>
   </trkpt>
   <trkpt lat="60.0362210" lon="10.5705990">
    <ele>331.2</ele>
   </trkpt>
   <trkpt lat="60.0362220" lon="10.5706600">
    <ele>329.9</ele>
   </trkpt>
   <trkpt lat="60.0362230" lon="10.5708380">
    <ele>327.3</ele>
   </trkpt>
   <trkpt lat="60.0361600" lon="10.5711660">
    <ele>322.4</ele>
   </trkpt>
   <trkpt lat="60.0361170" lon="10.5715380">
    <ele>318.4</ele>
   </trkpt>
   <trkpt lat="60.0361200" lon="10.5715990">
    <ele>318.1</ele>
   </trkpt>
   <trkpt lat="60.0361530" lon="10.5720180">
    <ele>316.1</ele>
   </trkpt>
   <trkpt lat="60.0361680" lon="10.5720790">
    <ele>315.4</ele>
   </trkpt>
   <trkpt lat="60.0361790" lon="10.5721460">
    <ele>314.9</ele>
   </trkpt>
   <trkpt lat="60.0361970" lon="10.5722020">
    <ele>314.1</ele>
   </trkpt>
   <trkpt lat="60.0362230" lon="10.5722440">
    <ele>313.8</ele>
   </trkpt>
   <trkpt lat="60.0362980" lon="10.5723860">
    <ele>313.1</ele>
   </trkpt>
   <trkpt lat="60.0363620" lon="10.5724340">
    <ele>312.6</ele>
   </trkpt>
   <trkpt lat="60.0364310" lon="10.5724560">
    <ele>312.0</ele>
   </trkpt>
   <trkpt lat="60.0364660" lon="10.5724550">
    <ele>311.7</ele>
   </trkpt>
   <trkpt lat="60.0365400" lon="10.5724490">
    <ele>311.0</ele>
   </trkpt>
   <trkpt lat="60.0366060" lon="10.5724630">
    <ele>310.4</ele>
   </trkpt>
   <trkpt lat="60.0366690" lon="10.5724880">
    <ele>309.9</ele>
   </trkpt>
   <trkpt lat="60.0367640" lon="10.5725310">
    <ele>309.0</ele>
   </trkpt>
   <trkpt lat="60.0367940" lon="10.5725520">
    <ele>308.7</ele>
   </trkpt>
   <trkpt lat="60.0368710" lon="10.5726940">
    <ele>307.9</ele>
   </trkpt>
   <trkpt lat="60.0369580" lon="10.5728040">
    <ele>307.1</ele>
   </trkpt>
   <trkpt lat="60.0370820" lon="10.5729880">
    <ele>305.9</ele>
   </trkpt>
   <trkpt lat="60.0371560" lon="10.5732410">
    <ele>304.8</ele>
   </trkpt>
   <trkpt lat="60.0371730" lon="10.5733200">
    <ele>304.4</ele>
   </trkpt>
   <trkpt lat="60.0372450" lon="10.5736060">
    <ele>303.1</ele>
   </trkpt>
   <trkpt lat="60.0373020" lon="10.5738740">
    <ele>301.9</ele>
   </trkpt>
   <trkpt lat="60.0373190" lon="10.5739880">
    <ele>301.4</ele>
   </trkpt>
   <trkpt lat="60.0373290" lon="10.5741800">
    <ele>300.6</ele>
   </trkpt>
   <trkpt lat="60.0374500" lon="10.5744550">
    <ele>299.1</ele>
   </trkpt>
   <trkpt lat="60.0375410" lon="10.5746980">
    <ele>298.0</ele>
   </trkpt>
   <trkpt lat="60.0375610" lon="10.5747570">
    <ele>297.7</ele>
   </trkpt>
   <trkpt lat="60.0375910" lon="10.5748180">
    <ele>297.4</ele>
   </trkpt>
   <trkpt lat="60.0376150" lon="10.5748690">
    <ele>297.2</ele>
   </trkpt>
   <trkpt lat="60.0377000" lon="10.5750600">
    <ele>296.2</ele>
   </trkpt>
   <trkpt lat="60.0377950" lon="10.5753210">
    <ele>294.9</ele>
   </trkpt>
   <trkpt lat="60.0378670" lon="10.5754550">
    <ele>294.1</ele>
   </trkpt>
   <trkpt lat="60.0379330" lon="10.5757500">
    <ele>292.6</ele>
   </trkpt>
   <trkpt lat="60.0379370" lon="10.5758190">
    <ele>292.3</ele>
   </trkpt>
   <trkpt lat="60.0379160" lon="10.5760880">
    <ele>291.2</ele>
   </trkpt>
   <trkpt lat="60.0378930" lon="10.5762910">
    <ele>290.3</ele>
   </trkpt>
   <trkpt lat="60.0378510" lon="10.5764660">
    <ele>289.5</ele>
   </trkpt>
   <trkpt lat="60.0377560" lon="10.5766690">
    <ele>288.3</ele>
   </trkpt>
   <trkpt lat="60.0376980" lon="10.5767420">
    <ele>287.8</ele>
   </trkpt>
   <trkpt lat="60.0375270" lon="10.5768730">
    <ele>286.3</ele>
   </trkpt>
   <trkpt lat="60.0374940" lon="10.5768840">
    <ele>286.1</ele>
   </trkpt>
   <trkpt lat="60.0373760" lon="10.5768880">
    <ele>285.3</ele>
   </trkpt>
   <trkpt lat="60.0373470" lon="10.5768890">
    <ele>285.2</ele>
   </trkpt>
   <trkpt lat="60.0372900" lon="10.5769040">
    <ele>284.9</ele>
   </trkpt>
   <trkpt lat="60.0371710" lon="10.5769460">
    <ele>284.4</ele>
   </trkpt>
   <trkpt lat="60.0370800" lon="10.5769960">
    <ele>283.9</ele>
   </trkpt>
   <trkpt lat="60.0369610" lon="10.5770840">
    <ele>283.3</ele>
   </trkpt>
   <trkpt lat="60.0368840" lon="10.5771420">
    <ele>282.8</ele>
   </trkpt>
   <trkpt lat="60.0367480" lon="10.5772360">
    <ele>281.9</ele>
   </trkpt>
   <trkpt lat="60.0366450" lon="10.5773220">
    <ele>281.2</ele>
   </trkpt>
   <trkpt lat="60.0364990" lon="10.5774810">
    <ele>280.3</ele>
   </trkpt>
   <trkpt lat="60.0363900" lon="10.5776780">
    <ele>279.7</ele>
   </trkpt>
   <trkpt lat="60.0363430" lon="10.5777880">
    <ele>279.5</ele>
   </trkpt>
   <trkpt lat="60.0362100" lon="10.5780280">
    <ele>279.0</ele>
   </trkpt>
   <trkpt lat="60.0361840" lon="10.5780690">
    <ele>278.9</ele>
   </trkpt>
   <trkpt lat="60.0361570" lon="10.5780990">
    <ele>278.8</ele>
   </trkpt>
   <trkpt lat="60.0360530" lon="10.5782090">
    <ele>278.5</ele>
   </trkpt>
   <trkpt lat="60.0359540" lon="10.5783160">
    <ele>278.3</ele>
   </trkpt>
   <trkpt lat="60.0359100" lon="10.5783730">
    <ele>278.1</ele>
   </trkpt>
   <trkpt lat="60.0357990" lon="10.5785020">
    <ele>277.8</ele>
   </trkpt>
   <trkpt lat="60.0357530" lon="10.5785490">
    <ele>277.6</ele>
   </trkpt>
   <trkpt lat="60.0356970" lon="10.5786070">
    <ele>277.4</ele>
   </trkpt>
   <trkpt lat="60.0355150" lon="10.5788200">
    <ele>276.9</ele>
   </trkpt>
   <trkpt lat="60.0354960" lon="10.5788500">
    <ele>276.8</ele>
   </trkpt>
   <trkpt lat="60.0354190" lon="10.5789190">
    <ele>276.6</ele>
   </trkpt>
   <trkpt lat="60.0353360" lon="10.5790910">
    <ele>276.5</ele>
   </trkpt>
   <trkpt lat="60.0352850" lon="10.5794180">
    <ele>276.5</ele>
   </trkpt>
   <trkpt lat="60.0351280" lon="10.5797570">
    <ele>277.0</ele>
   </trkpt>
   <trkpt lat="60.0350750" lon="10.5798230">
    <ele>277.3</ele>
   </trkpt>
   <trkpt lat="60.0350350" lon="10.5798830">
    <ele>277.5</ele>
   </trkpt>
   <trkpt lat="60.0350020" lon="10.5799540">
    <ele>277.7</ele>
   </trkpt>
   <trkpt lat="60.0349430" lon="10.5802240">
    <ele>278.7</ele>
   </trkpt>
   <trkpt lat="60.0349270" lon="10.5803620">
    <ele>279.1</ele>
   </trkpt>
   <trkpt lat="60.0349240" lon="10.5804070">
    <ele>279.2</ele>
   </trkpt>
   <trkpt lat="60.0349230" lon="10.5804550">
    <ele>279.3</ele>
   </trkpt>
   <trkpt lat="60.0349160" lon="10.5806990">
    <ele>279.9</ele>
   </trkpt>
   <trkpt lat="60.0349140" lon="10.5809720">
    <ele>280.4</ele>
   </trkpt>
   <trkpt lat="60.0349140" lon="10.5810350">
    <ele>280.5</ele>
   </trkpt>
   <trkpt lat="60.0349360" lon="10.5814040">
    <ele>280.9</ele>
   </trkpt>
   <trkpt lat="60.0349300" lon="10.5814720">
    <ele>280.9</ele>
   </trkpt>
   <trkpt lat="60.0349470" lon="10.5817560">
    <ele>281.1</ele>
   </trkpt>
   <trkpt lat="60.0349710" lon="10.5820030">
    <ele>280.9</ele>
   </trkpt>
   <trkpt lat="60.0349960" lon="10.5821080">
    <ele>280.7</ele>
   </trkpt>
   <trkpt lat="60.0350460" lon="10.5823470">
    <ele>280.0</ele>
   </trkpt>
   <trkpt lat="60.0350600" lon="10.5824090">
    <ele>279.9</ele>
   </trkpt>
   <trkpt lat="60.0350810" lon="10.5825170">
    <ele>279.5</ele>
   </trkpt>
   <trkpt lat="60.0350960" lon="10.5826350">
    <ele>279.1</ele>
   </trkpt>
   <trkpt lat="60.0351250" lon="10.5827550">
    <ele>278.7</ele>
   </trkpt>
   <trkpt lat="60.0351830" lon="10.5829990">
    <ele>277.7</ele>
   </trkpt>
   <trkpt lat="60.0352060" lon="10.5830920">
    <ele>277.3</ele>
   </trkpt>
   <trkpt lat="60.0352370" lon="10.5833310">
    <ele>276.4</ele>
   </trkpt>
   <trkpt lat="60.0352790" lon="10.5836280">
    <ele>275.2</ele>
   </trkpt>
   <trkpt lat="60.0352860" lon="10.5836880">
    <ele>275.0</ele>
   </trkpt>
   <trkpt lat="60.0352890" lon="10.5837480">
    <ele>274.8</ele>
   </trkpt>
   <trkpt lat="60.0352890" lon="10.5838820">
    <ele>274.4</ele>
   </trkpt>
   <trkpt lat="60.0353210" lon="10.5840510">
    <ele>274.0</ele>
   </trkpt>
   <trkpt lat="60.0353480" lon="10.5841490">
    <ele>273.7</ele>
   </trkpt>
   <trkpt lat="60.0353440" lon="10.5843560">
    <ele>273.4</ele>
   </trkpt>
   <trkpt lat="60.0353280" lon="10.5845740">
    <ele>273.2</ele>
   </trkpt>
   <trkpt lat="60.0353110" lon="10.5847790">
    <ele>273.1</ele>
   </trkpt>
   <trkpt lat="60.0353100" lon="10.5848670">
    <ele>273.0</ele>
   </trkpt>
   <trkpt lat="60.0353450" lon="10.5850900">
    <ele>272.5</ele>
   </trkpt>
   <trkpt lat="60.0353810" lon="10.5854980">
    <ele>271.3</ele>
   </trkpt>
   <trkpt lat="60.0353830" lon="10.5855790">
    <ele>271.0</ele>
   </trkpt>
   <trkpt lat="60.0354560" lon="10.5859140">
    <ele>269.6</ele>
   </trkpt>
   <trkpt lat="60.0355110" lon="10.5861830">
    <ele>268.5</ele>
   </trkpt>
   <trkpt lat="60.0355470" lon="10.5863120">
    <ele>268.0</ele>
   </trkpt>
   <trkpt lat="60.0356290" lon="10.5866880">
    <ele>266.7</ele>
   </trkpt>
   <trkpt lat="60.0356620" lon="10.5869260">
    <ele>265.8</ele>
   </trkpt>
   <trkpt lat="60.0356370" lon="10.5870180">
    <ele>265.5</ele>
   </trkpt>
   <trkpt lat="60.0356090" lon="10.5870740">
    <ele>265.2</ele>
   </trkpt>
   <trkpt lat="60.0355430" lon="10.5871830">
    <ele>264.8</ele>
   </trkpt>
   <trkpt lat="60.0353740" lon="10.5874220">
    <ele>264.0</ele>
   </trkpt>
   <trkpt lat="60.0353260" lon="10.5874500">
    <ele>263.8</ele>
   </trkpt>
   <trkpt lat="60.0351500" lon="10.5875270">
    <ele>263.0</ele>
   </trkpt>
   <trkpt lat="60.0350680" lon="10.5875380">
    <ele>262.5</ele>
   </trkpt>
   <trkpt lat="60.0350290" lon="10.5875360">
    <ele>262.3</ele>
   </trkpt>
   <trkpt lat="60.0348620" lon="10.5875390">
    <ele>261.3</ele>
   </trkpt>
   <trkpt lat="60.0347890" lon="10.5875280">
    <ele>260.8</ele>
   </trkpt>
   <trkpt lat="60.0346810" lon="10.5875370">
    <ele>260.2</ele>
   </trkpt>
   <trkpt lat="60.0345340" lon="10.5875520">
    <ele>259.6</ele>
   </trkpt>
   <trkpt lat="60.0344570" lon="10.5875720">
    <ele>259.3</ele>
   </trkpt>
   <trkpt lat="60.0342970" lon="10.5876230">
    <ele>258.7</ele>
   </trkpt>
   <trkpt lat="60.0342340" lon="10.5876430">
    <ele>258.4</ele>
   </trkpt>
   <trkpt lat="60.0341110" lon="10.5876930">
    <ele>257.9</ele>
   </trkpt>
   <trkpt lat="60.0340740" lon="10.5877110">
    <ele>257.8</ele>
   </trkpt>
   <trkpt lat="60.0339710" lon="10.5877640">
    <ele>257.3</ele>
   </trkpt>
   <trkpt lat="60.0338530" lon="10.5878350">
    <ele>256.6</ele>
   </trkpt>
   <trkpt lat="60.0337900" lon="10.5878750">
    <ele>256.2</ele>
   </trkpt>
   <trkpt lat="60.0336410" lon="10.5880180">
    <ele>255.2</ele>
   </trkpt>
   <trkpt lat="60.0336100" lon="10.5880590">
    <ele>254.9</ele>
   </trkpt>
   <trkpt lat="60.0334850" lon="10.5882430">
    <ele>254.1</ele>
   </trkpt>
   <trkpt lat="60.0334220" lon="10.5883850">
    <ele>253.6</ele>
   </trkpt>
   <trkpt lat="60.0333660" lon="10.5884840">
    <ele>253.3</ele>
   </trkpt>
   <trkpt lat="60.0332470" lon="10.5887460">
    <ele>252.4</ele>
   </trkpt>
   <trkpt lat="60.0330970" lon="10.5890130">
    <ele>251.4</ele>
   </trkpt>
   <trkpt lat="60.0330690" lon="10.5890640">
    <ele>251.2</ele>
   </trkpt>
   <trkpt lat="60.0330350" lon="10.5891180">
    <ele>251.0</ele>
   </trkpt>
   <trkpt lat="60.0329440" lon="10.5893100">
    <ele>250.4</ele>
   </trkpt>
   <trkpt lat="60.0328900" lon="10.5894080">
    <ele>250.0</ele>
   </trkpt>
   <trkpt lat="60.0328510" lon="10.5894960">
    <ele>249.7</ele>
   </trkpt>
   <trkpt lat="60.0328080" lon="10.5895740">
    <ele>249.4</ele>
   </trkpt>
   <trkpt lat="60.0327470" lon="10.5897000">
    <ele>249.0</ele>
   </trkpt>
   <trkpt lat="60.0327180" lon="10.5897750">
    <ele>248.8</ele>
   </trkpt>
   <trkpt lat="60.0325800" lon="10.5900020">
    <ele>248.0</ele>
   </trkpt>
   <trkpt lat="60.0325600" lon="10.5900440">
    <ele>247.9</ele>
   </trkpt>
   <trkpt lat="60.0323950" lon="10.5902910">
    <ele>247.0</ele>
   </trkpt>
   <trkpt lat="60.0323690" lon="10.5903340">
    <ele>246.9</ele>
   </trkpt>
   <trkpt lat="60.0322150" lon="10.5905190">
    <ele>246.2</ele>
   </trkpt>
   <trkpt lat="60.0321350" lon="10.5906060">
    <ele>245.8</ele>
   </trkpt>
   <trkpt lat="60.0320590" lon="10.5906680">
    <ele>245.4</ele>
   </trkpt>
   <trkpt lat="60.0319200" lon="10.5908440">
    <ele>244.4</ele>
   </trkpt>
   <trkpt lat="60.0317860" lon="10.5910620">
    <ele>243.2</ele>
   </trkpt>
   <trkpt lat="60.0317390" lon="10.5911760">
    <ele>242.6</ele>
   </trkpt>
   <trkpt lat="60.0316800" lon="10.5913270">
    <ele>241.9</ele>
   </trkpt>
   <trkpt lat="60.0316200" lon="10.5915860">
    <ele>240.7</ele>
   </trkpt>
   <trkpt lat="60.0315740" lon="10.5917860">
    <ele>239.9</ele>
   </trkpt>
   <trkpt lat="60.0315570" lon="10.5920370">
    <ele>239.1</ele>
   </trkpt>
   <trkpt lat="60.0315490" lon="10.5920990">
    <ele>238.9</ele>
   </trkpt>
   <trkpt lat="60.0315300" lon="10.5923440">
    <ele>238.1</ele>
   </trkpt>
   <trkpt lat="60.0315350" lon="10.5923960">
    <ele>237.9</ele>
   </trkpt>
   <trkpt lat="60.0314940" lon="10.5926720">
    <ele>237.1</ele>
   </trkpt>
   <trkpt lat="60.0314740" lon="10.5927310">
    <ele>236.9</ele>
   </trkpt>
   <trkpt lat="60.0313590" lon="10.5929260">
    <ele>236.2</ele>
   </trkpt>
   <trkpt lat="60.0313070" lon="10.5929850">
    <ele>235.9</ele>
   </trkpt>
   <trkpt lat="60.0312450" lon="10.5930600">
    <ele>235.5</ele>
   </trkpt>
   <trkpt lat="60.0311820" lon="10.5931810">
    <ele>234.9</ele>
   </trkpt>
   <trkpt lat="60.0311080" lon="10.5934240">
    <ele>233.9</ele>
   </trkpt>
   <trkpt lat="60.0310290" lon="10.5935810">
    <ele>233.0</ele>
   </trkpt>
   <trkpt lat="60.0309640" lon="10.5936930">
    <ele>232.5</ele>
   </trkpt>
   <trkpt lat="60.0308740" lon="10.5937880">
    <ele>232.0</ele>
   </trkpt>
   <trkpt lat="60.0307950" lon="10.5938700">
    <ele>231.8</ele>
   </trkpt>
   <trkpt lat="60.0306890" lon="10.5940030">
    <ele>231.8</ele>
   </trkpt>
   <trkpt lat="60.0306260" lon="10.5940720">
    <ele>231.9</ele>
   </trkpt>
   <trkpt lat="60.0305400" lon="10.5941720">
    <ele>232.0</ele>
   </trkpt>
   <trkpt lat="60.0304990" lon="10.5942530">
    <ele>232.0</ele>
   </trkpt>
   <trkpt lat="60.0304250" lon="10.5944280">
    <ele>232.0</ele>
   </trkpt>
   <trkpt lat="60.0304090" lon="10.5944770">
    <ele>232.0</ele>
   </trkpt>
   <trkpt lat="60.0303390" lon="10.5948170">
    <ele>231.4</ele>
   </trkpt>
   <trkpt lat="60.0303350" lon="10.5949080">
    <ele>231.3</ele>
   </trkpt>
   <trkpt lat="60.0303070" lon="10.5951100">
    <ele>230.9</ele>
   </trkpt>
   <trkpt lat="60.0302670" lon="10.5952630">
    <ele>230.6</ele>
   </trkpt>
   <trkpt lat="60.0302130" lon="10.5954050">
    <ele>230.4</ele>
   </trkpt>
   <trkpt lat="60.0301080" lon="10.5955520">
    <ele>230.1</ele>
   </trkpt>
   <trkpt lat="60.0300510" lon="10.5956080">
    <ele>230.1</ele>
   </trkpt>
   <trkpt lat="60.0298740" lon="10.5957310">
    <ele>230.0</ele>
   </trkpt>
   <trkpt lat="60.0298410" lon="10.5957510">
    <ele>230.0</ele>
   </trkpt>
   <trkpt lat="60.0297590" lon="10.5958390">
    <ele>230.0</ele>
   </trkpt>
   <trkpt lat="60.0297140" lon="10.5958510">
    <ele>229.9</ele>
   </trkpt>
   <trkpt lat="60.0296940" lon="10.5959010">
    <ele>229.9</ele>
   </trkpt>
   <trkpt lat="60.0296530" lon="10.5960250">
    <ele>229.8</ele>
   </trkpt>
   <trkpt lat="60.0296230" lon="10.5961770">
    <ele>229.7</ele>
   </trkpt>
   <trkpt lat="60.0295880" lon="10.5964740">
    <ele>229.8</ele>
   </trkpt>
   <trkpt lat="60.0295840" lon="10.5965410">
    <ele>229.9</ele>
   </trkpt>
   <trkpt lat="60.0295790" lon="10.5967340">
    <ele>230.2</ele>
   </trkpt>
   <trkpt lat="60.0295840" lon="10.5969410">
    <ele>230.6</ele>
   </trkpt>
   <trkpt lat="60.0296290" lon="10.5972740">
    <ele>230.8</ele>
   </trkpt>
   <trkpt lat="60.0296760" lon="10.5974530">
    <ele>230.6</ele>
   </trkpt>
   <trkpt lat="60.0297160" lon="10.5975600">
    <ele>230.4</ele>
   </trkpt>
   <trkpt lat="60.0297460" lon="10.5978470">
    <ele>229.6</ele>
   </trkpt>
   <trkpt lat="60.0298080" lon="10.5980410">
    <ele>228.9</ele>
   </trkpt>
   <trkpt lat="60.0298170" lon="10.5980850">
    <ele>228.7</ele>
   </trkpt>
   <trkpt lat="60.0298340" lon="10.5981710">
    <ele>228.5</ele>
   </trkpt>
   <trkpt lat="60.0297740" lon="10.5983590">
    <ele>227.8</ele>
   </trkpt>
   <trkpt lat="60.0296870" lon="10.5985860">
    <ele>227.3</ele>
   </trkpt>
   <trkpt lat="60.0296490" lon="10.5987050">
    <ele>227.3</ele>
   </trkpt>
   <trkpt lat="60.0295540" lon="10.5989840">
    <ele>227.6</ele>
   </trkpt>
   <trkpt lat="60.0295400" lon="10.5990330">
    <ele>227.7</ele>
   </trkpt>
   <trkpt lat="60.0294680" lon="10.5992100">
    <ele>228.0</ele>
   </trkpt>
   <trkpt lat="60.0293090" lon="10.5993380">
    <ele>228.4</ele>
   </trkpt>
   <trkpt lat="60.0292770" lon="10.5993610">
    <ele>228.4</ele>
   </trkpt>
   <trkpt lat="60.0291120" lon="10.5995190">
    <ele>228.4</ele>
   </trkpt>
   <trkpt lat="60.0290740" lon="10.5995530">
    <ele>228.3</ele>
   </trkpt>
   <trkpt lat="60.0289690" lon="10.5997250">
    <ele>228.1</ele>
   </trkpt>
   <trkpt lat="60.0289500" lon="10.5997940">
    <ele>228.0</ele>
   </trkpt>
   <trkpt lat="60.0288300" lon="10.6001440">
    <ele>227.3</ele>
   </trkpt>
   <trkpt lat="60.0287770" lon="10.6003210">
    <ele>226.9</ele>
   </trkpt>
   <trkpt lat="60.0287490" lon="10.6004220">
    <ele>226.6</ele>
   </trkpt>
   <trkpt lat="60.0286890" lon="10.6005680">
    <ele>226.2</ele>
   </trkpt>
   <trkpt lat="60.0286700" lon="10.6006080">
    <ele>226.0</ele>
   </trkpt>
   <trkpt lat="60.0286370" lon="10.6006680">
    <ele>225.7</ele>
   </trkpt>
   <trkpt lat="60.0285760" lon="10.6007690">
    <ele>225.2</ele>
   </trkpt>
   <trkpt lat="60.0284850" lon="10.6010020">
    <ele>224.1</ele>
   </trkpt>
   <trkpt lat="60.0283550" lon="10.6012880">
    <ele>222.8</ele>
   </trkpt>
   <trkpt lat="60.0283220" lon="10.6013650">
    <ele>222.5</ele>
   </trkpt>
   <trkpt lat="60.0282070" lon="10.6016600">
    <ele>221.8</ele>
   </trkpt>
   <trkpt lat="60.0281890" lon="10.6017210">
    <ele>221.8</ele>
   </trkpt>
   <trkpt lat="60.0280750" lon="10.6020230">
    <ele>221.7</ele>
   </trkpt>
   <trkpt lat="60.0280400" lon="10.6020700">
    <ele>221.8</ele>
   </trkpt>
   <trkpt lat="60.0279560" lon="10.6023560">
    <ele>222.0</ele>
   </trkpt>
   <trkpt lat="60.0279600" lon="10.6024940">
    <ele>222.2</ele>
   </trkpt>
   <trkpt lat="60.0279580" lon="10.6025570">
    <ele>222.2</ele>
   </trkpt>
   <trkpt lat="60.0279480" lon="10.6029160">
    <ele>222.7</ele>
   </trkpt>
   <trkpt lat="60.0279160" lon="10.6030940">
    <ele>222.9</ele>
   </trkpt>
   <trkpt lat="60.0278730" lon="10.6032600">
    <ele>223.1</ele>
   </trkpt>
   <trkpt lat="60.0278140" lon="10.6035010">
    <ele>223.4</ele>
   </trkpt>
   <trkpt lat="60.0277980" lon="10.6036230">
    <ele>223.5</ele>
   </trkpt>
   <trkpt lat="60.0277800" lon="10.6038770">
    <ele>223.5</ele>
   </trkpt>
   <trkpt lat="60.0277650" lon="10.6039330">
    <ele>223.4</ele>
   </trkpt>
   <trkpt lat="60.0276560" lon="10.6042310">
    <ele>223.1</ele>
   </trkpt>
   <trkpt lat="60.0276390" lon="10.6042860">
    <ele>223.0</ele>
   </trkpt>
   <trkpt lat="60.0275520" lon="10.6045530">
    <ele>222.7</ele>
   </trkpt>
   <trkpt lat="60.0274180" lon="10.6048430">
    <ele>222.2</ele>
   </trkpt>
   <trkpt lat="60.0273920" lon="10.6048980">
    <ele>222.1</ele>
   </trkpt>
   <trkpt lat="60.0273720" lon="10.6049540">
    <ele>222.1</ele>
   </trkpt>
   <trkpt lat="60.0272670" lon="10.6052570">
    <ele>221.8</ele>
   </trkpt>
   <trkpt lat="60.0272400" lon="10.6053120">
    <ele>221.7</ele>
   </trkpt>
   <trkpt lat="60.0271340" lon="10.6056360">
    <ele>221.3</ele>
   </trkpt>
   <trkpt lat="60.0271220" lon="10.6057360">
    <ele>221.1</ele>
   </trkpt>
   <trkpt lat="60.0270880" lon="10.6058300">
    <ele>220.7</ele>
   </trkpt>
   <trkpt lat="60.0270730" lon="10.6059340">
    <ele>220.4</ele>
   </trkpt>
   <trkpt lat="60.0270380" lon="10.6062890">
    <ele>219.1</ele>
   </trkpt>
   <trkpt lat="60.0270500" lon="10.6066730">
    <ele>217.9</ele>
   </trkpt>
   <trkpt lat="60.0270590" lon="10.6067310">
    <ele>217.8</ele>
   </trkpt>
   <trkpt lat="60.0271290" lon="10.6070770">
    <ele>217.0</ele>
   </trkpt>
   <trkpt lat="60.0271410" lon="10.6071290">
    <ele>216.9</ele>
   </trkpt>
   <trkpt lat="60.0271710" lon="10.6073740">
    <ele>216.5</ele>
   </trkpt>
   <trkpt lat="60.0271800" lon="10.6074290">
    <ele>216.4</ele>
   </trkpt>
   <trkpt lat="60.0272250" lon="10.6077150">
    <ele>216.0</ele>
   </trkpt>
   <trkpt lat="60.0272650" lon="10.6079010">
    <ele>215.7</ele>
   </trkpt>
   <trkpt lat="60.0272770" lon="10.6080310">
    <ele>215.6</ele>
   </trkpt>
   <trkpt lat="60.0272820" lon="10.6080980">
    <ele>215.5</ele>
   </trkpt>
   <trkpt lat="60.0273190" lon="10.6083130">
    <ele>215.1</ele>
   </trkpt>
   <trkpt lat="60.0272970" lon="10.6085800">
    <ele>214.8</ele>
   </trkpt>
   <trkpt lat="60.0272880" lon="10.6088030">
    <ele>214.5</ele>
   </trkpt>
   <trkpt lat="60.0272770" lon="10.6090170">
    <ele>214.2</ele>
   </trkpt>
   <trkpt lat="60.0272360" lon="10.6093920">
    <ele>213.5</ele>
   </trkpt>
   <trkpt lat="60.0271850" lon="10.6097150">
    <ele>212.9</ele>
   </trkpt>
   <trkpt lat="60.0271830" lon="10.6097860">
    <ele>212.8</ele>
   </trkpt>
   <trkpt lat="60.0271770" lon="10.6098560">
    <ele>212.7</ele>
   </trkpt>
   <trkpt lat="60.0271090" lon="10.6102180">
    <ele>211.8</ele>
   </trkpt>
   <trkpt lat="60.0270680" lon="10.6105320">
    <ele>211.0</ele>
   </trkpt>
   <trkpt lat="60.0270470" lon="10.6105930">
    <ele>210.8</ele>
   </trkpt>
   <trkpt lat="60.0269770" lon="10.6108300">
    <ele>210.0</ele>
   </trkpt>
   <trkpt lat="60.0268490" lon="10.6111710">
    <ele>209.0</ele>
   </trkpt>
   <trkpt lat="60.0267250" lon="10.6113070">
    <ele>208.4</ele>
   </trkpt>
   <trkpt lat="60.0266880" lon="10.6113280">
    <ele>208.1</ele>
   </trkpt>
   <trkpt lat="60.0265380" lon="10.6113320">
    <ele>207.6</ele>
   </trkpt>
   <trkpt lat="60.0264790" lon="10.6113280">
    <ele>207.4</ele>
   </trkpt>
   <trkpt lat="60.0263120" lon="10.6113670">
    <ele>206.6</ele>
   </trkpt>
   <trkpt lat="60.0262420" lon="10.6113840">
    <ele>206.2</ele>
   </trkpt>
   <trkpt lat="60.0260770" lon="10.6114210">
    <ele>205.3</ele>
   </trkpt>
   <trkpt lat="60.0259270" lon="10.6114290">
    <ele>204.5</ele>
   </trkpt>
   <trkpt lat="60.0258770" lon="10.6114290">
    <ele>204.3</ele>
   </trkpt>
   <trkpt lat="60.0257020" lon="10.6115710">
    <ele>203.7</ele>
   </trkpt>
   <trkpt lat="60.0256300" lon="10.6116800">
    <ele>203.6</ele>
   </trkpt>
   <trkpt lat="60.0255580" lon="10.6117610">
    <ele>203.6</ele>
   </trkpt>
   <trkpt lat="60.0254480" lon="10.6118440">
    <ele>203.7</ele>
   </trkpt>
   <trkpt lat="60.0253320" lon="10.6119770">
    <ele>203.8</ele>
   </trkpt>
   <trkpt lat="60.0253020" lon="10.6119920">
    <ele>203.8</ele>
   </trkpt>
   <trkpt lat="60.0252100" lon="10.6120670">
    <ele>203.6</ele>
   </trkpt>
   <trkpt lat="60.0250900" lon="10.6122380">
    <ele>203.3</ele>
   </trkpt>
   <trkpt lat="60.0250320" lon="10.6123180">
    <ele>203.2</ele>
   </trkpt>
   <trkpt lat="60.0249170" lon="10.6124860">
    <ele>203.2</ele>
   </trkpt>
   <trkpt lat="60.0247860" lon="10.6126540">
    <ele>203.3</ele>
   </trkpt>
   <trkpt lat="60.0247310" lon="10.6127350">
    <ele>203.3</ele>
   </trkpt>
   <trkpt lat="60.0245970" lon="10.6129270">
    <ele>203.5</ele>
   </trkpt>
   <trkpt lat="60.0244900" lon="10.6130350">
    <ele>203.5</ele>
   </trkpt>
   <trkpt lat="60.0244210" lon="10.6131310">
    <ele>203.5</ele>
   </trkpt>
   <trkpt lat="60.0244000" lon="10.6131650">
    <ele>203.5</ele>
   </trkpt>
   <trkpt lat="60.0242340" lon="10.6133960">
    <ele>203.4</ele>
   </trkpt>
   <trkpt lat="60.0242040" lon="10.6134380">
    <ele>203.4</ele>
   </trkpt>
   <trkpt lat="60.0240750" lon="10.6136890">
    <ele>203.2</ele>
   </trkpt>
   <trkpt lat="60.0240560" lon="10.6137370">
    <ele>203.1</ele>
   </trkpt>
   <trkpt lat="60.0240400" lon="10.6137860">
    <ele>203.1</ele>
   </trkpt>
   <trkpt lat="60.0239450" lon="10.6140330">
    <ele>202.6</ele>
   </trkpt>
   <trkpt lat="60.0238430" lon="10.6143300">
    <ele>201.9</ele>
   </trkpt>
   <trkpt lat="60.0238260" lon="10.6143860">
    <ele>201.7</ele>
   </trkpt>
   <trkpt lat="60.0237900" lon="10.6145040">
    <ele>201.4</ele>
   </trkpt>
   <trkpt lat="60.0236770" lon="10.6148400">
    <ele>200.4</ele>
   </trkpt>
   <trkpt lat="60.0236570" lon="10.6148980">
    <ele>200.3</ele>
   </trkpt>
   <trkpt lat="60.0235460" lon="10.6152530">
    <ele>199.4</ele>
   </trkpt>
   <trkpt lat="60.0235290" lon="10.6153070">
    <ele>199.3</ele>
   </trkpt>
   <trkpt lat="60.0235110" lon="10.6153570">
    <ele>199.2</ele>
   </trkpt>
   <trkpt lat="60.0233860" lon="10.6156760">
    <ele>198.4</ele>
   </trkpt>
   <trkpt lat="60.0233470" lon="10.6157840">
    <ele>198.1</ele>
   </trkpt>
   <trkpt lat="60.0232680" lon="10.6159970">
    <ele>197.5</ele>
   </trkpt>
   <trkpt lat="60.0232460" lon="10.6160410">
    <ele>197.3</ele>
   </trkpt>
   <trkpt lat="60.0230980" lon="10.6162980">
    <ele>196.3</ele>
   </trkpt>
   <trkpt lat="60.0230700" lon="10.6163320">
    <ele>196.1</ele>
   </trkpt>
   <trkpt lat="60.0229030" lon="10.6164170">
    <ele>194.8</ele>
   </trkpt>
   <trkpt lat="60.0227010" lon="10.6164740">
    <ele>193.0</ele>
   </trkpt>
   <trkpt lat="60.0225990" lon="10.6164930">
    <ele>192.2</ele>
   </trkpt>
   <trkpt lat="60.0224550" lon="10.6164840">
    <ele>190.9</ele>
   </trkpt>
   <trkpt lat="60.0223360" lon="10.6164170">
    <ele>189.8</ele>
   </trkpt>
   <trkpt lat="60.0222770" lon="10.6163750">
    <ele>189.2</ele>
   </trkpt>
   <trkpt lat="60.0220990" lon="10.6162980">
    <ele>187.6</ele>
   </trkpt>
   <trkpt lat="60.0220680" lon="10.6162840">
    <ele>187.4</ele>
   </trkpt>
   <trkpt lat="60.0218770" lon="10.6162310">
    <ele>186.0</ele>
   </trkpt>
   <trkpt lat="60.0218090" lon="10.6162250">
    <ele>185.6</ele>
   </trkpt>
   <trkpt lat="60.0216230" lon="10.6162770">
    <ele>184.4</ele>
   </trkpt>
   <trkpt lat="60.0214320" lon="10.6162810">
    <ele>183.2</ele>
   </trkpt>
   <trkpt lat="60.0214020" lon="10.6162840">
    <ele>182.9</ele>
   </trkpt>
   <trkpt lat="60.0212220" lon="10.6162250">
    <ele>181.5</ele>
   </trkpt>
   <trkpt lat="60.0210290" lon="10.6161010">
    <ele>179.8</ele>
   </trkpt>
   <trkpt lat="60.0210020" lon="10.6160670">
    <ele>179.5</ele>
   </trkpt>
   <trkpt lat="60.0208220" lon="10.6158980">
    <ele>177.9</ele>
   </trkpt>
   <trkpt lat="60.0207630" lon="10.6158010">
    <ele>177.3</ele>
   </trkpt>
   <trkpt lat="60.0206880" lon="10.6156790">
    <ele>176.6</ele>
   </trkpt>
   <trkpt lat="60.0206610" lon="10.6156480">
    <ele>176.3</ele>
   </trkpt>
   <trkpt lat="60.0205330" lon="10.6155010">
    <ele>175.1</ele>
   </trkpt>
   <trkpt lat="60.0204490" lon="10.6154320">
    <ele>174.3</ele>
   </trkpt>
   <trkpt lat="60.0203050" lon="10.6153040">
    <ele>172.7</ele>
   </trkpt>
   <trkpt lat="60.0202740" lon="10.6152770">
    <ele>172.4</ele>
   </trkpt>
   <trkpt lat="60.0201530" lon="10.6151490">
    <ele>170.8</ele>
   </trkpt>
   <trkpt lat="60.0201250" lon="10.6151160">
    <ele>170.4</ele>
   </trkpt>
   <trkpt lat="60.0200970" lon="10.6150810">
    <ele>170.0</ele>
   </trkpt>
   <trkpt lat="60.0199910" lon="10.6149360">
    <ele>168.6</ele>
   </trkpt>
   <trkpt lat="60.0199190" lon="10.6149030">
    <ele>168.7</ele>
   </trkpt>
   <trkpt lat="60.0198120" lon="10.6148740">
    <ele>167.5</ele>
   </trkpt>
   <trkpt lat="60.0197370" lon="10.6148820">
    <ele>166.8</ele>
   </trkpt>
   <trkpt lat="60.0196330" lon="10.6149060">
    <ele>166.0</ele>
   </trkpt>
   <trkpt lat="60.0195420" lon="10.6149740">
    <ele>165.3</ele>
   </trkpt>
   <trkpt lat="60.0194900" lon="10.6150460">
    <ele>164.9</ele>
   </trkpt>
   <trkpt lat="60.0193950" lon="10.6152260">
    <ele>164.3</ele>
   </trkpt>
   <trkpt lat="60.0193760" lon="10.6152770">
    <ele>164.1</ele>
   </trkpt>
   <trkpt lat="60.0192920" lon="10.6155660">
    <ele>163.9</ele>
   </trkpt>
   <trkpt lat="60.0192170" lon="10.6158490">
    <ele>163.7</ele>
   </trkpt>
   <trkpt lat="60.0191300" lon="10.6161310">
    <ele>163.6</ele>
   </trkpt>
   <trkpt lat="60.0191240" lon="10.6161850">
    <ele>163.6</ele>
   </trkpt>
   <trkpt lat="60.0191530" lon="10.6164620">
    <ele>162.4</ele>
   </trkpt>
   <trkpt lat="60.0191820" lon="10.6167810">
    <ele>161.4</ele>
   </trkpt>
   <trkpt lat="60.0191690" lon="10.6169050">
    <ele>160.7</ele>
   </trkpt>
   <trkpt lat="60.0191170" lon="10.6170850">
    <ele>159.9</ele>
   </trkpt>
   <trkpt lat="60.0190650" lon="10.6171810">
    <ele>159.4</ele>
   </trkpt>
   <trkpt lat="60.0189880" lon="10.6172850">
    <ele>158.8</ele>
   </trkpt>
   <trkpt lat="60.0188980" lon="10.6174500">
    <ele>158.1</ele>
   </trkpt>
   <trkpt lat="60.0188770" lon="10.6175040">
    <ele>157.9</ele>
   </trkpt>
   <trkpt lat="60.0187450" lon="10.6177590">
    <ele>157.3</ele>
   </trkpt>
   <trkpt lat="60.0186230" lon="10.6179870">
    <ele>157.1</ele>
   </trkpt>
   <trkpt lat="60.0185960" lon="10.6180320">
    <ele>157.1</ele>
   </trkpt>
   <trkpt lat="60.0184770" lon="10.6182810">
    <ele>157.2</ele>
   </trkpt>
   <trkpt lat="60.0183560" lon="10.6185370">
    <ele>157.4</ele>
   </trkpt>
   <trkpt lat="60.0183380" lon="10.6185740">
    <ele>157.5</ele>
   </trkpt>
   <trkpt lat="60.0182280" lon="10.6187710">
    <ele>157.8</ele>
   </trkpt>
   <trkpt lat="60.0182060" lon="10.6187990">
    <ele>157.8</ele>
   </trkpt>
   <trkpt lat="60.0180470" lon="10.6189530">
    <ele>158.4</ele>
   </trkpt>
   <trkpt lat="60.0180170" lon="10.6189730">
    <ele>158.5</ele>
   </trkpt>
   <trkpt lat="60.0178800" lon="10.6190870">
    <ele>159.2</ele>
   </trkpt>
   <trkpt lat="60.0178650" lon="10.6191110">
    <ele>159.3</ele>
   </trkpt>
   <trkpt lat="60.0178150" lon="10.6192310">
    <ele>160.1</ele>
   </trkpt>
   <trkpt lat="60.0177920" lon="10.6193190">
    <ele>160.7</ele>
   </trkpt>
   <trkpt lat="60.0177850" lon="10.6193720">
    <ele>161.0</ele>
   </trkpt>
   <trkpt lat="60.0177610" lon="10.6195270">
    <ele>161.6</ele>
   </trkpt>
   <trkpt lat="60.0177530" lon="10.6199350">
    <ele>162.1</ele>
   </trkpt>
   <trkpt lat="60.0177770" lon="10.6201930">
    <ele>162.1</ele>
   </trkpt>
   <trkpt lat="60.0177780" lon="10.6202650">
    <ele>162.1</ele>
   </trkpt>
   <trkpt lat="60.0177880" lon="10.6205110">
    <ele>162.0</ele>
   </trkpt>
   <trkpt lat="60.0178010" lon="10.6206300">
    <ele>162.0</ele>
   </trkpt>
   <trkpt lat="60.0178230" lon="10.6207480">
    <ele>162.0</ele>
   </trkpt>
   <trkpt lat="60.0178590" lon="10.6210050">
    <ele>162.0</ele>
   </trkpt>
   <trkpt lat="60.0178900" lon="10.6213450">
    <ele>162.1</ele>
   </trkpt>
   <trkpt lat="60.0179070" lon="10.6214070">
    <ele>162.2</ele>
   </trkpt>
   <trkpt lat="60.0179810" lon="10.6216130">
    <ele>162.5</ele>
   </trkpt>
   <trkpt lat="60.0180140" lon="10.6216730">
    <ele>162.7</ele>
   </trkpt>
   <trkpt lat="60.0181190" lon="10.6217750">
    <ele>162.8</ele>
   </trkpt>
   <trkpt lat="60.0182310" lon="10.6218480">
    <ele>163.0</ele>
   </trkpt>
   <trkpt lat="60.0182880" lon="10.6218960">
    <ele>163.0</ele>
   </trkpt>
   <trkpt lat="60.0183540" lon="10.6219200">
    <ele>163.2</ele>
   </trkpt>
   <trkpt lat="60.0183870" lon="10.6219400">
    <ele>163.2</ele>
   </trkpt>
   <trkpt lat="60.0184160" lon="10.6219640">
    <ele>163.3</ele>
   </trkpt>
   <trkpt lat="60.0184410" lon="10.6219850">
    <ele>163.3</ele>
   </trkpt>
   <trkpt lat="60.0184970" lon="10.6220420">
    <ele>163.5</ele>
   </trkpt>
   <trkpt lat="60.0185250" lon="10.6220680">
    <ele>163.5</ele>
   </trkpt>
   <trkpt lat="60.0186090" lon="10.6221350">
    <ele>163.7</ele>
   </trkpt>
   <trkpt lat="60.0186630" lon="10.6221910">
    <ele>163.9</ele>
   </trkpt>
   <trkpt lat="60.0188110" lon="10.6223280">
    <ele>164.5</ele>
   </trkpt>
   <trkpt lat="60.0189370" lon="10.6224650">
    <ele>165.0</ele>
   </trkpt>
   <trkpt lat="60.0189610" lon="10.6224820">
    <ele>165.1</ele>
   </trkpt>
   <trkpt lat="60.0190580" lon="10.6225770">
    <ele>165.6</ele>
   </trkpt>
   <trkpt lat="60.0191280" lon="10.6226390">
    <ele>166.0</ele>
   </trkpt>
   <trkpt lat="60.0192010" lon="10.6227660">
    <ele>166.5</ele>
   </trkpt>
   <trkpt lat="60.0192450" lon="10.6228340">
    <ele>166.8</ele>
   </trkpt>
   <trkpt lat="60.0193600" lon="10.6230720">
    <ele>167.8</ele>
   </trkpt>
   <trkpt lat="60.0193850" lon="10.6232790">
    <ele>168.6</ele>
   </trkpt>
   <trkpt lat="60.0193870" lon="10.6233290">
    <ele>168.9</ele>
   </trkpt>
   <trkpt lat="60.0193800" lon="10.6233780">
    <ele>169.1</ele>
   </trkpt>
   <trkpt lat="60.0193520" lon="10.6235030">
    <ele>169.7</ele>
   </trkpt>
   <trkpt lat="60.0193310" lon="10.6235710">
    <ele>170.1</ele>
   </trkpt>
   <trkpt lat="60.0192800" lon="10.6236810">
    <ele>170.8</ele>
   </trkpt>
   <trkpt lat="60.0192390" lon="10.6237240">
    <ele>171.2</ele>
   </trkpt>
   <trkpt lat="60.0191820" lon="10.6238160">
    <ele>171.9</ele>
   </trkpt>
   <trkpt lat="60.0190920" lon="10.6239370">
    <ele>172.9</ele>
   </trkpt>
   <trkpt lat="60.0190660" lon="10.6239830">
    <ele>173.3</ele>
   </trkpt>
   <trkpt lat="60.0189930" lon="10.6241140">
    <ele>174.2</ele>
   </trkpt>
   <trkpt lat="60.0189470" lon="10.6242370">
    <ele>174.9</ele>
   </trkpt>
   <trkpt lat="60.0189230" lon="10.6243120">
    <ele>175.2</ele>
   </trkpt>
   <trkpt lat="60.0188970" lon="10.6244220">
    <ele>175.8</ele>
   </trkpt>
   <trkpt lat="60.0188830" lon="10.6245080">
    <ele>176.2</ele>
   </trkpt>
   <trkpt lat="60.0188780" lon="10.6245490">
    <ele>176.3</ele>
   </trkpt>
   <trkpt lat="60.0188530" lon="10.6246840">
    <ele>177.0</ele>
   </trkpt>
   <trkpt lat="60.0188360" lon="10.6247850">
    <ele>177.5</ele>
   </trkpt>
   <trkpt lat="60.0188230" lon="10.6248910">
    <ele>178.0</ele>
   </trkpt>
   <trkpt lat="60.0188090" lon="10.6250830">
    <ele>178.8</ele>
   </trkpt>
   <trkpt lat="60.0188030" lon="10.6251260">
    <ele>179.0</ele>
   </trkpt>
   <trkpt lat="60.0188020" lon="10.6251680">
    <ele>179.2</ele>
   </trkpt>
   <trkpt lat="60.0187620" lon="10.6253260">
    <ele>179.9</ele>
   </trkpt>
   <trkpt lat="60.0186820" lon="10.6254900">
    <ele>180.9</ele>
   </trkpt>
   <trkpt lat="60.0186630" lon="10.6255340">
    <ele>181.1</ele>
   </trkpt>
   <trkpt lat="60.0185930" lon="10.6256620">
    <ele>181.9</ele>
   </trkpt>
   <trkpt lat="60.0185670" lon="10.6257140">
    <ele>182.3</ele>
   </trkpt>
   <trkpt lat="60.0184890" lon="10.6258900">
    <ele>183.3</ele>
   </trkpt>
   <trkpt lat="60.0184780" lon="10.6259300">
    <ele>183.4</ele>
   </trkpt>
   <trkpt lat="60.0184540" lon="10.6260140">
    <ele>183.9</ele>
   </trkpt>
   <trkpt lat="60.0184220" lon="10.6261540">
    <ele>184.5</ele>
   </trkpt>
   <trkpt lat="60.0184170" lon="10.6262660">
    <ele>184.9</ele>
   </trkpt>
   <trkpt lat="60.0184060" lon="10.6263960">
    <ele>185.4</ele>
   </trkpt>
   <trkpt lat="60.0183950" lon="10.6265070">
    <ele>185.8</ele>
   </trkpt>
   <trkpt lat="60.0183660" lon="10.6266840">
    <ele>186.4</ele>
   </trkpt>
   <trkpt lat="60.0183580" lon="10.6267120">
    <ele>186.5</ele>
   </trkpt>
   <trkpt lat="60.0183080" lon="10.6268870">
    <ele>187.2</ele>
   </trkpt>
   <trkpt lat="60.0182980" lon="10.6269240">
    <ele>187.4</ele>
   </trkpt>
   <trkpt lat="60.0182570" lon="10.6270690">
    <ele>188.0</ele>
   </trkpt>
   <trkpt lat="60.0182490" lon="10.6270850">
    <ele>188.0</ele>
   </trkpt>
   <trkpt lat="60.0182320" lon="10.6271500">
    <ele>188.3</ele>
   </trkpt>
   <trkpt lat="60.0182160" lon="10.6272280">
    <ele>188.5</ele>
   </trkpt>
   <trkpt lat="60.0181830" lon="10.6273610">
    <ele>189.0</ele>
   </trkpt>
   <trkpt lat="60.0181420" lon="10.6275160">
    <ele>189.5</ele>
   </trkpt>
   <trkpt lat="60.0180850" lon="10.6277180">
    <ele>190.2</ele>
   </trkpt>
   <trkpt lat="60.0180690" lon="10.6277550">
    <ele>190.3</ele>
   </trkpt>
   <trkpt lat="60.0179980" lon="10.6280350">
    <ele>191.1</ele>
   </trkpt>
   <trkpt lat="60.0179320" lon="10.6282490">
    <ele>191.8</ele>
   </trkpt>
   <trkpt lat="60.0178930" lon="10.6283440">
    <ele>192.2</ele>
   </trkpt>
   <trkpt lat="60.0178630" lon="10.6284430">
    <ele>192.5</ele>
   </trkpt>
   <trkpt lat="60.0178210" lon="10.6285940">
    <ele>192.9</ele>
   </trkpt>
   <trkpt lat="60.0177790" lon="10.6287400">
    <ele>193.4</ele>
   </trkpt>
   <trkpt lat="60.0177170" lon="10.6289320">
    <ele>194.0</ele>
   </trkpt>
   <trkpt lat="60.0176980" lon="10.6289790">
    <ele>194.2</ele>
   </trkpt>
   <trkpt lat="60.0176290" lon="10.6291930">
    <ele>194.5</ele>
   </trkpt>
   <trkpt lat="60.0176110" lon="10.6292330">
    <ele>194.5</ele>
   </trkpt>
   <trkpt lat="60.0175410" lon="10.6293830">
    <ele>194.9</ele>
   </trkpt>
   <trkpt lat="60.0175110" lon="10.6294720">
    <ele>195.1</ele>
   </trkpt>
   <trkpt lat="60.0174990" lon="10.6294990">
    <ele>195.1</ele>
   </trkpt>
   <trkpt lat="60.0174430" lon="10.6296340">
    <ele>195.4</ele>
   </trkpt>
   <trkpt lat="60.0173850" lon="10.6297760">
    <ele>195.6</ele>
   </trkpt>
   <trkpt lat="60.0173680" lon="10.6298080">
    <ele>195.7</ele>
   </trkpt>
   <trkpt lat="60.0172920" lon="10.6299840">
    <ele>196.2</ele>
   </trkpt>
   <trkpt lat="60.0172350" lon="10.6300990">
    <ele>196.6</ele>
   </trkpt>
   <trkpt lat="60.0171800" lon="10.6302110">
    <ele>197.0</ele>
   </trkpt>
   <trkpt lat="60.0171300" lon="10.6302770">
    <ele>197.3</ele>
   </trkpt>
   <trkpt lat="60.0171100" lon="10.6302930">
    <ele>197.4</ele>
   </trkpt>
   <trkpt lat="60.0170800" lon="10.6303140">
    <ele>197.5</ele>
   </trkpt>
   <trkpt lat="60.0170580" lon="10.6303310">
    <ele>197.7</ele>
   </trkpt>
   <trkpt lat="60.0170490" lon="10.6303540">
    <ele>197.7</ele>
   </trkpt>
   <trkpt lat="60.0169910" lon="10.6305380">
    <ele>198.3</ele>
   </trkpt>
   <trkpt lat="60.0169750" lon="10.6305700">
    <ele>198.5</ele>
   </trkpt>
   <trkpt lat="60.0169370" lon="10.6306460">
    <ele>198.8</ele>
   </trkpt>
   <trkpt lat="60.0169230" lon="10.6306520">
    <ele>198.9</ele>
   </trkpt>
   <trkpt lat="60.0168860" lon="10.6307210">
    <ele>199.2</ele>
   </trkpt>
   <trkpt lat="60.0168550" lon="10.6307830">
    <ele>199.5</ele>
   </trkpt>
   <trkpt lat="60.0168040" lon="10.6308900">
    <ele>200.1</ele>
   </trkpt>
   <trkpt lat="60.0167070" lon="10.6310960">
    <ele>201.2</ele>
   </trkpt>
   <trkpt lat="60.0166930" lon="10.6311520">
    <ele>201.4</ele>
   </trkpt>
   <trkpt lat="60.0166680" lon="10.6312430">
    <ele>201.9</ele>
   </trkpt>
   <trkpt lat="60.0166500" lon="10.6313200">
    <ele>202.2</ele>
   </trkpt>
   <trkpt lat="60.0166410" lon="10.6313540">
    <ele>202.4</ele>
   </trkpt>
   <trkpt lat="60.0165920" lon="10.6314610">
    <ele>203.1</ele>
   </trkpt>
   <trkpt lat="60.0165360" lon="10.6316160">
    <ele>204.0</ele>
   </trkpt>
   <trkpt lat="60.0165320" lon="10.6316500">
    <ele>204.2</ele>
   </trkpt>
   <trkpt lat="60.0164320" lon="10.6319760">
    <ele>206.1</ele>
   </trkpt>
   <trkpt lat="60.0164040" lon="10.6320450">
    <ele>206.5</ele>
   </trkpt>
   <trkpt lat="60.0162930" lon="10.6323290">
    <ele>208.1</ele>
   </trkpt>
   <trkpt lat="60.0162500" lon="10.6324660">
    <ele>208.4</ele>
   </trkpt>
   <trkpt lat="60.0161360" lon="10.6327480">
    <ele>209.1</ele>
   </trkpt>
   <trkpt lat="60.0160760" lon="10.6328840">
    <ele>209.5</ele>
   </trkpt>
   <trkpt lat="60.0160350" lon="10.6329670">
    <ele>209.7</ele>
   </trkpt>
   <trkpt lat="60.0159720" lon="10.6331040">
    <ele>210.0</ele>
   </trkpt>
   <trkpt lat="60.0158890" lon="10.6332630">
    <ele>210.5</ele>
   </trkpt>
   <trkpt lat="60.0158690" lon="10.6333070">
    <ele>210.6</ele>
   </trkpt>
   <trkpt lat="60.0158130" lon="10.6334250">
    <ele>210.9</ele>
   </trkpt>
   <trkpt lat="60.0157400" lon="10.6335800">
    <ele>211.3</ele>
   </trkpt>
   <trkpt lat="60.0157230" lon="10.6336160">
    <ele>211.4</ele>
   </trkpt>
   <trkpt lat="60.0156620" lon="10.6337710">
    <ele>211.9</ele>
   </trkpt>
   <trkpt lat="60.0155970" lon="10.6339660">
    <ele>212.4</ele>
   </trkpt>
   <trkpt lat="60.0155790" lon="10.6340250">
    <ele>212.5</ele>
   </trkpt>
   <trkpt lat="60.0155820" lon="10.6340700">
    <ele>212.6</ele>
   </trkpt>
   <trkpt lat="60.0155610" lon="10.6342230">
    <ele>213.0</ele>
   </trkpt>
   <trkpt lat="60.0155360" lon="10.6343570">
    <ele>213.4</ele>
   </trkpt>
   <trkpt lat="60.0155100" lon="10.6344730">
    <ele>213.8</ele>
   </trkpt>
   <trkpt lat="60.0154910" lon="10.6345470">
    <ele>214.0</ele>
   </trkpt>
   <trkpt lat="60.0154780" lon="10.6346000">
    <ele>214.2</ele>
   </trkpt>
   <trkpt lat="60.0154350" lon="10.6348360">
    <ele>215.0</ele>
   </trkpt>
   <trkpt lat="60.0154190" lon="10.6349440">
    <ele>215.0</ele>
   </trkpt>
   <trkpt lat="60.0154020" lon="10.6350850">
    <ele>215.2</ele>
   </trkpt>
   <trkpt lat="60.0153350" lon="10.6353690">
    <ele>215.3</ele>
   </trkpt>
   <trkpt lat="60.0152580" lon="10.6356200">
    <ele>214.9</ele>
   </trkpt>
   <trkpt lat="60.0152130" lon="10.6357250">
    <ele>214.6</ele>
   </trkpt>
   <trkpt lat="60.0151700" lon="10.6358260">
    <ele>214.5</ele>
   </trkpt>
   <trkpt lat="60.0151370" lon="10.6359020">
    <ele>214.4</ele>
   </trkpt>
   <trkpt lat="60.0151090" lon="10.6360130">
    <ele>214.3</ele>
   </trkpt>
   <trkpt lat="60.0150800" lon="10.6361650">
    <ele>214.2</ele>
   </trkpt>
   <trkpt lat="60.0150460" lon="10.6364670">
    <ele>214.3</ele>
   </trkpt>
   <trkpt lat="60.0150200" lon="10.6366810">
    <ele>214.3</ele>
   </trkpt>
   <trkpt lat="60.0150070" lon="10.6367950">
    <ele>214.3</ele>
   </trkpt>
   <trkpt lat="60.0149300" lon="10.6371200">
    <ele>214.4</ele>
   </trkpt>
   <trkpt lat="60.0149070" lon="10.6372060">
    <ele>214.4</ele>
   </trkpt>
   <trkpt lat="60.0147950" lon="10.6375540">
    <ele>214.4</ele>
   </trkpt>
   <trkpt lat="60.0147670" lon="10.6377280">
    <ele>214.3</ele>
   </trkpt>
   <trkpt lat="60.0147050" lon="10.6381020">
    <ele>214.0</ele>
   </trkpt>
   <trkpt lat="60.0147030" lon="10.6381740">
    <ele>213.9</ele>
   </trkpt>
   <trkpt lat="60.0147000" lon="10.6382400">
    <ele>213.8</ele>
   </trkpt>
   <trkpt lat="60.0146960" lon="10.6383740">
    <ele>213.7</ele>
   </trkpt>
   <trkpt lat="60.0146990" lon="10.6384290">
    <ele>213.6</ele>
   </trkpt>
   <trkpt lat="60.0147040" lon="10.6385540">
    <ele>213.5</ele>
   </trkpt>
   <trkpt lat="60.0147230" lon="10.6388820">
    <ele>213.3</ele>
   </trkpt>
   <trkpt lat="60.0147230" lon="10.6389400">
    <ele>213.2</ele>
   </trkpt>
   <trkpt lat="60.0147340" lon="10.6391810">
    <ele>213.3</ele>
   </trkpt>
   <trkpt lat="60.0147330" lon="10.6394430">
    <ele>213.5</ele>
   </trkpt>
   <trkpt lat="60.0147330" lon="10.6395010">
    <ele>213.6</ele>
   </trkpt>
   <trkpt lat="60.0147340" lon="10.6395560">
    <ele>213.6</ele>
   </trkpt>
   <trkpt lat="60.0147600" lon="10.6399660">
    <ele>214.0</ele>
   </trkpt>
   <trkpt lat="60.0147370" lon="10.6402830">
    <ele>214.4</ele>
   </trkpt>
   <trkpt lat="60.0147120" lon="10.6405600">
    <ele>214.8</ele>
   </trkpt>
   <trkpt lat="60.0147080" lon="10.6406550">
    <ele>215.0</ele>
   </trkpt>
   <trkpt lat="60.0147080" lon="10.6407130">
    <ele>215.1</ele>
   </trkpt>
   <trkpt lat="60.0146960" lon="10.6408180">
    <ele>215.3</ele>
   </trkpt>
   <trkpt lat="60.0146760" lon="10.6410110">
    <ele>215.6</ele>
   </trkpt>
   <trkpt lat="60.0146660" lon="10.6411060">
    <ele>215.8</ele>
   </trkpt>
   <trkpt lat="60.0146440" lon="10.6413640">
    <ele>216.2</ele>
   </trkpt>
   <trkpt lat="60.0146260" lon="10.6417230">
    <ele>216.6</ele>
   </trkpt>
   <trkpt lat="60.0146230" lon="10.6417830">
    <ele>216.6</ele>
   </trkpt>
   <trkpt lat="60.0146140" lon="10.6418980">
    <ele>216.7</ele>
   </trkpt>
   <trkpt lat="60.0145880" lon="10.6420340">
    <ele>216.8</ele>
   </trkpt>
   <trkpt lat="60.0144770" lon="10.6422710">
    <ele>217.0</ele>
   </trkpt>
   <trkpt lat="60.0143840" lon="10.6424030">
    <ele>217.0</ele>
   </trkpt>
   <trkpt lat="60.0143420" lon="10.6424660">
    <ele>216.9</ele>
   </trkpt>
   <trkpt lat="60.0143220" lon="10.6424950">
    <ele>216.9</ele>
   </trkpt>
   <trkpt lat="60.0142430" lon="10.6426200">
    <ele>216.9</ele>
   </trkpt>
   <trkpt lat="60.0141570" lon="10.6427820">
    <ele>216.9</ele>
   </trkpt>
   <trkpt lat="60.0140590" lon="10.6430170">
    <ele>216.9</ele>
   </trkpt>
   <trkpt lat="60.0140420" lon="10.6430680">
    <ele>216.9</ele>
   </trkpt>
   <trkpt lat="60.0139530" lon="10.6434030">
    <ele>217.0</ele>
   </trkpt>
   <trkpt lat="60.0138820" lon="10.6437430">
    <ele>217.0</ele>
   </trkpt>
   <trkpt lat="60.0138090" lon="10.6440640">
    <ele>216.9</ele>
   </trkpt>
   <trkpt lat="60.0137360" lon="10.6443230">
    <ele>216.8</ele>
   </trkpt>
   <trkpt lat="60.0137200" lon="10.6443680">
    <ele>216.7</ele>
   </trkpt>
   <trkpt lat="60.0136560" lon="10.6444960">
    <ele>216.7</ele>
   </trkpt>
   <trkpt lat="60.0135540" lon="10.6446190">
    <ele>216.6</ele>
   </trkpt>
   <trkpt lat="60.0134100" lon="10.6447940">
    <ele>216.5</ele>
   </trkpt>
   <trkpt lat="60.0133560" lon="10.6449030">
    <ele>216.4</ele>
   </trkpt>
   <trkpt lat="60.0132260" lon="10.6449180">
    <ele>216.2</ele>
   </trkpt>
   <trkpt lat="60.0130530" lon="10.6449650">
    <ele>215.9</ele>
   </trkpt>
   <trkpt lat="60.0129430" lon="10.6450050">
    <ele>215.7</ele>
   </trkpt>
   <trkpt lat="60.0129250" lon="10.6450180">
    <ele>215.7</ele>
   </trkpt>
   <trkpt lat="60.0128980" lon="10.6450760">
    <ele>215.6</ele>
   </trkpt>
   <trkpt lat="60.0128890" lon="10.6451630">
    <ele>215.5</ele>
   </trkpt>
   <trkpt lat="60.0128840" lon="10.6453540">
    <ele>216.1</ele>
   </trkpt>
   <trkpt lat="60.0128790" lon="10.6453960">
    <ele>216.2</ele>
   </trkpt>
   <trkpt lat="60.0128400" lon="10.6455400">
    <ele>216.7</ele>
   </trkpt>
   <trkpt lat="60.0128210" lon="10.6455830">
    <ele>216.9</ele>
   </trkpt>
   <trkpt lat="60.0128000" lon="10.6456030">
    <ele>217.1</ele>
   </trkpt>
   <trkpt lat="60.0127830" lon="10.6456250">
    <ele>217.2</ele>
   </trkpt>
   <trkpt lat="60.0127650" lon="10.6456630">
    <ele>217.4</ele>
   </trkpt>
   <trkpt lat="60.0127450" lon="10.6456820">
    <ele>217.5</ele>
   </trkpt>
   <trkpt lat="60.0127380" lon="10.6456930">
    <ele>217.6</ele>
   </trkpt>
   <trkpt lat="60.0127420" lon="10.6456990">
    <ele>217.6</ele>
   </trkpt>
   <trkpt lat="60.0127430" lon="10.6457100">
    <ele>217.6</ele>
   </trkpt>
   <trkpt lat="60.0127280" lon="10.6457310">
    <ele>217.7</ele>
   </trkpt>
   <trkpt lat="60.0126980" lon="10.6457230">
    <ele>217.9</ele>
   </trkpt>
   <trkpt lat="60.0126740" lon="10.6457280">
    <ele>218.1</ele>
   </trkpt>
   <trkpt lat="60.0125900" lon="10.6457510">
    <ele>218.7</ele>
   </trkpt>
   <trkpt lat="60.0126050" lon="10.6457710">
    <ele>218.9</ele>
   </trkpt>
   <trkpt lat="60.0126140" lon="10.6457130">
    <ele>219.1</ele>
   </trkpt>
   <trkpt lat="60.0126160" lon="10.6456970">
    <ele>219.2</ele>
   </trkpt>
   <trkpt lat="60.0125920" lon="10.6457720">
    <ele>219.6</ele>
   </trkpt>
   <trkpt lat="60.0125880" lon="10.6457680">
    <ele>219.6</ele>
   </trkpt>
   <trkpt lat="60.0125800" lon="10.6457950">
    <ele>219.8</ele>
   </trkpt>
   <trkpt lat="60.0125760" lon="10.6458070">
    <ele>219.8</ele>
   </trkpt>
   <trkpt lat="60.0125740" lon="10.6458080">
    <ele>219.8</ele>
   </trkpt>
   <trkpt lat="60.0125540" lon="10.6457730">
    <ele>220.1</ele>
   </trkpt>
   <trkpt lat="60.0125340" lon="10.6457720">
    <ele>220.3</ele>
   </trkpt>
   <trkpt lat="60.0124870" lon="10.6458360">
    <ele>221.0</ele>
   </trkpt>
   <trkpt lat="60.0124870" lon="10.6458440">
    <ele>221.0</ele>
   </trkpt>
   <trkpt lat="60.0124640" lon="10.6459100">
    <ele>221.5</ele>
   </trkpt>
   <trkpt lat="60.0124520" lon="10.6459260">
    <ele>221.6</ele>
   </trkpt>
   <trkpt lat="60.0124360" lon="10.6459740">
    <ele>222.0</ele>
   </trkpt>
   <trkpt lat="60.0124280" lon="10.6459940">
    <ele>222.2</ele>
   </trkpt>
   <trkpt lat="60.0124240" lon="10.6460210">
    <ele>222.3</ele>
   </trkpt>
   <trkpt lat="60.0124160" lon="10.6460460">
    <ele>222.5</ele>
   </trkpt>
   <trkpt lat="60.0124040" lon="10.6460690">
    <ele>222.7</ele>
   </trkpt>
   <trkpt lat="60.0123950" lon="10.6460840">
    <ele>222.9</ele>
   </trkpt>
   <trkpt lat="60.0122860" lon="10.6462330">
    <ele>224.5</ele>
   </trkpt>
   <trkpt lat="60.0121630" lon="10.6464140">
    <ele>226.6</ele>
   </trkpt>
   <trkpt lat="60.0121340" lon="10.6464600">
    <ele>227.0</ele>
   </trkpt>
   <trkpt lat="60.0120350" lon="10.6465620">
    <ele>228.4</ele>
   </trkpt>
   <trkpt lat="60.0120230" lon="10.6465760">
    <ele>228.6</ele>
   </trkpt>
   <trkpt lat="60.0120040" lon="10.6465940">
    <ele>229.0</ele>
   </trkpt>
   <trkpt lat="60.0119970" lon="10.6465990">
    <ele>229.1</ele>
   </trkpt>
   <trkpt lat="60.0119910" lon="10.6466100">
    <ele>229.2</ele>
   </trkpt>
   <trkpt lat="60.0119770" lon="10.6466310">
    <ele>229.5</ele>
   </trkpt>
   <trkpt lat="60.0119530" lon="10.6466620">
    <ele>230.0</ele>
   </trkpt>
   <trkpt lat="60.0119250" lon="10.6467020">
    <ele>230.7</ele>
   </trkpt>
   <trkpt lat="60.0119140" lon="10.6467360">
    <ele>231.0</ele>
   </trkpt>
   <trkpt lat="60.0118950" lon="10.6468030">
    <ele>231.7</ele>
   </trkpt>
   <trkpt lat="60.0118780" lon="10.6468430">
    <ele>232.3</ele>
   </trkpt>
   <trkpt lat="60.0118640" lon="10.6468650">
    <ele>232.5</ele>
   </trkpt>
   <trkpt lat="60.0118540" lon="10.6468710">
    <ele>232.6</ele>
   </trkpt>
   <trkpt lat="60.0118480" lon="10.6468750">
    <ele>232.7</ele>
   </trkpt>
   <trkpt lat="60.0118440" lon="10.6468950">
    <ele>232.8</ele>
   </trkpt>
   <trkpt lat="60.0118400" lon="10.6469060">
    <ele>232.9</ele>
   </trkpt>
   <trkpt lat="60.0118350" lon="10.6469500">
    <ele>233.2</ele>
   </trkpt>
   <trkpt lat="60.0118240" lon="10.6469750">
    <ele>233.4</ele>
   </trkpt>
   <trkpt lat="60.0118030" lon="10.6470280">
    <ele>233.9</ele>
   </trkpt>
   <trkpt lat="60.0117880" lon="10.6470510">
    <ele>234.1</ele>
   </trkpt>
   <trkpt lat="60.0117610" lon="10.6470740">
    <ele>234.5</ele>
   </trkpt>
   <trkpt lat="60.0117190" lon="10.6469810">
    <ele>235.3</ele>
   </trkpt>
   <trkpt lat="60.0117220" lon="10.6469260">
    <ele>235.6</ele>
   </trkpt>
   <trkpt lat="60.0117220" lon="10.6469260">
    <ele>235.6</ele>
   </trkpt>
   <trkpt lat="60.0116990" lon="10.6468590">
    <ele>236.2</ele>
   </trkpt>
   <trkpt lat="60.0116920" lon="10.6468540">
    <ele>236.3</ele>
   </trkpt>
   <trkpt lat="60.0116850" lon="10.6468580">
    <ele>236.4</ele>
   </trkpt>
   <trkpt lat="60.0116470" lon="10.6469530">
    <ele>237.2</ele>
   </trkpt>
   <trkpt lat="60.0116320" lon="10.6469810">
    <ele>237.4</ele>
   </trkpt>
   <trkpt lat="60.0116000" lon="10.6470390">
    <ele>238.0</ele>
   </trkpt>
   <trkpt lat="60.0115670" lon="10.6470780">
    <ele>238.5</ele>
   </trkpt>
   <trkpt lat="60.0114840" lon="10.6470990">
    <ele>241.3</ele>
   </trkpt>
   <trkpt lat="60.0114500" lon="10.6471000">
    <ele>241.7</ele>
   </trkpt>
   <trkpt lat="60.0114300" lon="10.6471050">
    <ele>241.9</ele>
   </trkpt>
   <trkpt lat="60.0113710" lon="10.6471510">
    <ele>242.5</ele>
   </trkpt>
   <trkpt lat="60.0113120" lon="10.6472210">
    <ele>243.0</ele>
   </trkpt>
   <trkpt lat="60.0112550" lon="10.6473200">
    <ele>243.4</ele>
   </trkpt>
   <trkpt lat="60.0112300" lon="10.6473650">
    <ele>243.5</ele>
   </trkpt>
   <trkpt lat="60.0111550" lon="10.6474970">
    <ele>243.5</ele>
   </trkpt>
   <trkpt lat="60.0111100" lon="10.6476540">
    <ele>243.3</ele>
   </trkpt>
   <trkpt lat="60.0110320" lon="10.6479080">
    <ele>243.4</ele>
   </trkpt>
   <trkpt lat="60.0110050" lon="10.6479980">
    <ele>243.7</ele>
   </trkpt>
   <trkpt lat="60.0109990" lon="10.6480600">
    <ele>244.0</ele>
   </trkpt>
   <trkpt lat="60.0109950" lon="10.6481040">
    <ele>244.2</ele>
   </trkpt>
   <trkpt lat="60.0109750" lon="10.6482590">
    <ele>245.2</ele>
   </trkpt>
   <trkpt lat="60.0109650" lon="10.6482980">
    <ele>245.5</ele>
   </trkpt>
   <trkpt lat="60.0109340" lon="10.6484140">
    <ele>246.4</ele>
   </trkpt>
   <trkpt lat="60.0109170" lon="10.6484510">
    <ele>246.7</ele>
   </trkpt>
   <trkpt lat="60.0108990" lon="10.6484850">
    <ele>247.0</ele>
   </trkpt>
   <trkpt lat="60.0108140" lon="10.6486310">
    <ele>248.0</ele>
   </trkpt>
   <trkpt lat="60.0108010" lon="10.6486660">
    <ele>248.2</ele>
   </trkpt>
   <trkpt lat="60.0107870" lon="10.6487110">
    <ele>248.3</ele>
   </trkpt>
   <trkpt lat="60.0107650" lon="10.6487710">
    <ele>248.4</ele>
   </trkpt>
   <trkpt lat="60.0106450" lon="10.6488800">
    <ele>248.9</ele>
   </trkpt>
   <trkpt lat="60.0106210" lon="10.6489060">
    <ele>249.0</ele>
   </trkpt>
   <trkpt lat="60.0105960" lon="10.6489470">
    <ele>249.1</ele>
   </trkpt>
   <trkpt lat="60.0105170" lon="10.6490370">
    <ele>249.5</ele>
   </trkpt>
   <trkpt lat="60.0105050" lon="10.6490450">
    <ele>249.6</ele>
   </trkpt>
   <trkpt lat="60.0104870" lon="10.6490660">
    <ele>249.7</ele>
   </trkpt>
   <trkpt lat="60.0104810" lon="10.6491320">
    <ele>250.0</ele>
   </trkpt>
   <trkpt lat="60.0104670" lon="10.6491300">
    <ele>250.1</ele>
   </trkpt>
   <trkpt lat="60.0104360" lon="10.6491440">
    <ele>250.3</ele>
   </trkpt>
   <trkpt lat="60.0104090" lon="10.6491490">
    <ele>250.6</ele>
   </trkpt>
   <trkpt lat="60.0103900" lon="10.6491600">
    <ele>250.8</ele>
   </trkpt>
   <trkpt lat="60.0103700" lon="10.6491760">
    <ele>251.1</ele>
   </trkpt>
   <trkpt lat="60.0103340" lon="10.6492210">
    <ele>251.6</ele>
   </trkpt>
   <trkpt lat="60.0103120" lon="10.6492710">
    <ele>252.0</ele>
   </trkpt>
   <trkpt lat="60.0102980" lon="10.6492870">
    <ele>252.3</ele>
   </trkpt>
   <trkpt lat="60.0102670" lon="10.6493220">
    <ele>252.7</ele>
   </trkpt>
   <trkpt lat="60.0102350" lon="10.6493810">
    <ele>253.3</ele>
   </trkpt>
   <trkpt lat="60.0102140" lon="10.6494470">
    <ele>253.7</ele>
   </trkpt>
   <trkpt lat="60.0101630" lon="10.6495580">
    <ele>254.4</ele>
   </trkpt>
   <trkpt lat="60.0100820" lon="10.6498070">
    <ele>255.3</ele>
   </trkpt>
   <trkpt lat="60.0100820" lon="10.6500300">
    <ele>255.9</ele>
   </trkpt>
   <trkpt lat="60.0100750" lon="10.6501860">
    <ele>256.2</ele>
   </trkpt>
   <trkpt lat="60.0100660" lon="10.6502080">
    <ele>256.2</ele>
   </trkpt>
   <trkpt lat="60.0100450" lon="10.6502780">
    <ele>256.3</ele>
   </trkpt>
   <trkpt lat="60.0100380" lon="10.6502940">
    <ele>256.3</ele>
   </trkpt>
   <trkpt lat="60.0100470" lon="10.6503150">
    <ele>256.3</ele>
   </trkpt>
   <trkpt lat="60.0100520" lon="10.6503590">
    <ele>256.4</ele>
   </trkpt>
   <trkpt lat="60.0100530" lon="10.6503760">
    <ele>256.4</ele>
   </trkpt>
   <trkpt lat="60.0100540" lon="10.6504240">
    <ele>256.4</ele>
   </trkpt>
   <trkpt lat="60.0100480" lon="10.6504580">
    <ele>256.5</ele>
   </trkpt>
   <trkpt lat="60.0100430" lon="10.6504680">
    <ele>256.5</ele>
   </trkpt>
   <trkpt lat="60.0100560" lon="10.6505050">
    <ele>256.5</ele>
   </trkpt>
   <trkpt lat="60.0101050" lon="10.6504960">
    <ele>256.7</ele>
   </trkpt>
   <trkpt lat="60.0101790" lon="10.6505070">
    <ele>257.2</ele>
   </trkpt>
   <trkpt lat="60.0101920" lon="10.6506130">
    <ele>257.7</ele>
   </trkpt>
   <trkpt lat="60.0101790" lon="10.6506560">
    <ele>258.0</ele>
   </trkpt>
   <trkpt lat="60.0101650" lon="10.6507260">
    <ele>258.4</ele>
   </trkpt>
   <trkpt lat="60.0101550" lon="10.6507960">
    <ele>258.8</ele>
   </trkpt>
   <trkpt lat="60.0101640" lon="10.6510480">
    <ele>260.7</ele>
   </trkpt>
   <trkpt lat="60.0101070" lon="10.6511380">
    <ele>261.9</ele>
   </trkpt>
   <trkpt lat="60.0099480" lon="10.6514280">
    <ele>264.4</ele>
   </trkpt>
   <trkpt lat="60.0098510" lon="10.6516960">
    <ele>265.6</ele>
   </trkpt>
   <trkpt lat="60.0097960" lon="10.6518940">
    <ele>266.5</ele>
   </trkpt>
   <trkpt lat="60.0097700" lon="10.6519680">
    <ele>266.8</ele>
   </trkpt>
   <trkpt lat="60.0097540" lon="10.6520040">
    <ele>267.0</ele>
   </trkpt>
   <trkpt lat="60.0096480" lon="10.6521930">
    <ele>268.0</ele>
   </trkpt>
   <trkpt lat="60.0095640" lon="10.6523860">
    <ele>268.8</ele>
   </trkpt>
   <trkpt lat="60.0095410" lon="10.6524900">
    <ele>269.2</ele>
   </trkpt>
   <trkpt lat="60.0095310" lon="10.6525770">
    <ele>269.5</ele>
   </trkpt>
   <trkpt lat="60.0094940" lon="10.6527130">
    <ele>270.2</ele>
   </trkpt>
   <trkpt lat="60.0094520" lon="10.6529140">
    <ele>271.3</ele>
   </trkpt>
   <trkpt lat="60.0094450" lon="10.6530320">
    <ele>271.9</ele>
   </trkpt>
   <trkpt lat="60.0094180" lon="10.6531680">
    <ele>272.6</ele>
   </trkpt>
   <trkpt lat="60.0093860" lon="10.6531990">
    <ele>272.8</ele>
   </trkpt>
   <trkpt lat="60.0093640" lon="10.6532300">
    <ele>273.0</ele>
   </trkpt>
   <trkpt lat="60.0093540" lon="10.6532670">
    <ele>273.1</ele>
   </trkpt>
   <trkpt lat="60.0093310" lon="10.6534060">
    <ele>273.5</ele>
   </trkpt>
   <trkpt lat="60.0093140" lon="10.6535120">
    <ele>273.8</ele>
   </trkpt>
   <trkpt lat="60.0093140" lon="10.6535600">
    <ele>274.0</ele>
   </trkpt>
   <trkpt lat="60.0093340" lon="10.6536400">
    <ele>274.3</ele>
   </trkpt>
   <trkpt lat="60.0093310" lon="10.6537500">
    <ele>274.8</ele>
   </trkpt>
   <trkpt lat="60.0093320" lon="10.6537820">
    <ele>274.9</ele>
   </trkpt>
   <trkpt lat="60.0093290" lon="10.6538390">
    <ele>275.1</ele>
   </trkpt>
   <trkpt lat="60.0093640" lon="10.6540170">
    <ele>275.7</ele>
   </trkpt>
   <trkpt lat="60.0093960" lon="10.6541970">
    <ele>276.1</ele>
   </trkpt>
   <trkpt lat="60.0094010" lon="10.6542490">
    <ele>276.2</ele>
   </trkpt>
   <trkpt lat="60.0094070" lon="10.6543070">
    <ele>276.4</ele>
   </trkpt>
   <trkpt lat="60.0094020" lon="10.6543520">
    <ele>276.5</ele>
   </trkpt>
   <trkpt lat="60.0094020" lon="10.6543890">
    <ele>276.5</ele>
   </trkpt>
   <trkpt lat="60.0093950" lon="10.6544170">
    <ele>276.6</ele>
   </trkpt>
   <trkpt lat="60.0094040" lon="10.6544450">
    <ele>276.7</ele>
   </trkpt>
   <trkpt lat="60.0094040" lon="10.6545050">
    <ele>276.9</ele>
   </trkpt>
   <trkpt lat="60.0094030" lon="10.6545550">
    <ele>277.1</ele>
   </trkpt>
   <trkpt lat="60.0093880" lon="10.6545840">
    <ele>277.2</ele>
   </trkpt>
   <trkpt lat="60.0093900" lon="10.6546210">
    <ele>277.4</ele>
   </trkpt>
   <trkpt lat="60.0093730" lon="10.6546660">
    <ele>277.7</ele>
   </trkpt>
   <trkpt lat="60.0093010" lon="10.6547100">
    <ele>278.5</ele>
   </trkpt>
   <trkpt lat="60.0092680" lon="10.6547400">
    <ele>279.0</ele>
   </trkpt>
   <trkpt lat="60.0092470" lon="10.6548260">
    <ele>279.7</ele>
   </trkpt>
   <trkpt lat="60.0092020" lon="10.6549630">
    <ele>281.0</ele>
   </trkpt>
   <trkpt lat="60.0091810" lon="10.6550010">
    <ele>281.4</ele>
   </trkpt>
   <trkpt lat="60.0091700" lon="10.6550340">
    <ele>281.8</ele>
   </trkpt>
   <trkpt lat="60.0091590" lon="10.6550630">
    <ele>282.1</ele>
   </trkpt>
   <trkpt lat="60.0091450" lon="10.6550840">
    <ele>282.4</ele>
   </trkpt>
   <trkpt lat="60.0091350" lon="10.6550930">
    <ele>282.5</ele>
   </trkpt>
   <trkpt lat="60.0091030" lon="10.6551170">
    <ele>283.1</ele>
   </trkpt>
   <trkpt lat="60.0091060" lon="10.6551620">
    <ele>283.5</ele>
   </trkpt>
   <trkpt lat="60.0091020" lon="10.6551700">
    <ele>283.6</ele>
   </trkpt>
   <trkpt lat="60.0091010" lon="10.6551790">
    <ele>283.6</ele>
   </trkpt>
   <trkpt lat="60.0090960" lon="10.6551910">
    <ele>283.8</ele>
   </trkpt>
   <trkpt lat="60.0090830" lon="10.6552140">
    <ele>284.0</ele>
   </trkpt>
   <trkpt lat="60.0090870" lon="10.6552720">
    <ele>284.5</ele>
   </trkpt>
   <trkpt lat="60.0090650" lon="10.6553290">
    <ele>285.1</ele>
   </trkpt>
   <trkpt lat="60.0090640" lon="10.6553430">
    <ele>285.2</ele>
   </trkpt>
   <trkpt lat="60.0090590" lon="10.6553840">
    <ele>285.6</ele>
   </trkpt>
   <trkpt lat="60.0090600" lon="10.6553920">
    <ele>285.6</ele>
   </trkpt>
   <trkpt lat="60.0090580" lon="10.6554150">
    <ele>285.8</ele>
   </trkpt>
   <trkpt lat="60.0090550" lon="10.6554780">
    <ele>286.3</ele>
   </trkpt>
   <trkpt lat="60.0090790" lon="10.6555550">
    <ele>287.1</ele>
   </trkpt>
   <trkpt lat="60.0090960" lon="10.6556230">
    <ele>287.7</ele>
   </trkpt>
   <trkpt lat="60.0090960" lon="10.6556390">
    <ele>287.8</ele>
   </trkpt>
   <trkpt lat="60.0091060" lon="10.6556620">
    <ele>288.1</ele>
   </trkpt>
   <trkpt lat="60.0091140" lon="10.6557430">
    <ele>288.8</ele>
   </trkpt>
   <trkpt lat="60.0091040" lon="10.6557530">
    <ele>289.0</ele>
   </trkpt>
   <trkpt lat="60.0091030" lon="10.6558410">
    <ele>289.7</ele>
   </trkpt>
   <trkpt lat="60.0090830" lon="10.6559130">
    <ele>290.4</ele>
   </trkpt>
   <trkpt lat="60.0090900" lon="10.6559660">
    <ele>290.8</ele>
   </trkpt>
   <trkpt lat="60.0090940" lon="10.6560350">
    <ele>291.4</ele>
   </trkpt>
   <trkpt lat="60.0090450" lon="10.6560800">
    <ele>291.7</ele>
   </trkpt>
   <trkpt lat="60.0090200" lon="10.6560930">
    <ele>291.5</ele>
   </trkpt>
   <trkpt lat="60.0089740" lon="10.6561350">
    <ele>291.8</ele>
   </trkpt>
   <trkpt lat="60.0089520" lon="10.6561520">
    <ele>292.5</ele>
   </trkpt>
   <trkpt lat="60.0089500" lon="10.6561630">
    <ele>292.6</ele>
   </trkpt>
   <trkpt lat="60.0089590" lon="10.6561880">
    <ele>293.7</ele>
   </trkpt>
   <trkpt lat="60.0089670" lon="10.6562350">
    <ele>295.2</ele>
   </trkpt>
   <trkpt lat="60.0090190" lon="10.6564540">
    <ele>301.2</ele>
   </trkpt>
   <trkpt lat="60.0090410" lon="10.6565360">
    <ele>303.5</ele>
   </trkpt>
   <trkpt lat="60.0090370" lon="10.6565960">
    <ele>304.5</ele>
   </trkpt>
   <trkpt lat="60.0090360" lon="10.6566160">
    <ele>305.4</ele>
   </trkpt>
   <trkpt lat="60.0090350" lon="10.6566400">
    <ele>305.4</ele>
   </trkpt>
   <trkpt lat="60.0090360" lon="10.6566800">
    <ele>306.3</ele>
   </trkpt>
   <trkpt lat="60.0090380" lon="10.6567150">
    <ele>307.2</ele>
   </trkpt>
   <trkpt lat="60.0090440" lon="10.6568060">
    <ele>309.0</ele>
   </trkpt>
   <trkpt lat="60.0090510" lon="10.6568430">
    <ele>310.0</ele>
   </trkpt>
   <trkpt lat="60.0090280" lon="10.6569140">
    <ele>311.1</ele>
   </trkpt>
   <trkpt lat="60.0090200" lon="10.6569360">
    <ele>310.8</ele>
   </trkpt>
   <trkpt lat="60.0090250" lon="10.6569610">
    <ele>311.6</ele>
   </trkpt>
   <trkpt lat="60.0090460" lon="10.6571310">
    <ele>314.5</ele>
   </trkpt>
   <trkpt lat="60.0090630" lon="10.6573220">
    <ele>317.2</ele>
   </trkpt>
   <trkpt lat="60.0090640" lon="10.6573500">
    <ele>317.8</ele>
   </trkpt>
   <trkpt lat="60.0090680" lon="10.6574400">
    <ele>318.8</ele>
   </trkpt>
   <trkpt lat="60.0090620" lon="10.6574950">
    <ele>319.3</ele>
   </trkpt>
   <trkpt lat="60.0090580" lon="10.6575170">
    <ele>319.7</ele>
   </trkpt>
   <trkpt lat="60.0090400" lon="10.6576960">
    <ele>321.2</ele>
   </trkpt>
   <trkpt lat="60.0090210" lon="10.6577180">
    <ele>321.2</ele>
   </trkpt>
   <trkpt lat="60.0090160" lon="10.6577470">
    <ele>321.6</ele>
   </trkpt>
   <trkpt lat="60.0090140" lon="10.6577880">
    <ele>322.0</ele>
   </trkpt>
   <trkpt lat="60.0090130" lon="10.6578260">
    <ele>322.3</ele>
   </trkpt>
   <trkpt lat="60.0090040" lon="10.6579420">
    <ele>323.4</ele>
   </trkpt>
   <trkpt lat="60.0089890" lon="10.6580040">
    <ele>323.9</ele>
   </trkpt>
   <trkpt lat="60.0089820" lon="10.6580240">
    <ele>323.8</ele>
   </trkpt>
   <trkpt lat="60.0089620" lon="10.6580590">
    <ele>324.1</ele>
   </trkpt>
   <trkpt lat="60.0089500" lon="10.6581740">
    <ele>325.6</ele>
   </trkpt>
   <trkpt lat="60.0089060" lon="10.6582950">
    <ele>326.7</ele>
   </trkpt>
   <trkpt lat="60.0088950" lon="10.6583470">
    <ele>326.9</ele>
   </trkpt>
   <trkpt lat="60.0088790" lon="10.6584080">
    <ele>327.5</ele>
   </trkpt>
   <trkpt lat="60.0088900" lon="10.6585380">
    <ele>329.0</ele>
   </trkpt>
   <trkpt lat="60.0088930" lon="10.6585690">
    <ele>329.4</ele>
   </trkpt>
   <trkpt lat="60.0089060" lon="10.6586520">
    <ele>330.8</ele>
   </trkpt>
   <trkpt lat="60.0089240" lon="10.6587420">
    <ele>332.2</ele>
   </trkpt>
   <trkpt lat="60.0089260" lon="10.6587800">
    <ele>332.7</ele>
   </trkpt>
   <trkpt lat="60.0089230" lon="10.6588180">
    <ele>333.2</ele>
   </trkpt>
   <trkpt lat="60.0089340" lon="10.6589450">
    <ele>334.8</ele>
   </trkpt>
   <trkpt lat="60.0089350" lon="10.6589770">
    <ele>335.4</ele>
   </trkpt>
   <trkpt lat="60.0089540" lon="10.6590620">
    <ele>337.4</ele>
   </trkpt>
   <trkpt lat="60.0089790" lon="10.6591920">
    <ele>340.3</ele>
   </trkpt>
   <trkpt lat="60.0089850" lon="10.6592250">
    <ele>341.1</ele>
   </trkpt>
   <trkpt lat="60.0089940" lon="10.6593130">
    <ele>342.8</ele>
   </trkpt>
   <trkpt lat="60.0089960" lon="10.6593440">
    <ele>343.8</ele>
   </trkpt>
   <trkpt lat="60.0090020" lon="10.6593790">
    <ele>344.7</ele>
   </trkpt>
   <trkpt lat="60.0090220" lon="10.6595000">
    <ele>348.3</ele>
   </trkpt>
   <trkpt lat="60.0090270" lon="10.6595580">
    <ele>349.4</ele>
   </trkpt>
   <trkpt lat="60.0090390" lon="10.6597360">
    <ele>353.7</ele>
   </trkpt>
   <trkpt lat="60.0090430" lon="10.6598150">
    <ele>355.3</ele>
   </trkpt>
   <trkpt lat="60.0090500" lon="10.6599590">
    <ele>358.1</ele>
   </trkpt>
   <trkpt lat="60.0090470" lon="10.6599900">
    <ele>357.5</ele>
   </trkpt>
   <trkpt lat="60.0090410" lon="10.6601120">
    <ele>358.8</ele>
   </trkpt>
   <trkpt lat="60.0090400" lon="10.6601530">
    <ele>359.2</ele>
   </trkpt>
   <trkpt lat="60.0090360" lon="10.6601890">
    <ele>359.7</ele>
   </trkpt>
   <trkpt lat="60.0090260" lon="10.6602290">
    <ele>359.3</ele>
   </trkpt>
   <trkpt lat="60.0090170" lon="10.6602770">
    <ele>359.8</ele>
   </trkpt>
   <trkpt lat="60.0090170" lon="10.6603090">
    <ele>360.3</ele>
   </trkpt>
   <trkpt lat="60.0090080" lon="10.6603230">
    <ele>360.3</ele>
   </trkpt>
   <trkpt lat="60.0090020" lon="10.6603620">
    <ele>360.0</ele>
   </trkpt>
   <trkpt lat="60.0090020" lon="10.6603940">
    <ele>360.6</ele>
   </trkpt>
   <trkpt lat="60.0089860" lon="10.6605050">
    <ele>361.6</ele>
   </trkpt>
   <trkpt lat="60.0089860" lon="10.6605360">
    <ele>362.1</ele>
   </trkpt>
   <trkpt lat="60.0089860" lon="10.6605730">
    <ele>362.6</ele>
   </trkpt>
   <trkpt lat="60.0089800" lon="10.6606800">
    <ele>362.6</ele>
   </trkpt>
   <trkpt lat="60.0089700" lon="10.6607830">
    <ele>363.2</ele>
   </trkpt>
   <trkpt lat="60.0089300" lon="10.6608810">
    <ele>362.1</ele>
   </trkpt>
   <trkpt lat="60.0089160" lon="10.6609190">
    <ele>361.5</ele>
   </trkpt>
   <trkpt lat="60.0089020" lon="10.6609560">
    <ele>361.6</ele>
   </trkpt>
   <trkpt lat="60.0088880" lon="10.6609930">
    <ele>360.9</ele>
   </trkpt>
   <trkpt lat="60.0088740" lon="10.6610310">
    <ele>360.1</ele>
   </trkpt>
   <trkpt lat="60.0088600" lon="10.6610680">
    <ele>360.2</ele>
   </trkpt>
   <trkpt lat="60.0088460" lon="10.6611050">
    <ele>359.3</ele>
   </trkpt>
   <trkpt lat="60.0088320" lon="10.6611430">
    <ele>358.4</ele>
   </trkpt>
   <trkpt lat="60.0088180" lon="10.6611800">
    <ele>358.4</ele>
   </trkpt>
   <trkpt lat="60.0088040" lon="10.6612170">
    <ele>357.4</ele>
   </trkpt>
   <trkpt lat="60.0087900" lon="10.6612550">
    <ele>356.5</ele>
   </trkpt>
   <trkpt lat="60.0087760" lon="10.6612920">
    <ele>356.5</ele>
   </trkpt>
   <trkpt lat="60.0087620" lon="10.6613290">
    <ele>355.6</ele>
   </trkpt>
   <trkpt lat="60.0087480" lon="10.6613670">
    <ele>354.7</ele>
   </trkpt>
   <trkpt lat="60.0087350" lon="10.6614040">
    <ele>354.9</ele>
   </trkpt>
   <trkpt lat="60.0087210" lon="10.6614420">
    <ele>354.1</ele>
   </trkpt>
   <trkpt lat="60.0087070" lon="10.6614790">
    <ele>354.4</ele>
   </trkpt>
   <trkpt lat="60.0086930" lon="10.6615160">
    <ele>353.6</ele>
   </trkpt>
   <trkpt lat="60.0086790" lon="10.6615540">
    <ele>352.7</ele>
   </trkpt>
   <trkpt lat="60.0086650" lon="10.6615910">
    <ele>353.1</ele>
   </trkpt>
   <trkpt lat="60.0086510" lon="10.6616280">
    <ele>351.9</ele>
   </trkpt>
   <trkpt lat="60.0086370" lon="10.6616660">
    <ele>350.9</ele>
   </trkpt>
   <trkpt lat="60.0086230" lon="10.6617030">
    <ele>351.4</ele>
   </trkpt>
   <trkpt lat="60.0086090" lon="10.6617400">
    <ele>350.4</ele>
   </trkpt>
   <trkpt lat="60.0085950" lon="10.6617780">
    <ele>349.4</ele>
   </trkpt>
   <trkpt lat="60.0085810" lon="10.6618150">
    <ele>349.9</ele>
   </trkpt>
   <trkpt lat="60.0085670" lon="10.6618520">
    <ele>348.8</ele>
   </trkpt>
   <trkpt lat="60.0085530" lon="10.6618900">
    <ele>347.7</ele>
   </trkpt>
   <trkpt lat="60.0085390" lon="10.6619270">
    <ele>347.8</ele>
   </trkpt>
   <trkpt lat="60.0083330" lon="10.6627830">
    <ele>346.1</ele>
   </trkpt>
   <trkpt lat="60.0082940" lon="10.6628060">
    <ele>345.9</ele>
   </trkpt>
   <trkpt lat="60.0082820" lon="10.6628210">
    <ele>345.9</ele>
   </trkpt>
   <trkpt lat="60.0082820" lon="10.6628210">
    <ele>346.0</ele>
   </trkpt>
   <trkpt lat="60.0082770" lon="10.6628310">
    <ele>346.0</ele>
   </trkpt>
   <trkpt lat="60.0082810" lon="10.6628290">
    <ele>346.1</ele>
   </trkpt>
   <trkpt lat="60.0082640" lon="10.6628400">
    <ele>346.5</ele>
   </trkpt>
   <trkpt lat="60.0082320" lon="10.6628550">
    <ele>347.0</ele>
   </trkpt>
   <trkpt lat="60.0082230" lon="10.6628550">
    <ele>347.0</ele>
   </trkpt>
   <trkpt lat="60.0081900" lon="10.6628990">
    <ele>348.8</ele>
   </trkpt>
   <trkpt lat="60.0081700" lon="10.6629140">
    <ele>348.8</ele>
   </trkpt>
   <trkpt lat="60.0081550" lon="10.6629320">
    <ele>350.3</ele>
   </trkpt>
   <trkpt lat="60.0081200" lon="10.6629680">
    <ele>352.7</ele>
   </trkpt>
   <trkpt lat="60.0080950" lon="10.6629920">
    <ele>353.5</ele>
   </trkpt>
   <trkpt lat="60.0080710" lon="10.6630140">
    <ele>355.0</ele>
   </trkpt>
   <trkpt lat="60.0080210" lon="10.6630590">
    <ele>356.8</ele>
   </trkpt>
   <trkpt lat="60.0079900" lon="10.6630900">
    <ele>357.8</ele>
   </trkpt>
   <trkpt lat="60.0079750" lon="10.6631110">
    <ele>357.8</ele>
   </trkpt>
   <trkpt lat="60.0079580" lon="10.6631410">
    <ele>358.4</ele>
   </trkpt>
   <trkpt lat="60.0079500" lon="10.6631570">
    <ele>358.3</ele>
   </trkpt>
   <trkpt lat="60.0079370" lon="10.6631780">
    <ele>358.9</ele>
   </trkpt>
   <trkpt lat="60.0079110" lon="10.6632050">
    <ele>358.1</ele>
   </trkpt>
   <trkpt lat="60.0078790" lon="10.6632370">
    <ele>358.3</ele>
   </trkpt>
   <trkpt lat="60.0078640" lon="10.6632670">
    <ele>358.4</ele>
   </trkpt>
   <trkpt lat="60.0078280" lon="10.6633280">
    <ele>358.6</ele>
   </trkpt>
   <trkpt lat="60.0077880" lon="10.6633780">
    <ele>358.2</ele>
   </trkpt>
   <trkpt lat="60.0077740" lon="10.6633970">
    <ele>358.5</ele>
   </trkpt>
   <trkpt lat="60.0077670" lon="10.6633930">
    <ele>358.6</ele>
   </trkpt>
   <trkpt lat="60.0077580" lon="10.6633940">
    <ele>358.1</ele>
   </trkpt>
   <trkpt lat="60.0077430" lon="10.6634030">
    <ele>358.1</ele>
   </trkpt>
   <trkpt lat="60.0077220" lon="10.6634450">
    <ele>358.5</ele>
   </trkpt>
   <trkpt lat="60.0077160" lon="10.6634570">
    <ele>358.1</ele>
   </trkpt>
   <trkpt lat="60.0076940" lon="10.6635050">
    <ele>358.5</ele>
   </trkpt>
   <trkpt lat="60.0076890" lon="10.6635370">
    <ele>359.5</ele>
   </trkpt>
   <trkpt lat="60.0076700" lon="10.6635640">
    <ele>360.0</ele>
   </trkpt>
   <trkpt lat="60.0076330" lon="10.6636430">
    <ele>360.5</ele>
   </trkpt>
   <trkpt lat="60.0076140" lon="10.6637590">
    <ele>363.3</ele>
   </trkpt>
   <trkpt lat="60.0076120" lon="10.6638130">
    <ele>364.5</ele>
   </trkpt>
   <trkpt lat="60.0076130" lon="10.6638610">
    <ele>365.7</ele>
   </trkpt>
   <trkpt lat="60.0076320" lon="10.6639890">
    <ele>368.9</ele>
   </trkpt>
   <trkpt lat="60.0076340" lon="10.6640560">
    <ele>370.6</ele>
   </trkpt>
   <trkpt lat="60.0076270" lon="10.6640970">
    <ele>371.5</ele>
   </trkpt>
   <trkpt lat="60.0076260" lon="10.6641600">
    <ele>372.2</ele>
   </trkpt>
   <trkpt lat="60.0076160" lon="10.6642030">
    <ele>372.8</ele>
   </trkpt>
   <trkpt lat="60.0076050" lon="10.6643040">
    <ele>374.4</ele>
   </trkpt>
   <trkpt lat="60.0076130" lon="10.6643940">
    <ele>374.7</ele>
   </trkpt>
   <trkpt lat="60.0076070" lon="10.6644350">
    <ele>375.3</ele>
   </trkpt>
   <trkpt lat="60.0075760" lon="10.6645460">
    <ele>376.1</ele>
   </trkpt>
   <trkpt lat="60.0074680" lon="10.6646050">
    <ele>377.3</ele>
   </trkpt>
   <trkpt lat="60.0073700" lon="10.6646120">
    <ele>376.5</ele>
   </trkpt>
   <trkpt lat="60.0072720" lon="10.6646190">
    <ele>375.1</ele>
   </trkpt>
   <trkpt lat="60.0069050" lon="10.6647110">
    <ele>370.2</ele>
   </trkpt>
   <trkpt lat="60.0068530" lon="10.6647360">
    <ele>369.4</ele>
   </trkpt>
   <trkpt lat="60.0068410" lon="10.6647710">
    <ele>369.7</ele>
   </trkpt>
   <trkpt lat="60.0068580" lon="10.6648690">
    <ele>370.2</ele>
   </trkpt>
   <trkpt lat="60.0067990" lon="10.6649840">
    <ele>369.9</ele>
   </trkpt>
   <trkpt lat="60.0068100" lon="10.6650700">
    <ele>370.1</ele>
   </trkpt>
   <trkpt lat="60.0067820" lon="10.6651410">
    <ele>369.7</ele>
   </trkpt>
   <trkpt lat="60.0066370" lon="10.6652230">
    <ele>369.0</ele>
   </trkpt>
   <trkpt lat="60.0065810" lon="10.6652740">
    <ele>369.0</ele>
   </trkpt>
   <trkpt lat="60.0065640" lon="10.6652870">
    <ele>369.1</ele>
   </trkpt>
   <trkpt lat="60.0065270" lon="10.6653260">
    <ele>369.2</ele>
   </trkpt>
   <trkpt lat="60.0064800" lon="10.6653470">
    <ele>369.5</ele>
   </trkpt>
   <trkpt lat="60.0064280" lon="10.6653550">
    <ele>369.9</ele>
   </trkpt>
   <trkpt lat="60.0063650" lon="10.6653790">
    <ele>370.5</ele>
   </trkpt>
   <trkpt lat="60.0063150" lon="10.6654170">
    <ele>371.2</ele>
   </trkpt>
   <trkpt lat="60.0062630" lon="10.6654720">
    <ele>371.9</ele>
   </trkpt>
   <trkpt lat="60.0062220" lon="10.6655160">
    <ele>372.5</ele>
   </trkpt>
   <trkpt lat="60.0061890" lon="10.6655840">
    <ele>373.0</ele>
   </trkpt>
   <trkpt lat="60.0061520" lon="10.6656520">
    <ele>373.5</ele>
   </trkpt>
   <trkpt lat="60.0061290" lon="10.6656800">
    <ele>373.7</ele>
   </trkpt>
   <trkpt lat="60.0061100" lon="10.6657090">
    <ele>373.9</ele>
   </trkpt>
   <trkpt lat="60.0060580" lon="10.6657980">
    <ele>374.5</ele>
   </trkpt>
   <trkpt lat="60.0060360" lon="10.6658230">
    <ele>374.7</ele>
   </trkpt>
   <trkpt lat="60.0060190" lon="10.6658450">
    <ele>374.8</ele>
   </trkpt>
   <trkpt lat="60.0059750" lon="10.6659400">
    <ele>375.4</ele>
   </trkpt>
   <trkpt lat="60.0059590" lon="10.6659660">
    <ele>375.6</ele>
   </trkpt>
   <trkpt lat="60.0059260" lon="10.6660140">
    <ele>376.0</ele>
   </trkpt>
   <trkpt lat="60.0058980" lon="10.6660580">
    <ele>376.4</ele>
   </trkpt>
   <trkpt lat="60.0058890" lon="10.6660790">
    <ele>376.5</ele>
   </trkpt>
   <trkpt lat="60.0058750" lon="10.6660940">
    <ele>376.7</ele>
   </trkpt>
   <trkpt lat="60.0058390" lon="10.6661690">
    <ele>377.2</ele>
   </trkpt>
   <trkpt lat="60.0058120" lon="10.6662220">
    <ele>377.6</ele>
   </trkpt>
   <trkpt lat="60.0057610" lon="10.6662900">
    <ele>378.3</ele>
   </trkpt>
   <trkpt lat="60.0057070" lon="10.6663520">
    <ele>379.0</ele>
   </trkpt>
   <trkpt lat="60.0055520" lon="10.6665080">
    <ele>380.4</ele>
   </trkpt>
   <trkpt lat="60.0055280" lon="10.6665270">
    <ele>380.6</ele>
   </trkpt>
   <trkpt lat="60.0054660" lon="10.6665580">
    <ele>380.9</ele>
   </trkpt>
   <trkpt lat="60.0053930" lon="10.6665800">
    <ele>381.3</ele>
   </trkpt>
   <trkpt lat="60.0053750" lon="10.6665780">
    <ele>381.4</ele>
   </trkpt>
   <trkpt lat="60.0052890" lon="10.6666100">
    <ele>381.9</ele>
   </trkpt>
   <trkpt lat="60.0052660" lon="10.6666160">
    <ele>382.1</ele>
   </trkpt>
   <trkpt lat="60.0051980" lon="10.6666620">
    <ele>382.6</ele>
   </trkpt>
   <trkpt lat="60.0051590" lon="10.6666870">
    <ele>383.0</ele>
   </trkpt>
   <trkpt lat="60.0050810" lon="10.6667040">
    <ele>383.8</ele>
   </trkpt>
   <trkpt lat="60.0050160" lon="10.6667160">
    <ele>384.5</ele>
   </trkpt>
   <trkpt lat="60.0049960" lon="10.6667290">
    <ele>384.8</ele>
   </trkpt>
   <trkpt lat="60.0049390" lon="10.6667560">
    <ele>385.5</ele>
   </trkpt>
   <trkpt lat="60.0048610" lon="10.6668220">
    <ele>386.5</ele>
   </trkpt>
   <trkpt lat="60.0046310" lon="10.6668140">
    <ele>388.7</ele>
   </trkpt>
   <trkpt lat="60.0045620" lon="10.6668500">
    <ele>389.1</ele>
   </trkpt>
   <trkpt lat="60.0044480" lon="10.6670370">
    <ele>390.1</ele>
   </trkpt>
   <trkpt lat="60.0043440" lon="10.6672830">
    <ele>391.7</ele>
   </trkpt>
   <trkpt lat="60.0043170" lon="10.6673290">
    <ele>392.0</ele>
   </trkpt>
   <trkpt lat="60.0042830" lon="10.6674400">
    <ele>392.7</ele>
   </trkpt>
   <trkpt lat="60.0042690" lon="10.6674710">
    <ele>393.0</ele>
   </trkpt>
   <trkpt lat="60.0042240" lon="10.6675460">
    <ele>393.6</ele>
   </trkpt>
   <trkpt lat="60.0041960" lon="10.6675900">
    <ele>394.0</ele>
   </trkpt>
   <trkpt lat="60.0041630" lon="10.6676290">
    <ele>394.4</ele>
   </trkpt>
   <trkpt lat="60.0041190" lon="10.6677190">
    <ele>395.0</ele>
   </trkpt>
   <trkpt lat="60.0041030" lon="10.6677420">
    <ele>395.2</ele>
   </trkpt>
   <trkpt lat="60.0040550" lon="10.6678280">
    <ele>395.6</ele>
   </trkpt>
   <trkpt lat="60.0040360" lon="10.6678650">
    <ele>395.7</ele>
   </trkpt>
   <trkpt lat="60.0039870" lon="10.6679610">
    <ele>395.9</ele>
   </trkpt>
   <trkpt lat="60.0038390" lon="10.6680880">
    <ele>396.3</ele>
   </trkpt>
   <trkpt lat="60.0037770" lon="10.6681280">
    <ele>396.3</ele>
   </trkpt>
   <trkpt lat="60.0037010" lon="10.6681670">
    <ele>396.4</ele>
   </trkpt>
   <trkpt lat="60.0035790" lon="10.6681950">
    <ele>396.8</ele>
   </trkpt>
   <trkpt lat="60.0035720" lon="10.6681750">
    <ele>396.8</ele>
   </trkpt>
   <trkpt lat="60.0035530" lon="10.6681600">
    <ele>396.9</ele>
   </trkpt>
   <trkpt lat="60.0035330" lon="10.6681000">
    <ele>397.0</ele>
   </trkpt>
   <trkpt lat="60.0034800" lon="10.6680670">
    <ele>397.3</ele>
   </trkpt>
   <trkpt lat="60.0034270" lon="10.6680530">
    <ele>397.6</ele>
   </trkpt>
   <trkpt lat="60.0033550" lon="10.6680460">
    <ele>398.0</ele>
   </trkpt>
   <trkpt lat="60.0032820" lon="10.6680050">
    <ele>398.5</ele>
   </trkpt>
   <trkpt lat="60.0032570" lon="10.6679930">
    <ele>398.7</ele>
   </trkpt>
   <trkpt lat="60.0031440" lon="10.6679120">
    <ele>399.3</ele>
   </trkpt>
   <trkpt lat="60.0030960" lon="10.6678590">
    <ele>399.3</ele>
   </trkpt>
   <trkpt lat="60.0029600" lon="10.6678190">
    <ele>398.7</ele>
   </trkpt>
   <trkpt lat="60.0028570" lon="10.6677660">
    <ele>398.4</ele>
   </trkpt>
   <trkpt lat="60.0028350" lon="10.6677370">
    <ele>398.3</ele>
   </trkpt>
   <trkpt lat="60.0027900" lon="10.6676870">
    <ele>398.3</ele>
   </trkpt>
   <trkpt lat="60.0027120" lon="10.6675740">
    <ele>398.4</ele>
   </trkpt>
   <trkpt lat="60.0026780" lon="10.6675290">
    <ele>398.5</ele>
   </trkpt>
   <trkpt lat="60.0026060" lon="10.6674910">
    <ele>398.7</ele>
   </trkpt>
   <trkpt lat="60.0025300" lon="10.6674510">
    <ele>399.0</ele>
   </trkpt>
   <trkpt lat="60.0024660" lon="10.6674410">
    <ele>399.2</ele>
   </trkpt>
   <trkpt lat="60.0023720" lon="10.6674480">
    <ele>399.3</ele>
   </trkpt>
   <trkpt lat="60.0023330" lon="10.6674020">
    <ele>399.4</ele>
   </trkpt>
   <trkpt lat="60.0022690" lon="10.6673890">
    <ele>399.4</ele>
   </trkpt>
   <trkpt lat="60.0021330" lon="10.6673340">
    <ele>399.5</ele>
   </trkpt>
   <trkpt lat="60.0020120" lon="10.6672940">
    <ele>399.5</ele>
   </trkpt>
   <trkpt lat="60.0019030" lon="10.6672550">
    <ele>399.4</ele>
   </trkpt>
   <trkpt lat="60.0017980" lon="10.6672150">
    <ele>399.1</ele>
   </trkpt>
   <trkpt lat="60.0016920" lon="10.6671580">
    <ele>398.6</ele>
   </trkpt>
   <trkpt lat="60.0016660" lon="10.6671150">
    <ele>398.4</ele>
   </trkpt>
   <trkpt lat="60.0015820" lon="10.6670720">
    <ele>398.1</ele>
   </trkpt>
   <trkpt lat="60.0015580" lon="10.6670720">
    <ele>398.1</ele>
   </trkpt>
   <trkpt lat="60.0015350" lon="10.6670700">
    <ele>398.1</ele>
   </trkpt>
   <trkpt lat="60.0014880" lon="10.6670730">
    <ele>398.0</ele>
   </trkpt>
   <trkpt lat="60.0013890" lon="10.6670150">
    <ele>398.3</ele>
   </trkpt>
   <trkpt lat="60.0010920" lon="10.6668400">
    <ele>401.0</ele>
   </trkpt>
   <trkpt lat="60.0009250" lon="10.6668120">
    <ele>402.8</ele>
   </trkpt>
   <trkpt lat="60.0007170" lon="10.6668710">
    <ele>403.6</ele>
   </trkpt>
   <trkpt lat="60.0006870" lon="10.6668840">
    <ele>403.6</ele>
   </trkpt>
   <trkpt lat="60.0005520" lon="10.6668280">
    <ele>403.0</ele>
   </trkpt>
   <trkpt lat="60.0004410" lon="10.6667170">
    <ele>402.6</ele>
   </trkpt>
   <trkpt lat="60.0002930" lon="10.6667030">
    <ele>402.3</ele>
   </trkpt>
   <trkpt lat="60.0001370" lon="10.6668220">
    <ele>402.5</ele>
   </trkpt>
   <trkpt lat="60.0000780" lon="10.6668250">
    <ele>402.5</ele>
   </trkpt>
   <trkpt lat="59.9999000" lon="10.6669000">
    <ele>402.5</ele>
   </trkpt>
   <trkpt lat="59.9998740" lon="10.6669160">
    <ele>402.5</ele>
   </trkpt>
   <trkpt lat="59.9997930" lon="10.6669630">
    <ele>402.3</ele>
   </trkpt>
   <trkpt lat="59.9997740" lon="10.6669770">
    <ele>402.2</ele>
   </trkpt>
   <trkpt lat="59.9997550" lon="10.6669930">
    <ele>402.2</ele>
   </trkpt>
   <trkpt lat="59.9997090" lon="10.6670480">
    <ele>402.0</ele>
   </trkpt>
   <trkpt lat="59.9996330" lon="10.6671700">
    <ele>401.5</ele>
   </trkpt>
   <trkpt lat="59.9994750" lon="10.6673640">
    <ele>400.7</ele>
   </trkpt>
   <trkpt lat="59.9994450" lon="10.6674010">
    <ele>400.7</ele>
   </trkpt>
   <trkpt lat="59.9994160" lon="10.6674340">
    <ele>400.6</ele>
   </trkpt>
   <trkpt lat="59.9992790" lon="10.6676270">
    <ele>400.3</ele>
   </trkpt>
   <trkpt lat="59.9991200" lon="10.6679000">
    <ele>399.9</ele>
   </trkpt>
   <trkpt lat="59.9989520" lon="10.6680960">
    <ele>399.7</ele>
   </trkpt>
   <trkpt lat="59.9989110" lon="10.6681380">
    <ele>399.7</ele>
   </trkpt>
   <trkpt lat="59.9988060" lon="10.6683060">
    <ele>399.6</ele>
   </trkpt>
   <trkpt lat="59.9986740" lon="10.6685230">
    <ele>399.9</ele>
   </trkpt>
   <trkpt lat="59.9986000" lon="10.6687880">
    <ele>400.1</ele>
   </trkpt>
   <trkpt lat="59.9985790" lon="10.6690590">
    <ele>399.9</ele>
   </trkpt>
   <trkpt lat="59.9985980" lon="10.6694210">
    <ele>399.4</ele>
   </trkpt>
   <trkpt lat="59.9985860" lon="10.6698310">
    <ele>399.3</ele>
   </trkpt>
   <trkpt lat="59.9985710" lon="10.6698920">
    <ele>399.4</ele>
   </trkpt>
   <trkpt lat="59.9985490" lon="10.6699750">
    <ele>399.4</ele>
   </trkpt>
   <trkpt lat="59.9985340" lon="10.6700120">
    <ele>399.4</ele>
   </trkpt>
   <trkpt lat="59.9984330" lon="10.6701080">
    <ele>399.6</ele>
   </trkpt>
   <trkpt lat="59.9983300" lon="10.6702170">
    <ele>400.0</ele>
   </trkpt>
   <trkpt lat="59.9982670" lon="10.6704020">
    <ele>400.3</ele>
   </trkpt>
   <trkpt lat="59.9982490" lon="10.6705340">
    <ele>400.3</ele>
   </trkpt>
   <trkpt lat="59.9982510" lon="10.6706390">
    <ele>400.4</ele>
   </trkpt>
   <trkpt lat="59.9982790" lon="10.6709550">
    <ele>400.2</ele>
   </trkpt>
   <trkpt lat="59.9982810" lon="10.6710690">
    <ele>400.1</ele>
   </trkpt>
   <trkpt lat="59.9982780" lon="10.6712630">
    <ele>400.0</ele>
   </trkpt>
   <trkpt lat="59.9982760" lon="10.6713830">
    <ele>399.9</ele>
   </trkpt>
   <trkpt lat="59.9982660" lon="10.6715680">
    <ele>399.8</ele>
   </trkpt>
   <trkpt lat="59.9981840" lon="10.6718850">
    <ele>399.7</ele>
   </trkpt>
   <trkpt lat="59.9981500" lon="10.6719790">
    <ele>399.7</ele>
   </trkpt>
   <trkpt lat="59.9981130" lon="10.6721940">
    <ele>399.7</ele>
   </trkpt>
   <trkpt lat="59.9980360" lon="10.6724460">
    <ele>399.7</ele>
   </trkpt>
   <trkpt lat="59.9979560" lon="10.6726200">
    <ele>399.7</ele>
   </trkpt>
   <trkpt lat="59.9978770" lon="10.6727340">
    <ele>399.6</ele>
   </trkpt>
   <trkpt lat="59.9978580" lon="10.6727630">
    <ele>399.5</ele>
   </trkpt>
   <trkpt lat="59.9978420" lon="10.6727960">
    <ele>399.5</ele>
   </trkpt>
   <trkpt lat="59.9977550" lon="10.6729980">
    <ele>399.4</ele>
   </trkpt>
   <trkpt lat="59.9977270" lon="10.6730680">
    <ele>399.5</ele>
   </trkpt>
   <trkpt lat="59.9976750" lon="10.6731740">
    <ele>399.5</ele>
   </trkpt>
   <trkpt lat="59.9976210" lon="10.6732820">
    <ele>399.5</ele>
   </trkpt>
   <trkpt lat="59.9975900" lon="10.6733740">
    <ele>399.5</ele>
   </trkpt>
   <trkpt lat="59.9975060" lon="10.6735650">
    <ele>399.5</ele>
   </trkpt>
   <trkpt lat="59.9974330" lon="10.6737560">
    <ele>399.6</ele>
   </trkpt>
   <trkpt lat="59.9973880" lon="10.6740180">
    <ele>399.7</ele>
   </trkpt>
   <trkpt lat="59.9973290" lon="10.6743070">
    <ele>399.7</ele>
   </trkpt>
   <trkpt lat="59.9972470" lon="10.6744350">
    <ele>399.6</ele>
   </trkpt>
   <trkpt lat="59.9971650" lon="10.6745740">
    <ele>399.5</ele>
   </trkpt>
   <trkpt lat="59.9971050" lon="10.6747310">
    <ele>399.5</ele>
   </trkpt>
   <trkpt lat="59.9969810" lon="10.6748670">
    <ele>399.6</ele>
   </trkpt>
   <trkpt lat="59.9968580" lon="10.6750200">
    <ele>399.8</ele>
   </trkpt>
   <trkpt lat="59.9968190" lon="10.6750670">
    <ele>399.9</ele>
   </trkpt>
   <trkpt lat="59.9967390" lon="10.6751340">
    <ele>400.0</ele>
   </trkpt>
   <trkpt lat="59.9967180" lon="10.6751480">
    <ele>400.1</ele>
   </trkpt>
   <trkpt lat="59.9966620" lon="10.6751540">
    <ele>400.2</ele>
   </trkpt>
   <trkpt lat="59.9965890" lon="10.6751720">
    <ele>400.4</ele>
   </trkpt>
   <trkpt lat="59.9964860" lon="10.6752640">
    <ele>400.9</ele>
   </trkpt>
   <trkpt lat="59.9964690" lon="10.6752850">
    <ele>401.0</ele>
   </trkpt>
   <trkpt lat="59.9964000" lon="10.6753290">
    <ele>401.4</ele>
   </trkpt>
   <trkpt lat="59.9963320" lon="10.6753730">
    <ele>402.0</ele>
   </trkpt>
   <trkpt lat="59.9962630" lon="10.6754170">
    <ele>402.5</ele>
   </trkpt>
   <trkpt lat="59.9961950" lon="10.6754610">
    <ele>403.2</ele>
   </trkpt>
   <trkpt lat="59.9961260" lon="10.6755050">
    <ele>403.8</ele>
   </trkpt>
   <trkpt lat="59.9960570" lon="10.6755490">
    <ele>404.4</ele>
   </trkpt>
   <trkpt lat="59.9959890" lon="10.6755940">
    <ele>405.0</ele>
   </trkpt>
   <trkpt lat="59.9959200" lon="10.6756380">
    <ele>405.7</ele>
   </trkpt>
   <trkpt lat="59.9958510" lon="10.6756820">
    <ele>406.3</ele>
   </trkpt>
   <trkpt lat="59.9957830" lon="10.6757260">
    <ele>406.9</ele>
   </trkpt>
   <trkpt lat="59.9957140" lon="10.6757700">
    <ele>407.6</ele>
   </trkpt>
   <trkpt lat="59.9956460" lon="10.6758140">
    <ele>408.2</ele>
   </trkpt>
   <trkpt lat="59.9955770" lon="10.6758580">
    <ele>408.8</ele>
   </trkpt>
   <trkpt lat="59.9949830" lon="10.6762400">
    <ele>418.6</ele>
   </trkpt>
   <trkpt lat="59.9949400" lon="10.6762530">
    <ele>419.3</ele>
   </trkpt>
   <trkpt lat="59.9949230" lon="10.6762650">
    <ele>419.6</ele>
   </trkpt>
   <trkpt lat="59.9949230" lon="10.6762570">
    <ele>419.7</ele>
   </trkpt>
   <trkpt lat="59.9949230" lon="10.6762600">
    <ele>419.7</ele>
   </trkpt>
   <trkpt lat="59.9949210" lon="10.6762720">
    <ele>419.8</ele>
   </trkpt>
   <trkpt lat="59.9949110" lon="10.6762810">
    <ele>420.0</ele>
   </trkpt>
   <trkpt lat="59.9948880" lon="10.6763000">
    <ele>420.3</ele>
   </trkpt>
   <trkpt lat="59.9948560" lon="10.6763240">
    <ele>420.8</ele>
   </trkpt>
   <trkpt lat="59.9948260" lon="10.6763430">
    <ele>421.2</ele>
   </trkpt>
   <trkpt lat="59.9947660" lon="10.6763810">
    <ele>421.8</ele>
   </trkpt>
   <trkpt lat="59.9947590" lon="10.6763860">
    <ele>421.8</ele>
   </trkpt>
   <trkpt lat="59.9947660" lon="10.6763730">
    <ele>421.8</ele>
   </trkpt>
   <trkpt lat="59.9947430" lon="10.6764230">
    <ele>421.8</ele>
   </trkpt>
   <trkpt lat="59.9947010" lon="10.6764920">
    <ele>421.9</ele>
   </trkpt>
   <trkpt lat="59.9946920" lon="10.6765050">
    <ele>422.0</ele>
   </trkpt>
   <trkpt lat="59.9946830" lon="10.6765230">
    <ele>422.0</ele>
   </trkpt>
   <trkpt lat="59.9946730" lon="10.6765390">
    <ele>422.1</ele>
   </trkpt>
   <trkpt lat="59.9946610" lon="10.6765510">
    <ele>422.2</ele>
   </trkpt>
   <trkpt lat="59.9946340" lon="10.6765710">
    <ele>422.4</ele>
   </trkpt>
   <trkpt lat="59.9946190" lon="10.6765720">
    <ele>422.5</ele>
   </trkpt>
   <trkpt lat="59.9946060" lon="10.6765810">
    <ele>422.7</ele>
   </trkpt>
   <trkpt lat="59.9945950" lon="10.6765940">
    <ele>422.8</ele>
   </trkpt>
   <trkpt lat="59.9945670" lon="10.6765900">
    <ele>423.0</ele>
   </trkpt>
   <trkpt lat="59.9945270" lon="10.6765860">
    <ele>423.4</ele>
   </trkpt>
   <trkpt lat="59.9945130" lon="10.6765930">
    <ele>423.6</ele>
   </trkpt>
   <trkpt lat="59.9944690" lon="10.6766070">
    <ele>424.2</ele>
   </trkpt>
   <trkpt lat="59.9944300" lon="10.6766130">
    <ele>424.7</ele>
   </trkpt>
   <trkpt lat="59.9943240" lon="10.6766550">
    <ele>426.4</ele>
   </trkpt>
   <trkpt lat="59.9941190" lon="10.6766290">
    <ele>428.8</ele>
   </trkpt>
   <trkpt lat="59.9939850" lon="10.6767580">
    <ele>430.0</ele>
   </trkpt>
   <trkpt lat="59.9938630" lon="10.6768900">
    <ele>430.8</ele>
   </trkpt>
   <trkpt lat="59.9937500" lon="10.6770550">
    <ele>431.4</ele>
   </trkpt>
   <trkpt lat="59.9936100" lon="10.6771940">
    <ele>431.8</ele>
   </trkpt>
   <trkpt lat="59.9934620" lon="10.6773030">
    <ele>432.0</ele>
   </trkpt>
   <trkpt lat="59.9933070" lon="10.6773860">
    <ele>432.4</ele>
   </trkpt>
   <trkpt lat="59.9931720" lon="10.6774730">
    <ele>433.0</ele>
   </trkpt>
   <trkpt lat="59.9930260" lon="10.6775650">
    <ele>433.6</ele>
   </trkpt>
   <trkpt lat="59.9928630" lon="10.6776450">
    <ele>433.8</ele>
   </trkpt>
   <trkpt lat="59.9927290" lon="10.6777550">
    <ele>433.7</ele>
   </trkpt>
   <trkpt lat="59.9925870" lon="10.6779950">
    <ele>433.2</ele>
   </trkpt>
   <trkpt lat="59.9924820" lon="10.6782640">
    <ele>432.6</ele>
   </trkpt>
   <trkpt lat="59.9923960" lon="10.6784320">
    <ele>432.4</ele>
   </trkpt>
   <trkpt lat="59.9922400" lon="10.6785270">
    <ele>432.4</ele>
   </trkpt>
   <trkpt lat="59.9921070" lon="10.6786380">
    <ele>432.7</ele>
   </trkpt>
   <trkpt lat="59.9919560" lon="10.6787180">
    <ele>433.4</ele>
   </trkpt>
   <trkpt lat="59.9918250" lon="10.6787600">
    <ele>434.5</ele>
   </trkpt>
   <trkpt lat="59.9917130" lon="10.6787840">
    <ele>435.8</ele>
   </trkpt>
   <trkpt lat="59.9916810" lon="10.6787770">
    <ele>436.3</ele>
   </trkpt>
   <trkpt lat="59.9916170" lon="10.6787960">
    <ele>437.2</ele>
   </trkpt>
   <trkpt lat="59.9915000" lon="10.6788420">
    <ele>438.8</ele>
   </trkpt>
   <trkpt lat="59.9913700" lon="10.6789340">
    <ele>440.4</ele>
   </trkpt>
   <trkpt lat="59.9912650" lon="10.6789690">
    <ele>441.3</ele>
   </trkpt>
   <trkpt lat="59.9911460" lon="10.6790490">
    <ele>442.2</ele>
   </trkpt>
   <trkpt lat="59.9910110" lon="10.6791090">
    <ele>443.0</ele>
   </trkpt>
   <trkpt lat="59.9908890" lon="10.6791540">
    <ele>443.8</ele>
   </trkpt>
   <trkpt lat="59.9907620" lon="10.6792180">
    <ele>444.8</ele>
   </trkpt>
   <trkpt lat="59.9906420" lon="10.6792650">
    <ele>445.7</ele>
   </trkpt>
   <trkpt lat="59.9905030" lon="10.6793340">
    <ele>446.4</ele>
   </trkpt>
   <trkpt lat="59.9903860" lon="10.6794040">
    <ele>446.7</ele>
   </trkpt>
   <trkpt lat="59.9902700" lon="10.6794750">
    <ele>446.8</ele>
   </trkpt>
   <trkpt lat="59.9901380" lon="10.6794670">
    <ele>447.2</ele>
   </trkpt>
   <trkpt lat="59.9899870" lon="10.6795000">
    <ele>448.3</ele>
   </trkpt>
   <trkpt lat="59.9898350" lon="10.6794510">
    <ele>449.5</ele>
   </trkpt>
   <trkpt lat="59.9897100" lon="10.6793650">
    <ele>450.0</ele>
   </trkpt>
   <trkpt lat="59.9895400" lon="10.6793040">
    <ele>450.5</ele>
   </trkpt>
   <trkpt lat="59.9894090" lon="10.6792870">
    <ele>451.2</ele>
   </trkpt>
   <trkpt lat="59.9893250" lon="10.6792370">
    <ele>452.2</ele>
   </trkpt>
   <trkpt lat="59.9892350" lon="10.6791390">
    <ele>453.8</ele>
   </trkpt>
   <trkpt lat="59.9891150" lon="10.6791180">
    <ele>455.8</ele>
   </trkpt>
   <trkpt lat="59.9889670" lon="10.6791390">
    <ele>457.5</ele>
   </trkpt>
   <trkpt lat="59.9888550" lon="10.6791900">
    <ele>458.5</ele>
   </trkpt>
   <trkpt lat="59.9887180" lon="10.6792750">
    <ele>459.7</ele>
   </trkpt>
   <trkpt lat="59.9885880" lon="10.6793070">
    <ele>460.1</ele>
   </trkpt>
   <trkpt lat="59.9884270" lon="10.6793490">
    <ele>459.9</ele>
   </trkpt>
   <trkpt lat="59.9882920" lon="10.6794560">
    <ele>459.6</ele>
   </trkpt>
   <trkpt lat="59.9881730" lon="10.6796200">
    <ele>459.8</ele>
   </trkpt>
   <trkpt lat="59.9880620" lon="10.6797120">
    <ele>460.3</ele>
   </trkpt>
   <trkpt lat="59.9879360" lon="10.6798030">
    <ele>460.8</ele>
   </trkpt>
   <trkpt lat="59.9877920" lon="10.6799240">
    <ele>461.4</ele>
   </trkpt>
   <trkpt lat="59.9876840" lon="10.6799710">
    <ele>461.7</ele>
   </trkpt>
   <trkpt lat="59.9875290" lon="10.6800790">
    <ele>461.7</ele>
   </trkpt>
   <trkpt lat="59.9873640" lon="10.6802240">
    <ele>461.5</ele>
   </trkpt>
   <trkpt lat="59.9872230" lon="10.6803680">
    <ele>461.3</ele>
   </trkpt>
   <trkpt lat="59.9870890" lon="10.6805080">
    <ele>461.6</ele>
   </trkpt>
   <trkpt lat="59.9869920" lon="10.6805960">
    <ele>462.5</ele>
   </trkpt>
   <trkpt lat="59.9868870" lon="10.6807310">
    <ele>464.2</ele>
   </trkpt>
   <trkpt lat="59.9867930" lon="10.6807980">
    <ele>465.6</ele>
   </trkpt>
   <trkpt lat="59.9866790" lon="10.6807690">
    <ele>467.2</ele>
   </trkpt>
   <trkpt lat="59.9866400" lon="10.6807160">
    <ele>467.9</ele>
   </trkpt>
   <trkpt lat="59.9865810" lon="10.6805800">
    <ele>469.2</ele>
   </trkpt>
   <trkpt lat="59.9865120" lon="10.6804320">
    <ele>470.8</ele>
   </trkpt>
   <trkpt lat="59.9864520" lon="10.6802510">
    <ele>472.6</ele>
   </trkpt>
   <trkpt lat="59.9863940" lon="10.6801050">
    <ele>474.1</ele>
   </trkpt>
   <trkpt lat="59.9863090" lon="10.6799680">
    <ele>475.8</ele>
   </trkpt>
   <trkpt lat="59.9861920" lon="10.6798890">
    <ele>476.9</ele>
   </trkpt>
   <trkpt lat="59.9860570" lon="10.6797600">
    <ele>477.4</ele>
   </trkpt>
   <trkpt lat="59.9859410" lon="10.6795560">
    <ele>477.6</ele>
   </trkpt>
   <trkpt lat="59.9858250" lon="10.6793870">
    <ele>477.8</ele>
   </trkpt>
   <trkpt lat="59.9856910" lon="10.6792480">
    <ele>477.8</ele>
   </trkpt>
   <trkpt lat="59.9855490" lon="10.6791470">
    <ele>477.7</ele>
   </trkpt>
   <trkpt lat="59.9853990" lon="10.6790430">
    <ele>477.5</ele>
   </trkpt>
   <trkpt lat="59.9852450" lon="10.6788760">
    <ele>477.0</ele>
   </trkpt>
   <trkpt lat="59.9850800" lon="10.6787730">
    <ele>476.6</ele>
   </trkpt>
   <trkpt lat="59.9849490" lon="10.6786200">
    <ele>476.5</ele>
   </trkpt>
   <trkpt lat="59.9847970" lon="10.6785740">
    <ele>476.6</ele>
   </trkpt>
   <trkpt lat="59.9846370" lon="10.6785770">
    <ele>476.8</ele>
   </trkpt>
   <trkpt lat="59.9844740" lon="10.6786300">
    <ele>476.8</ele>
   </trkpt>
   <trkpt lat="59.9843050" lon="10.6786530">
    <ele>476.8</ele>
   </trkpt>
   <trkpt lat="59.9841440" lon="10.6786320">
    <ele>476.5</ele>
   </trkpt>
   <trkpt lat="59.9840110" lon="10.6785530">
    <ele>476.2</ele>
   </trkpt>
   <trkpt lat="59.9838340" lon="10.6784400">
    <ele>476.1</ele>
   </trkpt>
   <trkpt lat="59.9836780" lon="10.6783200">
    <ele>476.0</ele>
   </trkpt>
   <trkpt lat="59.9835180" lon="10.6782200">
    <ele>475.8</ele>
   </trkpt>
   <trkpt lat="59.9833770" lon="10.6781220">
    <ele>475.8</ele>
   </trkpt>
   <trkpt lat="59.9832170" lon="10.6780470">
    <ele>475.8</ele>
   </trkpt>
   <trkpt lat="59.9830840" lon="10.6780470">
    <ele>475.6</ele>
   </trkpt>
   <trkpt lat="59.9830050" lon="10.6781040">
    <ele>474.9</ele>
   </trkpt>
   <trkpt lat="59.9828990" lon="10.6782160">
    <ele>473.5</ele>
   </trkpt>
   <trkpt lat="59.9827920" lon="10.6782640">
    <ele>472.2</ele>
   </trkpt>
   <trkpt lat="59.9826490" lon="10.6782950">
    <ele>470.6</ele>
   </trkpt>
   <trkpt lat="59.9825140" lon="10.6783320">
    <ele>469.8</ele>
   </trkpt>
   <trkpt lat="59.9824010" lon="10.6783840">
    <ele>469.5</ele>
   </trkpt>
   <trkpt lat="59.9822580" lon="10.6783710">
    <ele>469.2</ele>
   </trkpt>
   <trkpt lat="59.9820780" lon="10.6784500">
    <ele>468.8</ele>
   </trkpt>
   <trkpt lat="59.9819050" lon="10.6785530">
    <ele>468.5</ele>
   </trkpt>
   <trkpt lat="59.9817840" lon="10.6787440">
    <ele>468.1</ele>
   </trkpt>
   <trkpt lat="59.9816590" lon="10.6790060">
    <ele>467.6</ele>
   </trkpt>
   <trkpt lat="59.9815620" lon="10.6792810">
    <ele>466.9</ele>
   </trkpt>
   <trkpt lat="59.9813960" lon="10.6795280">
    <ele>465.6</ele>
   </trkpt>
   <trkpt lat="59.9812150" lon="10.6796750">
    <ele>464.4</ele>
   </trkpt>
   <trkpt lat="59.9810900" lon="10.6797780">
    <ele>463.1</ele>
   </trkpt>
   <trkpt lat="59.9810260" lon="10.6798320">
    <ele>462.1</ele>
   </trkpt>
   <trkpt lat="59.9809810" lon="10.6798710">
    <ele>461.3</ele>
   </trkpt>
   <trkpt lat="59.9808950" lon="10.6799760">
    <ele>459.4</ele>
   </trkpt>
   <trkpt lat="59.9807970" lon="10.6801240">
    <ele>457.1</ele>
   </trkpt>
   <trkpt lat="59.9807410" lon="10.6801900">
    <ele>455.8</ele>
   </trkpt>
   <trkpt lat="59.9806860" lon="10.6802670">
    <ele>454.6</ele>
   </trkpt>
   <trkpt lat="59.9806100" lon="10.6802820">
    <ele>453.3</ele>
   </trkpt>
   <trkpt lat="59.9804940" lon="10.6803570">
    <ele>451.7</ele>
   </trkpt>
   <trkpt lat="59.9803920" lon="10.6803950">
    <ele>450.8</ele>
   </trkpt>
   <trkpt lat="59.9804060" lon="10.6803350">
    <ele>450.6</ele>
   </trkpt>
   <trkpt lat="59.9801300" lon="10.6804090">
    <ele>448.7</ele>
   </trkpt>
   <trkpt lat="59.9799070" lon="10.6804840">
    <ele>446.4</ele>
   </trkpt>
   <trkpt lat="59.9797120" lon="10.6805020">
    <ele>443.7</ele>
   </trkpt>
   <trkpt lat="59.9795050" lon="10.6804110">
    <ele>441.3</ele>
   </trkpt>
   <trkpt lat="59.9792940" lon="10.6803360">
    <ele>439.8</ele>
   </trkpt>
   <trkpt lat="59.9791020" lon="10.6804020">
    <ele>438.3</ele>
   </trkpt>
   <trkpt lat="59.9789260" lon="10.6804890">
    <ele>436.6</ele>
   </trkpt>
   <trkpt lat="59.9787120" lon="10.6804600">
    <ele>433.9</ele>
   </trkpt>
   <trkpt lat="59.9785010" lon="10.6804210">
    <ele>432.7</ele>
   </trkpt>
   <trkpt lat="59.9783200" lon="10.6804500">
    <ele>432.0</ele>
   </trkpt>
   <trkpt lat="59.9781520" lon="10.6804760">
    <ele>431.0</ele>
   </trkpt>
   <trkpt lat="59.9779700" lon="10.6804790">
    <ele>430.0</ele>
   </trkpt>
   <trkpt lat="59.9778480" lon="10.6804930">
    <ele>428.9</ele>
   </trkpt>
   <trkpt lat="59.9776850" lon="10.6804810">
    <ele>426.7</ele>
   </trkpt>
   <trkpt lat="59.9775070" lon="10.6804120">
    <ele>424.3</ele>
   </trkpt>
   <trkpt lat="59.9773960" lon="10.6802890">
    <ele>423.1</ele>
   </trkpt>
   <trkpt lat="59.9773100" lon="10.6799860">
    <ele>422.5</ele>
   </trkpt>
   <trkpt lat="59.9772850" lon="10.6796530">
    <ele>422.2</ele>
   </trkpt>
   <trkpt lat="59.9772830" lon="10.6793420">
    <ele>422.6</ele>
   </trkpt>
   <trkpt lat="59.9772900" lon="10.6790340">
    <ele>423.5</ele>
   </trkpt>
   <trkpt lat="59.9772670" lon="10.6787430">
    <ele>424.7</ele>
   </trkpt>
   <trkpt lat="59.9772170" lon="10.6784980">
    <ele>425.6</ele>
   </trkpt>
   <trkpt lat="59.9772000" lon="10.6783720">
    <ele>426.1</ele>
   </trkpt>
   <trkpt lat="59.9771810" lon="10.6781700">
    <ele>426.8</ele>
   </trkpt>
   <trkpt lat="59.9771820" lon="10.6779380">
    <ele>427.2</ele>
   </trkpt>
   <trkpt lat="59.9771640" lon="10.6778510">
    <ele>427.4</ele>
   </trkpt>
   <trkpt lat="59.9771500" lon="10.6778660">
    <ele>427.5</ele>
   </trkpt>
   <trkpt lat="59.9771530" lon="10.6778660">
    <ele>427.5</ele>
   </trkpt>
  </trkseg>
 </trk>
</gpx>
